"data_lote","batch_id","marca","modelo","tipo_documento","fonte","consulta","titulo","url","idioma","acesso","status","score","observacao"
"2026-07-01T10:36:58","usuario_zip_valtra_20260701","VALTRA","_GERAL_VALTRA","catalogo_pecas","ZIP usuario - Scribd/oficial informado","arquivo enviado pelo usuario","MANUAL E CATALOGO DE PEÇAS COM COMPONENTES ELÉTRICOS E SENSORES DO SISTEMA HIDRÁULICO DE UMA SÉRIE T CVT.pdf","zip://TRATORES AGRICOLAS VALTRA 2-20260701T123625Z-3-001.zip!/TRATORES AGRICOLAS VALTRA 2/MANUAL E CATALOGO DE PEÇAS COM COMPONENTES ELÉTRICOS E SENSORES DO SISTEMA HIDRÁULICO DE UMA SÉRIE T CVT.pdf","PT","arquivo_local_usuario","candidato_por_pasta_usuario","60","Documento geral no nivel raiz do ZIP; mapear por serie antes de copiar para modelos."
"2026-07-01T10:36:58","usuario_zip_valtra_20260701","VALTRA","_GERAL_VALTRA","ficha_tecnica_folheto","ZIP usuario - Scribd/oficial informado","arquivo enviado pelo usuario","FOLHETO DOS TRATORES AGRICOLAS A2R.pdf","zip://TRATORES AGRICOLAS VALTRA 2-20260701T123625Z-3-001.zip!/TRATORES AGRICOLAS VALTRA 2/FOLHETO DOS TRATORES AGRICOLAS A2R.pdf","PT","arquivo_local_usuario","candidato_por_pasta_usuario","60","Documento geral no nivel raiz do ZIP; mapear por serie antes de copiar para modelos."
"2026-07-01T10:36:58","usuario_zip_valtra_20260701","VALTRA","_GERAL_VALTRA","manual_eletrico_hidraulico","ZIP usuario - Scribd/oficial informado","arquivo enviado pelo usuario","MANUAL DE  ELÉTRICA E HIDRÁULICA DOS TRATORES VALTRA A4S, A4 E A4 HITECH, INCLUINDO DIAGNÓSTICO DE FALHAS.pdf","zip://TRATORES AGRICOLAS VALTRA 2-20260701T123625Z-3-001.zip!/TRATORES AGRICOLAS VALTRA 2/MANUAL DE  ELÉTRICA E HIDRÁULICA DOS TRATORES VALTRA A4S, A4 E A4 HITECH, INCLUINDO DIAGNÓSTICO DE FALHAS.pdf","PT","arquivo_local_usuario","candidato_por_pasta_usuario","60","Documento geral no nivel raiz do ZIP; mapear por serie antes de copiar para modelos."
"2026-07-01T10:36:58","usuario_zip_valtra_20260701","VALTRA","_GERAL_VALTRA","manual_eletrico_hidraulico","ZIP usuario - Scribd/oficial informado","arquivo enviado pelo usuario","MANUAL DE CONCEITOS OPERACIONAIS, SISTEMA ELÉTRICO E SISTEMAS HIDRÁULICOS DOS TRATORES VALTRA SERIE100.pdf","zip://TRATORES AGRICOLAS VALTRA 2-20260701T123625Z-3-001.zip!/TRATORES AGRICOLAS VALTRA 2/MANUAL DE CONCEITOS OPERACIONAIS, SISTEMA ELÉTRICO E SISTEMAS HIDRÁULICOS DOS TRATORES VALTRA SERIE100.pdf","PT","arquivo_local_usuario","candidato_por_pasta_usuario","60","Documento geral no nivel raiz do ZIP; mapear por serie antes de copiar para modelos."
"2026-07-01T10:36:58","usuario_zip_valtra_20260701","VALTRA","_GERAL_VALTRA","manual_manutencao","ZIP usuario - Scribd/oficial informado","arquivo enviado pelo usuario","MANUTENÇÃO PERIÓDICA TRATORES VALTRA A4 E BH G2.pdf","zip://TRATORES AGRICOLAS VALTRA 2-20260701T123625Z-3-001.zip!/TRATORES AGRICOLAS VALTRA 2/MANUTENÇÃO PERIÓDICA TRATORES VALTRA A4 E BH G2.pdf","PT","arquivo_local_usuario","candidato_por_pasta_usuario","60","Documento geral no nivel raiz do ZIP; mapear por serie antes de copiar para modelos."
"2026-07-01T10:36:58","usuario_zip_valtra_20260701","VALTRA","_GERAL_VALTRA","manual_servico_oficina","ZIP usuario - Scribd/oficial informado","arquivo enviado pelo usuario","MANUAL DE SERVIÇO DOS TRATORES VALTRA A4S A74S A84S A94S.pdf","zip://TRATORES AGRICOLAS VALTRA 2-20260701T123625Z-3-001.zip!/TRATORES AGRICOLAS VALTRA 2/MANUAL DE SERVIÇO DOS TRATORES VALTRA A4S A74S A84S A94S.pdf","PT","arquivo_local_usuario","candidato_por_pasta_usuario","60","Documento geral no nivel raiz do ZIP; mapear por serie antes de copiar para modelos."
"2026-07-01T10:36:58","usuario_zip_valtra_20260701","VALTRA","_GERAL_VALTRA","manual_servico_oficina","ZIP usuario - Scribd/oficial informado","arquivo enviado pelo usuario","MANUAL DE SERVIÇO DOS TRATORES VALTRA A800R-A990R.pdf","zip://TRATORES AGRICOLAS VALTRA 2-20260701T123625Z-3-001.zip!/TRATORES AGRICOLAS VALTRA 2/MANUAL DE SERVIÇO DOS TRATORES VALTRA A800R-A990R.pdf","PT","arquivo_local_usuario","candidato_por_pasta_usuario","60","Documento geral no nivel raiz do ZIP; mapear por serie antes de copiar para modelos."
"2026-07-01T10:36:58","usuario_zip_valtra_20260701","VALTRA","_GERAL_VALTRA","manual_servico_oficina","ZIP usuario - Scribd/oficial informado","arquivo enviado pelo usuario","MANUAL DE SERVIÇO DOS TRATORES VALTRA S3.pdf","zip://TRATORES AGRICOLAS VALTRA 2-20260701T123625Z-3-001.zip!/TRATORES AGRICOLAS VALTRA 2/MANUAL DE SERVIÇO DOS TRATORES VALTRA S3.pdf","PT","arquivo_local_usuario","candidato_por_pasta_usuario","60","Documento geral no nivel raiz do ZIP; mapear por serie antes de copiar para modelos."
"2026-07-01T10:36:58","usuario_zip_valtra_20260701","VALTRA","_GERAL_VALTRA","manual_servico_oficina","ZIP usuario - Scribd/oficial informado","arquivo enviado pelo usuario","MANUAL DE SERVIÇO DOS TRATORES VALTRA T CVT.pdf","zip://TRATORES AGRICOLAS VALTRA 2-20260701T123625Z-3-001.zip!/TRATORES AGRICOLAS VALTRA 2/MANUAL DE SERVIÇO DOS TRATORES VALTRA T CVT.pdf","PT","arquivo_local_usuario","candidato_por_pasta_usuario","60","Documento geral no nivel raiz do ZIP; mapear por serie antes de copiar para modelos."
"2026-07-01T10:36:58","usuario_zip_valtra_20260701","VALTRA","A125 HiTech","catalogo_pecas","ZIP usuario - Scribd/oficial informado","arquivo enviado pelo usuario","CATALOGO DE PEÇAS DOS TRATORES VALTRA-VALMET.pdf","zip://TRATORES AGRICOLAS VALTRA 2-20260701T123625Z-3-001.zip!/TRATORES AGRICOLAS VALTRA 2/A125 HiTech/CATALOGO DE PEÇAS DOS TRATORES VALTRA-VALMET.pdf","PT","arquivo_local_usuario","candidato_por_pasta_usuario","90","Documento estava dentro da pasta do modelo no ZIP do usuario."
"2026-07-01T10:36:58","usuario_zip_valtra_20260701","VALTRA","A125 HiTech","ficha_tecnica_folheto","ZIP usuario - Scribd/oficial informado","arquivo enviado pelo usuario","FOLHETO DOS TRATORES AGRICOLAS A5 HITECH.pdf","zip://TRATORES AGRICOLAS VALTRA 2-20260701T123625Z-3-001.zip!/TRATORES AGRICOLAS VALTRA 2/A125 HiTech/FOLHETO DOS TRATORES AGRICOLAS A5 HITECH.pdf","PT","arquivo_local_usuario","candidato_por_pasta_usuario","90","Documento estava dentro da pasta do modelo no ZIP do usuario."
"2026-07-01T10:36:58","usuario_zip_valtra_20260701","VALTRA","A134H","catalogo_pecas","ZIP usuario - Scribd/oficial informado","arquivo enviado pelo usuario","CATALOGO DE PEÇAS DOS TRATORES VALTRA-VALMET.pdf","zip://TRATORES AGRICOLAS VALTRA 2-20260701T123625Z-3-001.zip!/TRATORES AGRICOLAS VALTRA 2/A134H/CATALOGO DE PEÇAS DOS TRATORES VALTRA-VALMET.pdf","PT","arquivo_local_usuario","candidato_por_pasta_usuario","90","Documento estava dentro da pasta do modelo no ZIP do usuario."
"2026-07-01T10:36:58","usuario_zip_valtra_20260701","VALTRA","A134H","ficha_tecnica_folheto","ZIP usuario - Scribd/oficial informado","arquivo enviado pelo usuario","FOLHETO DOS TRATORES AGRICOLAS A4 HITECH.pdf","zip://TRATORES AGRICOLAS VALTRA 2-20260701T123625Z-3-001.zip!/TRATORES AGRICOLAS VALTRA 2/A134H/FOLHETO DOS TRATORES AGRICOLAS A4 HITECH.pdf","PT","arquivo_local_usuario","candidato_por_pasta_usuario","90","Documento estava dentro da pasta do modelo no ZIP do usuario."
"2026-07-01T10:36:58","usuario_zip_valtra_20260701","VALTRA","A134H","manual_operador","ZIP usuario - Scribd/oficial informado","arquivo enviado pelo usuario","MANUAL COM INSTRUÇÕES SOBRE OPERAÇÃO, MANUTENÇÃO E SEGURANÇA PARA TRATORES VALTRA.pdf","zip://TRATORES AGRICOLAS VALTRA 2-20260701T123625Z-3-001.zip!/TRATORES AGRICOLAS VALTRA 2/A134H/MANUAL COM INSTRUÇÕES SOBRE OPERAÇÃO, MANUTENÇÃO E SEGURANÇA PARA TRATORES VALTRA.pdf","PT","arquivo_local_usuario","candidato_por_pasta_usuario","90","Documento estava dentro da pasta do modelo no ZIP do usuario."
"2026-07-01T10:36:58","usuario_zip_valtra_20260701","VALTRA","A135","catalogo_pecas","ZIP usuario - Scribd/oficial informado","arquivo enviado pelo usuario","CATALOGO DE PEÇAS DOS TRATORES VALTRA-VALMET.pdf","zip://TRATORES AGRICOLAS VALTRA 2-20260701T123625Z-3-001.zip!/TRATORES AGRICOLAS VALTRA 2/A135/CATALOGO DE PEÇAS DOS TRATORES VALTRA-VALMET.pdf","PT","arquivo_local_usuario","candidato_por_pasta_usuario","90","Documento estava dentro da pasta do modelo no ZIP do usuario."
"2026-07-01T10:36:58","usuario_zip_valtra_20260701","VALTRA","A135","ficha_tecnica_folheto","ZIP usuario - Scribd/oficial informado","arquivo enviado pelo usuario","FOLHETO DOS TRATORES AGRICOLAS A5.pdf","zip://TRATORES AGRICOLAS VALTRA 2-20260701T123625Z-3-001.zip!/TRATORES AGRICOLAS VALTRA 2/A135/FOLHETO DOS TRATORES AGRICOLAS A5.pdf","PT","arquivo_local_usuario","candidato_por_pasta_usuario","90","Documento estava dentro da pasta do modelo no ZIP do usuario."
"2026-07-01T10:36:58","usuario_zip_valtra_20260701","VALTRA","A135","manual_operador","ZIP usuario - Scribd/oficial informado","arquivo enviado pelo usuario","MANUAL COM INSTRUÇÕES SOBRE OPERAÇÃO, MANUTENÇÃO E SEGURANÇA PARA TRATORES VALTRA.pdf","zip://TRATORES AGRICOLAS VALTRA 2-20260701T123625Z-3-001.zip!/TRATORES AGRICOLAS VALTRA 2/A135/MANUAL COM INSTRUÇÕES SOBRE OPERAÇÃO, MANUTENÇÃO E SEGURANÇA PARA TRATORES VALTRA.pdf","PT","arquivo_local_usuario","candidato_por_pasta_usuario","90","Documento estava dentro da pasta do modelo no ZIP do usuario."
"2026-07-01T10:36:58","usuario_zip_valtra_20260701","VALTRA","A135 HiTech","catalogo_pecas","ZIP usuario - Scribd/oficial informado","arquivo enviado pelo usuario","CATALOGO DE PEÇAS DOS TRATORES VALTRA-VALMET.pdf","zip://TRATORES AGRICOLAS VALTRA 2-20260701T123625Z-3-001.zip!/TRATORES AGRICOLAS VALTRA 2/A135 HiTech/CATALOGO DE PEÇAS DOS TRATORES VALTRA-VALMET.pdf","PT","arquivo_local_usuario","candidato_por_pasta_usuario","90","Documento estava dentro da pasta do modelo no ZIP do usuario."
"2026-07-01T10:36:58","usuario_zip_valtra_20260701","VALTRA","A135 HiTech","ficha_tecnica_folheto","ZIP usuario - Scribd/oficial informado","arquivo enviado pelo usuario","FOLHETO DOS TRATORES AGRICOLAS A5 HITECH.pdf","zip://TRATORES AGRICOLAS VALTRA 2-20260701T123625Z-3-001.zip!/TRATORES AGRICOLAS VALTRA 2/A135 HiTech/FOLHETO DOS TRATORES AGRICOLAS A5 HITECH.pdf","PT","arquivo_local_usuario","candidato_por_pasta_usuario","90","Documento estava dentro da pasta do modelo no ZIP do usuario."
"2026-07-01T10:36:58","usuario_zip_valtra_20260701","VALTRA","A135 HiTech","manual_operador","ZIP usuario - Scribd/oficial informado","arquivo enviado pelo usuario","MANUAL COM INSTRUÇÕES SOBRE OPERAÇÃO, MANUTENÇÃO E SEGURANÇA PARA TRATORES VALTRA.pdf","zip://TRATORES AGRICOLAS VALTRA 2-20260701T123625Z-3-001.zip!/TRATORES AGRICOLAS VALTRA 2/A135 HiTech/MANUAL COM INSTRUÇÕES SOBRE OPERAÇÃO, MANUTENÇÃO E SEGURANÇA PARA TRATORES VALTRA.pdf","PT","arquivo_local_usuario","candidato_por_pasta_usuario","90","Documento estava dentro da pasta do modelo no ZIP do usuario."
"2026-07-01T10:36:58","usuario_zip_valtra_20260701","VALTRA","A144","catalogo_pecas","ZIP usuario - Scribd/oficial informado","arquivo enviado pelo usuario","CATALOGO DE PEÇAS DOS TRATORES VALTRA-VALMET.pdf","zip://TRATORES AGRICOLAS VALTRA 2-20260701T123625Z-3-001.zip!/TRATORES AGRICOLAS VALTRA 2/A144/CATALOGO DE PEÇAS DOS TRATORES VALTRA-VALMET.pdf","PT","arquivo_local_usuario","candidato_por_pasta_usuario","90","Documento estava dentro da pasta do modelo no ZIP do usuario."
"2026-07-01T10:36:58","usuario_zip_valtra_20260701","VALTRA","A144","ficha_tecnica_folheto","ZIP usuario - Scribd/oficial informado","arquivo enviado pelo usuario","FOLHETO COM  INFORMAÇÕES SOBRE ECONOMIA DE COMBUSTÍVEL, CONFORTO, VERSATILIDADE E TECNOLOGIA AVANÇADA DE TODOS TRATORES VALTRA..pdf","zip://TRATORES AGRICOLAS VALTRA 2-20260701T123625Z-3-001.zip!/TRATORES AGRICOLAS VALTRA 2/A144/FOLHETO COM  INFORMAÇÕES SOBRE ECONOMIA DE COMBUSTÍVEL, CONFORTO, VERSATILIDADE E TECNOLOGIA AVANÇADA DE TODOS TRATORES VALTRA..pdf","PT","arquivo_local_usuario","candidato_por_pasta_usuario","90","Documento estava dentro da pasta do modelo no ZIP do usuario."
"2026-07-01T10:36:58","usuario_zip_valtra_20260701","VALTRA","A144","ficha_tecnica_folheto","ZIP usuario - Scribd/oficial informado","arquivo enviado pelo usuario","FOLHETO DOS TRATORES AGRICOLAS A4.pdf","zip://TRATORES AGRICOLAS VALTRA 2-20260701T123625Z-3-001.zip!/TRATORES AGRICOLAS VALTRA 2/A144/FOLHETO DOS TRATORES AGRICOLAS A4.pdf","PT","arquivo_local_usuario","candidato_por_pasta_usuario","90","Documento estava dentro da pasta do modelo no ZIP do usuario."
"2026-07-01T10:36:58","usuario_zip_valtra_20260701","VALTRA","A144","manual_operador","ZIP usuario - Scribd/oficial informado","arquivo enviado pelo usuario","MANUAL COM INSTRUÇÕES SOBRE OPERAÇÃO, MANUTENÇÃO E SEGURANÇA PARA TRATORES VALTRA.pdf","zip://TRATORES AGRICOLAS VALTRA 2-20260701T123625Z-3-001.zip!/TRATORES AGRICOLAS VALTRA 2/A144/MANUAL COM INSTRUÇÕES SOBRE OPERAÇÃO, MANUTENÇÃO E SEGURANÇA PARA TRATORES VALTRA.pdf","PT","arquivo_local_usuario","candidato_por_pasta_usuario","90","Documento estava dentro da pasta do modelo no ZIP do usuario."
"2026-07-01T10:36:58","usuario_zip_valtra_20260701","VALTRA","A144L","catalogo_pecas","ZIP usuario - Scribd/oficial informado","arquivo enviado pelo usuario","CATALOGO DE PEÇAS DOS TRATORES VALTRA-VALMET.pdf","zip://TRATORES AGRICOLAS VALTRA 2-20260701T123625Z-3-001.zip!/TRATORES AGRICOLAS VALTRA 2/A144L/CATALOGO DE PEÇAS DOS TRATORES VALTRA-VALMET.pdf","PT","arquivo_local_usuario","candidato_por_pasta_usuario","90","Documento estava dentro da pasta do modelo no ZIP do usuario."
"2026-07-01T10:36:58","usuario_zip_valtra_20260701","VALTRA","A144L","manual_operador","ZIP usuario - Scribd/oficial informado","arquivo enviado pelo usuario","MANUAL COM INSTRUÇÕES SOBRE OPERAÇÃO, MANUTENÇÃO E SEGURANÇA PARA TRATORES VALTRA.pdf","zip://TRATORES AGRICOLAS VALTRA 2-20260701T123625Z-3-001.zip!/TRATORES AGRICOLAS VALTRA 2/A144L/MANUAL COM INSTRUÇÕES SOBRE OPERAÇÃO, MANUTENÇÃO E SEGURANÇA PARA TRATORES VALTRA.pdf","PT","arquivo_local_usuario","candidato_por_pasta_usuario","90","Documento estava dentro da pasta do modelo no ZIP do usuario."
"2026-07-01T10:36:58","usuario_zip_valtra_20260701","VALTRA","A144LC","catalogo_pecas","ZIP usuario - Scribd/oficial informado","arquivo enviado pelo usuario","CATALOGO DE PEÇAS DOS TRATORES VALTRA-VALMET.pdf","zip://TRATORES AGRICOLAS VALTRA 2-20260701T123625Z-3-001.zip!/TRATORES AGRICOLAS VALTRA 2/A144LC/CATALOGO DE PEÇAS DOS TRATORES VALTRA-VALMET.pdf","PT","arquivo_local_usuario","candidato_por_pasta_usuario","90","Documento estava dentro da pasta do modelo no ZIP do usuario."
"2026-07-01T10:36:58","usuario_zip_valtra_20260701","VALTRA","A144LC","manual_complementar","ZIP usuario - Scribd/oficial informado","arquivo enviado pelo usuario","MANUAL COM INSTRUÇÕES PARA TRATORES VALTRA.pdf","zip://TRATORES AGRICOLAS VALTRA 2-20260701T123625Z-3-001.zip!/TRATORES AGRICOLAS VALTRA 2/A144LC/MANUAL COM INSTRUÇÕES PARA TRATORES VALTRA.pdf","PT","arquivo_local_usuario","candidato_por_pasta_usuario","90","Documento estava dentro da pasta do modelo no ZIP do usuario."
"2026-07-01T10:36:58","usuario_zip_valtra_20260701","VALTRA","A144LC","manual_operador","ZIP usuario - Scribd/oficial informado","arquivo enviado pelo usuario","MANUAL COM INSTRUÇÕES SOBRE OPERAÇÃO, MANUTENÇÃO E SEGURANÇA PARA TRATORES VALTRA.pdf","zip://TRATORES AGRICOLAS VALTRA 2-20260701T123625Z-3-001.zip!/TRATORES AGRICOLAS VALTRA 2/A144LC/MANUAL COM INSTRUÇÕES SOBRE OPERAÇÃO, MANUTENÇÃO E SEGURANÇA PARA TRATORES VALTRA.pdf","PT","arquivo_local_usuario","candidato_por_pasta_usuario","90","Documento estava dentro da pasta do modelo no ZIP do usuario."
"2026-07-01T10:36:58","usuario_zip_valtra_20260701","VALTRA","A145","catalogo_pecas","ZIP usuario - Scribd/oficial informado","arquivo enviado pelo usuario","CATALOGO DE PEÇAS DOS TRATORES VALTRA-VALMET.pdf","zip://TRATORES AGRICOLAS VALTRA 2-20260701T123625Z-3-001.zip!/TRATORES AGRICOLAS VALTRA 2/A145/CATALOGO DE PEÇAS DOS TRATORES VALTRA-VALMET.pdf","PT","arquivo_local_usuario","candidato_por_pasta_usuario","90","Documento estava dentro da pasta do modelo no ZIP do usuario."
"2026-07-01T10:36:58","usuario_zip_valtra_20260701","VALTRA","A145","ficha_tecnica_folheto","ZIP usuario - Scribd/oficial informado","arquivo enviado pelo usuario","FOLHETO DOS TRATORES AGRICOLAS A5.pdf","zip://TRATORES AGRICOLAS VALTRA 2-20260701T123625Z-3-001.zip!/TRATORES AGRICOLAS VALTRA 2/A145/FOLHETO DOS TRATORES AGRICOLAS A5.pdf","PT","arquivo_local_usuario","candidato_por_pasta_usuario","90","Documento estava dentro da pasta do modelo no ZIP do usuario."
"2026-07-01T10:36:58","usuario_zip_valtra_20260701","VALTRA","A145","manual_operador","ZIP usuario - Scribd/oficial informado","arquivo enviado pelo usuario","MANUAL COM INSTRUÇÕES SOBRE OPERAÇÃO, MANUTENÇÃO E SEGURANÇA PARA TRATORES VALTRA.pdf","zip://TRATORES AGRICOLAS VALTRA 2-20260701T123625Z-3-001.zip!/TRATORES AGRICOLAS VALTRA 2/A145/MANUAL COM INSTRUÇÕES SOBRE OPERAÇÃO, MANUTENÇÃO E SEGURANÇA PARA TRATORES VALTRA.pdf","PT","arquivo_local_usuario","candidato_por_pasta_usuario","90","Documento estava dentro da pasta do modelo no ZIP do usuario."
"2026-07-01T10:36:58","usuario_zip_valtra_20260701","VALTRA","A145 HiTech","catalogo_pecas","ZIP usuario - Scribd/oficial informado","arquivo enviado pelo usuario","CATALOGO DE PEÇAS DOS TRATORES VALTRA-VALMET.pdf","zip://TRATORES AGRICOLAS VALTRA 2-20260701T123625Z-3-001.zip!/TRATORES AGRICOLAS VALTRA 2/A145 HiTech/CATALOGO DE PEÇAS DOS TRATORES VALTRA-VALMET.pdf","PT","arquivo_local_usuario","candidato_por_pasta_usuario","90","Documento estava dentro da pasta do modelo no ZIP do usuario."
"2026-07-01T10:36:58","usuario_zip_valtra_20260701","VALTRA","A145 HiTech","ficha_tecnica_folheto","ZIP usuario - Scribd/oficial informado","arquivo enviado pelo usuario","FOLHETO DOS TRATORES AGRICOLAS A5 HITECH.pdf","zip://TRATORES AGRICOLAS VALTRA 2-20260701T123625Z-3-001.zip!/TRATORES AGRICOLAS VALTRA 2/A145 HiTech/FOLHETO DOS TRATORES AGRICOLAS A5 HITECH.pdf","PT","arquivo_local_usuario","candidato_por_pasta_usuario","90","Documento estava dentro da pasta do modelo no ZIP do usuario."
"2026-07-01T10:36:58","usuario_zip_valtra_20260701","VALTRA","A145 HiTech","manual_operador","ZIP usuario - Scribd/oficial informado","arquivo enviado pelo usuario","MANUAL COM INSTRUÇÕES SOBRE OPERAÇÃO, MANUTENÇÃO E SEGURANÇA PARA TRATORES VALTRA.pdf","zip://TRATORES AGRICOLAS VALTRA 2-20260701T123625Z-3-001.zip!/TRATORES AGRICOLAS VALTRA 2/A145 HiTech/MANUAL COM INSTRUÇÕES SOBRE OPERAÇÃO, MANUTENÇÃO E SEGURANÇA PARA TRATORES VALTRA.pdf","PT","arquivo_local_usuario","candidato_por_pasta_usuario","90","Documento estava dentro da pasta do modelo no ZIP do usuario."
"2026-07-01T10:36:58","usuario_zip_valtra_20260701","VALTRA","A52s","catalogo_pecas","ZIP usuario - Scribd/oficial informado","arquivo enviado pelo usuario","CATALOGO DE PEÇAS DOS TRATORES VALTRA-VALMET.pdf","zip://TRATORES AGRICOLAS VALTRA 2-20260701T123625Z-3-001.zip!/TRATORES AGRICOLAS VALTRA 2/A52s/CATALOGO DE PEÇAS DOS TRATORES VALTRA-VALMET.pdf","PT","arquivo_local_usuario","candidato_por_pasta_usuario","90","Documento estava dentro da pasta do modelo no ZIP do usuario."
"2026-07-01T10:36:58","usuario_zip_valtra_20260701","VALTRA","A52s","ficha_tecnica_folheto","ZIP usuario - Scribd/oficial informado","arquivo enviado pelo usuario","FOLHETO DOS TRATORES AGRICOLAS A2s.pdf","zip://TRATORES AGRICOLAS VALTRA 2-20260701T123625Z-3-001.zip!/TRATORES AGRICOLAS VALTRA 2/A52s/FOLHETO DOS TRATORES AGRICOLAS A2s.pdf","PT","arquivo_local_usuario","candidato_por_pasta_usuario","90","Documento estava dentro da pasta do modelo no ZIP do usuario."
"2026-07-01T10:36:58","usuario_zip_valtra_20260701","VALTRA","A52s","manual_operador","ZIP usuario - Scribd/oficial informado","arquivo enviado pelo usuario","MANUAL COM INSTRUÇÕES SOBRE OPERAÇÃO, MANUTENÇÃO E SEGURANÇA PARA TRATORES VALTRA.pdf","zip://TRATORES AGRICOLAS VALTRA 2-20260701T123625Z-3-001.zip!/TRATORES AGRICOLAS VALTRA 2/A52s/MANUAL COM INSTRUÇÕES SOBRE OPERAÇÃO, MANUTENÇÃO E SEGURANÇA PARA TRATORES VALTRA.pdf","PT","arquivo_local_usuario","candidato_por_pasta_usuario","90","Documento estava dentro da pasta do modelo no ZIP do usuario."
"2026-07-01T10:36:58","usuario_zip_valtra_20260701","VALTRA","A550","catalogo_pecas","ZIP usuario - Scribd/oficial informado","arquivo enviado pelo usuario","CATALOGO DE PEÇAS DOS TRATORES VALTRA-VALMET.pdf","zip://TRATORES AGRICOLAS VALTRA 2-20260701T123625Z-3-001.zip!/TRATORES AGRICOLAS VALTRA 2/A550/CATALOGO DE PEÇAS DOS TRATORES VALTRA-VALMET.pdf","PT","arquivo_local_usuario","candidato_por_pasta_usuario","90","Documento estava dentro da pasta do modelo no ZIP do usuario."
"2026-07-01T10:36:58","usuario_zip_valtra_20260701","VALTRA","A550","ficha_tecnica_folheto","ZIP usuario - Scribd/oficial informado","arquivo enviado pelo usuario","FOLHETO COM  INFORMAÇÕES SOBRE ECONOMIA DE COMBUSTÍVEL, CONFORTO, VERSATILIDADE E TECNOLOGIA AVANÇADA DE TODOS TRATORES VALTRA..pdf","zip://TRATORES AGRICOLAS VALTRA 2-20260701T123625Z-3-001.zip!/TRATORES AGRICOLAS VALTRA 2/A550/FOLHETO COM  INFORMAÇÕES SOBRE ECONOMIA DE COMBUSTÍVEL, CONFORTO, VERSATILIDADE E TECNOLOGIA AVANÇADA DE TODOS TRATORES VALTRA..pdf","PT","arquivo_local_usuario","candidato_por_pasta_usuario","90","Documento estava dentro da pasta do modelo no ZIP do usuario."
"2026-07-01T10:36:58","usuario_zip_valtra_20260701","VALTRA","A550","manual_complementar","ZIP usuario - Scribd/oficial informado","arquivo enviado pelo usuario","MANUAL COM INSTRUÇÕES PARA TRATORES VALTRA.pdf","zip://TRATORES AGRICOLAS VALTRA 2-20260701T123625Z-3-001.zip!/TRATORES AGRICOLAS VALTRA 2/A550/MANUAL COM INSTRUÇÕES PARA TRATORES VALTRA.pdf","PT","arquivo_local_usuario","candidato_por_pasta_usuario","90","Documento estava dentro da pasta do modelo no ZIP do usuario."
"2026-07-01T10:36:58","usuario_zip_valtra_20260701","VALTRA","A550","manual_operador","ZIP usuario - Scribd/oficial informado","arquivo enviado pelo usuario","MANUAL COM INSTRUÇÕES SOBRE OPERAÇÃO, MANUTENÇÃO E SEGURANÇA PARA TRATORES VALTRA.pdf","zip://TRATORES AGRICOLAS VALTRA 2-20260701T123625Z-3-001.zip!/TRATORES AGRICOLAS VALTRA 2/A550/MANUAL COM INSTRUÇÕES SOBRE OPERAÇÃO, MANUTENÇÃO E SEGURANÇA PARA TRATORES VALTRA.pdf","PT","arquivo_local_usuario","candidato_por_pasta_usuario","90","Documento estava dentro da pasta do modelo no ZIP do usuario."
"2026-07-01T10:36:58","usuario_zip_valtra_20260701","VALTRA","A62s","catalogo_pecas","ZIP usuario - Scribd/oficial informado","arquivo enviado pelo usuario","CATALOGO DE PEÇAS DOS TRATORES VALTRA-VALMET.pdf","zip://TRATORES AGRICOLAS VALTRA 2-20260701T123625Z-3-001.zip!/TRATORES AGRICOLAS VALTRA 2/A62s/CATALOGO DE PEÇAS DOS TRATORES VALTRA-VALMET.pdf","PT","arquivo_local_usuario","candidato_por_pasta_usuario","90","Documento estava dentro da pasta do modelo no ZIP do usuario."
"2026-07-01T10:36:58","usuario_zip_valtra_20260701","VALTRA","A62s","ficha_tecnica_folheto","ZIP usuario - Scribd/oficial informado","arquivo enviado pelo usuario","FOLHETO DOS TRATORES AGRICOLAS A2s.pdf","zip://TRATORES AGRICOLAS VALTRA 2-20260701T123625Z-3-001.zip!/TRATORES AGRICOLAS VALTRA 2/A62s/FOLHETO DOS TRATORES AGRICOLAS A2s.pdf","PT","arquivo_local_usuario","candidato_por_pasta_usuario","90","Documento estava dentro da pasta do modelo no ZIP do usuario."
"2026-07-01T10:36:58","usuario_zip_valtra_20260701","VALTRA","A62s","manual_operador","ZIP usuario - Scribd/oficial informado","arquivo enviado pelo usuario","MANUAL COM INSTRUÇÕES SOBRE OPERAÇÃO, MANUTENÇÃO E SEGURANÇA PARA TRATORES VALTRA.pdf","zip://TRATORES AGRICOLAS VALTRA 2-20260701T123625Z-3-001.zip!/TRATORES AGRICOLAS VALTRA 2/A62s/MANUAL COM INSTRUÇÕES SOBRE OPERAÇÃO, MANUTENÇÃO E SEGURANÇA PARA TRATORES VALTRA.pdf","PT","arquivo_local_usuario","candidato_por_pasta_usuario","90","Documento estava dentro da pasta do modelo no ZIP do usuario."
"2026-07-01T10:36:58","usuario_zip_valtra_20260701","VALTRA","A63F","catalogo_pecas","ZIP usuario - Scribd/oficial informado","arquivo enviado pelo usuario","CATALOGO DE PEÇAS DOS TRATORES VALTRA-VALMET.pdf","zip://TRATORES AGRICOLAS VALTRA 2-20260701T123625Z-3-001.zip!/TRATORES AGRICOLAS VALTRA 2/A63F/CATALOGO DE PEÇAS DOS TRATORES VALTRA-VALMET.pdf","PT","arquivo_local_usuario","candidato_por_pasta_usuario","90","Documento estava dentro da pasta do modelo no ZIP do usuario."
"2026-07-01T10:36:58","usuario_zip_valtra_20260701","VALTRA","A63F","manual_operador","ZIP usuario - Scribd/oficial informado","arquivo enviado pelo usuario","MANUAL COM INSTRUÇÕES SOBRE OPERAÇÃO, MANUTENÇÃO E SEGURANÇA PARA TRATORES VALTRA.pdf","zip://TRATORES AGRICOLAS VALTRA 2-20260701T123625Z-3-001.zip!/TRATORES AGRICOLAS VALTRA 2/A63F/MANUAL COM INSTRUÇÕES SOBRE OPERAÇÃO, MANUTENÇÃO E SEGURANÇA PARA TRATORES VALTRA.pdf","PT","arquivo_local_usuario","candidato_por_pasta_usuario","90","Documento estava dentro da pasta do modelo no ZIP do usuario."
"2026-07-01T10:36:58","usuario_zip_valtra_20260701","VALTRA","A63F","manual_operador","ZIP usuario - Scribd/oficial informado","arquivo enviado pelo usuario","MANUAL DO OPERADOR TRATOR VALTRA A3F.pdf","zip://TRATORES AGRICOLAS VALTRA 2-20260701T123625Z-3-001.zip!/TRATORES AGRICOLAS VALTRA 2/A63F/MANUAL DO OPERADOR TRATOR VALTRA A3F.pdf","PT","arquivo_local_usuario","candidato_por_pasta_usuario","90","Documento estava dentro da pasta do modelo no ZIP do usuario."
"2026-07-01T10:36:58","usuario_zip_valtra_20260701","VALTRA","A63F","manual_operador","ZIP usuario - Scribd/oficial informado","arquivo enviado pelo usuario","MANUAL DO OPERADOR TRATOR VALTRA SERIE A3F EM ESPANHOL.pdf","zip://TRATORES AGRICOLAS VALTRA 2-20260701T123625Z-3-001.zip!/TRATORES AGRICOLAS VALTRA 2/A63F/MANUAL DO OPERADOR TRATOR VALTRA SERIE A3F EM ESPANHOL.pdf","ES","arquivo_local_usuario","candidato_por_pasta_usuario","90","Documento estava dentro da pasta do modelo no ZIP do usuario."
"2026-07-01T10:36:58","usuario_zip_valtra_20260701","VALTRA","A73F","catalogo_pecas","ZIP usuario - Scribd/oficial informado","arquivo enviado pelo usuario","CATALOGO DE PEÇAS DOS TRATORES VALTRA-VALMET.pdf","zip://TRATORES AGRICOLAS VALTRA 2-20260701T123625Z-3-001.zip!/TRATORES AGRICOLAS VALTRA 2/A73F/CATALOGO DE PEÇAS DOS TRATORES VALTRA-VALMET.pdf","PT","arquivo_local_usuario","candidato_por_pasta_usuario","90","Documento estava dentro da pasta do modelo no ZIP do usuario."
"2026-07-01T10:36:58","usuario_zip_valtra_20260701","VALTRA","A73F","manual_operador","ZIP usuario - Scribd/oficial informado","arquivo enviado pelo usuario","MANUAL COM INSTRUÇÕES SOBRE OPERAÇÃO, MANUTENÇÃO E SEGURANÇA PARA TRATORES VALTRA.pdf","zip://TRATORES AGRICOLAS VALTRA 2-20260701T123625Z-3-001.zip!/TRATORES AGRICOLAS VALTRA 2/A73F/MANUAL COM INSTRUÇÕES SOBRE OPERAÇÃO, MANUTENÇÃO E SEGURANÇA PARA TRATORES VALTRA.pdf","PT","arquivo_local_usuario","candidato_por_pasta_usuario","90","Documento estava dentro da pasta do modelo no ZIP do usuario."
"2026-07-01T10:36:58","usuario_zip_valtra_20260701","VALTRA","A73F","manual_operador","ZIP usuario - Scribd/oficial informado","arquivo enviado pelo usuario","MANUAL DO OPERADOR TRATOR VALTRA A3F.pdf","zip://TRATORES AGRICOLAS VALTRA 2-20260701T123625Z-3-001.zip!/TRATORES AGRICOLAS VALTRA 2/A73F/MANUAL DO OPERADOR TRATOR VALTRA A3F.pdf","PT","arquivo_local_usuario","candidato_por_pasta_usuario","90","Documento estava dentro da pasta do modelo no ZIP do usuario."
"2026-07-01T10:36:58","usuario_zip_valtra_20260701","VALTRA","A73F","manual_operador","ZIP usuario - Scribd/oficial informado","arquivo enviado pelo usuario","MANUAL DO OPERADOR TRATOR VALTRA SERIE A3F EM ESPANHOL.pdf","zip://TRATORES AGRICOLAS VALTRA 2-20260701T123625Z-3-001.zip!/TRATORES AGRICOLAS VALTRA 2/A73F/MANUAL DO OPERADOR TRATOR VALTRA SERIE A3F EM ESPANHOL.pdf","ES","arquivo_local_usuario","candidato_por_pasta_usuario","90","Documento estava dentro da pasta do modelo no ZIP do usuario."
"2026-07-01T10:36:58","usuario_zip_valtra_20260701","VALTRA","A74","catalogo_pecas","ZIP usuario - Scribd/oficial informado","arquivo enviado pelo usuario","CATALOGO DE PEÇAS DOS TRATORES VALTRA-VALMET.pdf","zip://TRATORES AGRICOLAS VALTRA 2-20260701T123625Z-3-001.zip!/TRATORES AGRICOLAS VALTRA 2/A74/CATALOGO DE PEÇAS DOS TRATORES VALTRA-VALMET.pdf","PT","arquivo_local_usuario","candidato_por_pasta_usuario","90","Documento estava dentro da pasta do modelo no ZIP do usuario."
"2026-07-01T10:36:58","usuario_zip_valtra_20260701","VALTRA","A74","manual_complementar","ZIP usuario - Scribd/oficial informado","arquivo enviado pelo usuario","MANUAL COM INSTRUÇÕES PARA TRATORES VALTRA.pdf","zip://TRATORES AGRICOLAS VALTRA 2-20260701T123625Z-3-001.zip!/TRATORES AGRICOLAS VALTRA 2/A74/MANUAL COM INSTRUÇÕES PARA TRATORES VALTRA.pdf","PT","arquivo_local_usuario","candidato_por_pasta_usuario","90","Documento estava dentro da pasta do modelo no ZIP do usuario."
"2026-07-01T10:36:58","usuario_zip_valtra_20260701","VALTRA","A74","manual_operador","ZIP usuario - Scribd/oficial informado","arquivo enviado pelo usuario","MANUAL COM INSTRUÇÕES SOBRE OPERAÇÃO, MANUTENÇÃO E SEGURANÇA PARA TRATORES VALTRA.pdf","zip://TRATORES AGRICOLAS VALTRA 2-20260701T123625Z-3-001.zip!/TRATORES AGRICOLAS VALTRA 2/A74/MANUAL COM INSTRUÇÕES SOBRE OPERAÇÃO, MANUTENÇÃO E SEGURANÇA PARA TRATORES VALTRA.pdf","PT","arquivo_local_usuario","candidato_por_pasta_usuario","90","Documento estava dentro da pasta do modelo no ZIP do usuario."
"2026-07-01T10:36:58","usuario_zip_valtra_20260701","VALTRA","A74s","catalogo_pecas","ZIP usuario - Scribd/oficial informado","arquivo enviado pelo usuario","CATALOGO DE PEÇAS DOS TRATORES VALTRA-VALMET.pdf","zip://TRATORES AGRICOLAS VALTRA 2-20260701T123625Z-3-001.zip!/TRATORES AGRICOLAS VALTRA 2/A74s/CATALOGO DE PEÇAS DOS TRATORES VALTRA-VALMET.pdf","PT","arquivo_local_usuario","candidato_por_pasta_usuario","90","Documento estava dentro da pasta do modelo no ZIP do usuario."
"2026-07-01T10:36:58","usuario_zip_valtra_20260701","VALTRA","A74s","ficha_tecnica_folheto","ZIP usuario - Scribd/oficial informado","arquivo enviado pelo usuario","FOLHETO SOBRE POTÊNCIA E VERSATILIDADE TRATORES VALTRA SÉRIE A4 E A4S.pdf","zip://TRATORES AGRICOLAS VALTRA 2-20260701T123625Z-3-001.zip!/TRATORES AGRICOLAS VALTRA 2/A74s/FOLHETO SOBRE POTÊNCIA E VERSATILIDADE TRATORES VALTRA SÉRIE A4 E A4S.pdf","PT","arquivo_local_usuario","candidato_por_pasta_usuario","90","Documento estava dentro da pasta do modelo no ZIP do usuario."
"2026-07-01T10:36:58","usuario_zip_valtra_20260701","VALTRA","A74s","manual_manutencao","ZIP usuario - Scribd/oficial informado","arquivo enviado pelo usuario","MANUTENÇÃO PERIÓDICA TRATORES VALTRA A4S.pdf","zip://TRATORES AGRICOLAS VALTRA 2-20260701T123625Z-3-001.zip!/TRATORES AGRICOLAS VALTRA 2/A74s/MANUTENÇÃO PERIÓDICA TRATORES VALTRA A4S.pdf","PT","arquivo_local_usuario","candidato_por_pasta_usuario","90","Documento estava dentro da pasta do modelo no ZIP do usuario."
"2026-07-01T10:36:58","usuario_zip_valtra_20260701","VALTRA","A74s","manual_operador","ZIP usuario - Scribd/oficial informado","arquivo enviado pelo usuario","MANUAL COM INSTRUÇÕES SOBRE OPERAÇÃO, MANUTENÇÃO E SEGURANÇA PARA TRATORES VALTRA.pdf","zip://TRATORES AGRICOLAS VALTRA 2-20260701T123625Z-3-001.zip!/TRATORES AGRICOLAS VALTRA 2/A74s/MANUAL COM INSTRUÇÕES SOBRE OPERAÇÃO, MANUTENÇÃO E SEGURANÇA PARA TRATORES VALTRA.pdf","PT","arquivo_local_usuario","candidato_por_pasta_usuario","90","Documento estava dentro da pasta do modelo no ZIP do usuario."
"2026-07-01T10:36:58","usuario_zip_valtra_20260701","VALTRA","A74s","manual_servico_oficina","ZIP usuario - Scribd/oficial informado","arquivo enviado pelo usuario","MANUAL DE SERVIÇO DOS TRATORES VALTRA SERIE A4S - A74S A84S A94S.pdf","zip://TRATORES AGRICOLAS VALTRA 2-20260701T123625Z-3-001.zip!/TRATORES AGRICOLAS VALTRA 2/A74s/MANUAL DE SERVIÇO DOS TRATORES VALTRA SERIE A4S - A74S A84S A94S.pdf","PT","arquivo_local_usuario","candidato_por_pasta_usuario","90","Documento estava dentro da pasta do modelo no ZIP do usuario."
"2026-07-01T10:36:58","usuario_zip_valtra_20260701","VALTRA","A74SC","catalogo_pecas","ZIP usuario - Scribd/oficial informado","arquivo enviado pelo usuario","CATALOGO DE PEÇAS DOS TRATORES VALTRA-VALMET.pdf","zip://TRATORES AGRICOLAS VALTRA 2-20260701T123625Z-3-001.zip!/TRATORES AGRICOLAS VALTRA 2/A74SC/CATALOGO DE PEÇAS DOS TRATORES VALTRA-VALMET.pdf","PT","arquivo_local_usuario","candidato_por_pasta_usuario","90","Documento estava dentro da pasta do modelo no ZIP do usuario."
"2026-07-01T10:36:58","usuario_zip_valtra_20260701","VALTRA","A74SC","manual_operador","ZIP usuario - Scribd/oficial informado","arquivo enviado pelo usuario","MANUAL COM INSTRUÇÕES SOBRE OPERAÇÃO, MANUTENÇÃO E SEGURANÇA PARA TRATORES VALTRA.pdf","zip://TRATORES AGRICOLAS VALTRA 2-20260701T123625Z-3-001.zip!/TRATORES AGRICOLAS VALTRA 2/A74SC/MANUAL COM INSTRUÇÕES SOBRE OPERAÇÃO, MANUTENÇÃO E SEGURANÇA PARA TRATORES VALTRA.pdf","PT","arquivo_local_usuario","candidato_por_pasta_usuario","90","Documento estava dentro da pasta do modelo no ZIP do usuario."
"2026-07-01T10:36:58","usuario_zip_valtra_20260701","VALTRA","A750","catalogo_pecas","ZIP usuario - Scribd/oficial informado","arquivo enviado pelo usuario","CATALOGO DE PEÇAS DOS TRATORES VALTRA-VALMET.pdf","zip://TRATORES AGRICOLAS VALTRA 2-20260701T123625Z-3-001.zip!/TRATORES AGRICOLAS VALTRA 2/A750/CATALOGO DE PEÇAS DOS TRATORES VALTRA-VALMET.pdf","PT","arquivo_local_usuario","candidato_por_pasta_usuario","90","Documento estava dentro da pasta do modelo no ZIP do usuario."
"2026-07-01T10:36:58","usuario_zip_valtra_20260701","VALTRA","A750","manual_operador","ZIP usuario - Scribd/oficial informado","arquivo enviado pelo usuario","MANUAL COM INSTRUÇÕES SOBRE OPERAÇÃO, MANUTENÇÃO E SEGURANÇA PARA TRATORES VALTRA.pdf","zip://TRATORES AGRICOLAS VALTRA 2-20260701T123625Z-3-001.zip!/TRATORES AGRICOLAS VALTRA 2/A750/MANUAL COM INSTRUÇÕES SOBRE OPERAÇÃO, MANUTENÇÃO E SEGURANÇA PARA TRATORES VALTRA.pdf","PT","arquivo_local_usuario","candidato_por_pasta_usuario","90","Documento estava dentro da pasta do modelo no ZIP do usuario."
"2026-07-01T10:36:58","usuario_zip_valtra_20260701","VALTRA","A83F","catalogo_pecas","ZIP usuario - Scribd/oficial informado","arquivo enviado pelo usuario","CATALOGO DE PEÇAS DOS TRATORES VALTRA-VALMET.pdf","zip://TRATORES AGRICOLAS VALTRA 2-20260701T123625Z-3-001.zip!/TRATORES AGRICOLAS VALTRA 2/A83F/CATALOGO DE PEÇAS DOS TRATORES VALTRA-VALMET.pdf","PT","arquivo_local_usuario","candidato_por_pasta_usuario","90","Documento estava dentro da pasta do modelo no ZIP do usuario."
"2026-07-01T10:36:58","usuario_zip_valtra_20260701","VALTRA","A83F","manual_operador","ZIP usuario - Scribd/oficial informado","arquivo enviado pelo usuario","MANUAL COM INSTRUÇÕES SOBRE OPERAÇÃO, MANUTENÇÃO E SEGURANÇA PARA TRATORES VALTRA.pdf","zip://TRATORES AGRICOLAS VALTRA 2-20260701T123625Z-3-001.zip!/TRATORES AGRICOLAS VALTRA 2/A83F/MANUAL COM INSTRUÇÕES SOBRE OPERAÇÃO, MANUTENÇÃO E SEGURANÇA PARA TRATORES VALTRA.pdf","PT","arquivo_local_usuario","candidato_por_pasta_usuario","90","Documento estava dentro da pasta do modelo no ZIP do usuario."
"2026-07-01T10:36:58","usuario_zip_valtra_20260701","VALTRA","A83F","manual_operador","ZIP usuario - Scribd/oficial informado","arquivo enviado pelo usuario","MANUAL DO OPERADOR TRATOR VALTRA A3F.pdf","zip://TRATORES AGRICOLAS VALTRA 2-20260701T123625Z-3-001.zip!/TRATORES AGRICOLAS VALTRA 2/A83F/MANUAL DO OPERADOR TRATOR VALTRA A3F.pdf","PT","arquivo_local_usuario","candidato_por_pasta_usuario","90","Documento estava dentro da pasta do modelo no ZIP do usuario."
"2026-07-01T10:36:58","usuario_zip_valtra_20260701","VALTRA","A83F","manual_operador","ZIP usuario - Scribd/oficial informado","arquivo enviado pelo usuario","MANUAL DO OPERADOR TRATOR VALTRA SERIE A3F EM ESPANHOL.pdf","zip://TRATORES AGRICOLAS VALTRA 2-20260701T123625Z-3-001.zip!/TRATORES AGRICOLAS VALTRA 2/A83F/MANUAL DO OPERADOR TRATOR VALTRA SERIE A3F EM ESPANHOL.pdf","ES","arquivo_local_usuario","candidato_por_pasta_usuario","90","Documento estava dentro da pasta do modelo no ZIP do usuario."
"2026-07-01T10:36:58","usuario_zip_valtra_20260701","VALTRA","A84","catalogo_pecas","ZIP usuario - Scribd/oficial informado","arquivo enviado pelo usuario","CATALOGO DE PEÇAS DOS TRATORES VALTRA-VALMET.pdf","zip://TRATORES AGRICOLAS VALTRA 2-20260701T123625Z-3-001.zip!/TRATORES AGRICOLAS VALTRA 2/A84/CATALOGO DE PEÇAS DOS TRATORES VALTRA-VALMET.pdf","PT","arquivo_local_usuario","candidato_por_pasta_usuario","90","Documento estava dentro da pasta do modelo no ZIP do usuario."
"2026-07-01T10:36:58","usuario_zip_valtra_20260701","VALTRA","A84","manual_operador","ZIP usuario - Scribd/oficial informado","arquivo enviado pelo usuario","MANUAL COM INSTRUÇÕES SOBRE OPERAÇÃO, MANUTENÇÃO E SEGURANÇA PARA TRATORES VALTRA.pdf","zip://TRATORES AGRICOLAS VALTRA 2-20260701T123625Z-3-001.zip!/TRATORES AGRICOLAS VALTRA 2/A84/MANUAL COM INSTRUÇÕES SOBRE OPERAÇÃO, MANUTENÇÃO E SEGURANÇA PARA TRATORES VALTRA.pdf","PT","arquivo_local_usuario","candidato_por_pasta_usuario","90","Documento estava dentro da pasta do modelo no ZIP do usuario."
"2026-07-01T10:36:58","usuario_zip_valtra_20260701","VALTRA","A84s","catalogo_pecas","ZIP usuario - Scribd/oficial informado","arquivo enviado pelo usuario","CATALOGO DE PEÇAS DOS TRATORES VALTRA-VALMET.pdf","zip://TRATORES AGRICOLAS VALTRA 2-20260701T123625Z-3-001.zip!/TRATORES AGRICOLAS VALTRA 2/A84s/CATALOGO DE PEÇAS DOS TRATORES VALTRA-VALMET.pdf","PT","arquivo_local_usuario","candidato_por_pasta_usuario","90","Documento estava dentro da pasta do modelo no ZIP do usuario."
"2026-07-01T10:36:58","usuario_zip_valtra_20260701","VALTRA","A84s","ficha_tecnica_folheto","ZIP usuario - Scribd/oficial informado","arquivo enviado pelo usuario","FOLHETO SOBRE POTÊNCIA E VERSATILIDADE TRATORES VALTRA SÉRIE A4 E A4S.pdf","zip://TRATORES AGRICOLAS VALTRA 2-20260701T123625Z-3-001.zip!/TRATORES AGRICOLAS VALTRA 2/A84s/FOLHETO SOBRE POTÊNCIA E VERSATILIDADE TRATORES VALTRA SÉRIE A4 E A4S.pdf","PT","arquivo_local_usuario","candidato_por_pasta_usuario","90","Documento estava dentro da pasta do modelo no ZIP do usuario."
"2026-07-01T10:36:58","usuario_zip_valtra_20260701","VALTRA","A84s","manual_manutencao","ZIP usuario - Scribd/oficial informado","arquivo enviado pelo usuario","MANUTENÇÃO PERIÓDICA TRATORES VALTRA A4S.pdf","zip://TRATORES AGRICOLAS VALTRA 2-20260701T123625Z-3-001.zip!/TRATORES AGRICOLAS VALTRA 2/A84s/MANUTENÇÃO PERIÓDICA TRATORES VALTRA A4S.pdf","PT","arquivo_local_usuario","candidato_por_pasta_usuario","90","Documento estava dentro da pasta do modelo no ZIP do usuario."
"2026-07-01T10:36:58","usuario_zip_valtra_20260701","VALTRA","A84s","manual_operador","ZIP usuario - Scribd/oficial informado","arquivo enviado pelo usuario","MANUAL COM INSTRUÇÕES SOBRE OPERAÇÃO, MANUTENÇÃO E SEGURANÇA PARA TRATORES VALTRA.pdf","zip://TRATORES AGRICOLAS VALTRA 2-20260701T123625Z-3-001.zip!/TRATORES AGRICOLAS VALTRA 2/A84s/MANUAL COM INSTRUÇÕES SOBRE OPERAÇÃO, MANUTENÇÃO E SEGURANÇA PARA TRATORES VALTRA.pdf","PT","arquivo_local_usuario","candidato_por_pasta_usuario","90","Documento estava dentro da pasta do modelo no ZIP do usuario."
"2026-07-01T10:36:58","usuario_zip_valtra_20260701","VALTRA","A84s","manual_servico_oficina","ZIP usuario - Scribd/oficial informado","arquivo enviado pelo usuario","MANUAL DE SERVIÇO DOS TRATORES VALTRA SERIE A4S - A74S A84S A94S.pdf","zip://TRATORES AGRICOLAS VALTRA 2-20260701T123625Z-3-001.zip!/TRATORES AGRICOLAS VALTRA 2/A84s/MANUAL DE SERVIÇO DOS TRATORES VALTRA SERIE A4S - A74S A84S A94S.pdf","PT","arquivo_local_usuario","candidato_por_pasta_usuario","90","Documento estava dentro da pasta do modelo no ZIP do usuario."
"2026-07-01T10:36:58","usuario_zip_valtra_20260701","VALTRA","A850F","catalogo_pecas","ZIP usuario - Scribd/oficial informado","arquivo enviado pelo usuario","CATALOGO DE PEÇAS DOS TRATORES VALTRA-VALMET.pdf","zip://TRATORES AGRICOLAS VALTRA 2-20260701T123625Z-3-001.zip!/TRATORES AGRICOLAS VALTRA 2/A850F/CATALOGO DE PEÇAS DOS TRATORES VALTRA-VALMET.pdf","PT","arquivo_local_usuario","candidato_por_pasta_usuario","90","Documento estava dentro da pasta do modelo no ZIP do usuario."
"2026-07-01T10:36:58","usuario_zip_valtra_20260701","VALTRA","A850F","ficha_tecnica_folheto","ZIP usuario - Scribd/oficial informado","arquivo enviado pelo usuario","ESPECIFICAÇÕES DO TRATOR VALTRA A850F.pdf","zip://TRATORES AGRICOLAS VALTRA 2-20260701T123625Z-3-001.zip!/TRATORES AGRICOLAS VALTRA 2/A850F/ESPECIFICAÇÕES DO TRATOR VALTRA A850F.pdf","PT","arquivo_local_usuario","candidato_por_pasta_usuario","90","Documento estava dentro da pasta do modelo no ZIP do usuario."
"2026-07-01T10:36:58","usuario_zip_valtra_20260701","VALTRA","A850F","manual_operador","ZIP usuario - Scribd/oficial informado","arquivo enviado pelo usuario","MANUAL COM INSTRUÇÕES SOBRE OPERAÇÃO, MANUTENÇÃO E SEGURANÇA PARA TRATORES VALTRA.pdf","zip://TRATORES AGRICOLAS VALTRA 2-20260701T123625Z-3-001.zip!/TRATORES AGRICOLAS VALTRA 2/A850F/MANUAL COM INSTRUÇÕES SOBRE OPERAÇÃO, MANUTENÇÃO E SEGURANÇA PARA TRATORES VALTRA.pdf","PT","arquivo_local_usuario","candidato_por_pasta_usuario","90","Documento estava dentro da pasta do modelo no ZIP do usuario."
"2026-07-01T10:36:58","usuario_zip_valtra_20260701","VALTRA","A93F","catalogo_pecas","ZIP usuario - Scribd/oficial informado","arquivo enviado pelo usuario","CATALOGO DE PEÇAS DOS TRATORES VALTRA-VALMET.pdf","zip://TRATORES AGRICOLAS VALTRA 2-20260701T123625Z-3-001.zip!/TRATORES AGRICOLAS VALTRA 2/A93F/CATALOGO DE PEÇAS DOS TRATORES VALTRA-VALMET.pdf","PT","arquivo_local_usuario","candidato_por_pasta_usuario","90","Documento estava dentro da pasta do modelo no ZIP do usuario."
"2026-07-01T10:36:58","usuario_zip_valtra_20260701","VALTRA","A93F","manual_operador","ZIP usuario - Scribd/oficial informado","arquivo enviado pelo usuario","MANUAL COM INSTRUÇÕES SOBRE OPERAÇÃO, MANUTENÇÃO E SEGURANÇA PARA TRATORES VALTRA.pdf","zip://TRATORES AGRICOLAS VALTRA 2-20260701T123625Z-3-001.zip!/TRATORES AGRICOLAS VALTRA 2/A93F/MANUAL COM INSTRUÇÕES SOBRE OPERAÇÃO, MANUTENÇÃO E SEGURANÇA PARA TRATORES VALTRA.pdf","PT","arquivo_local_usuario","candidato_por_pasta_usuario","90","Documento estava dentro da pasta do modelo no ZIP do usuario."
"2026-07-01T10:36:58","usuario_zip_valtra_20260701","VALTRA","A93F","manual_operador","ZIP usuario - Scribd/oficial informado","arquivo enviado pelo usuario","MANUAL DO OPERADOR TRATOR VALTRA A3F.pdf","zip://TRATORES AGRICOLAS VALTRA 2-20260701T123625Z-3-001.zip!/TRATORES AGRICOLAS VALTRA 2/A93F/MANUAL DO OPERADOR TRATOR VALTRA A3F.pdf","PT","arquivo_local_usuario","candidato_por_pasta_usuario","90","Documento estava dentro da pasta do modelo no ZIP do usuario."
"2026-07-01T10:36:58","usuario_zip_valtra_20260701","VALTRA","A93F","manual_operador","ZIP usuario - Scribd/oficial informado","arquivo enviado pelo usuario","MANUAL DO OPERADOR TRATOR VALTRA SERIE A3F EM ESPANHOL.pdf","zip://TRATORES AGRICOLAS VALTRA 2-20260701T123625Z-3-001.zip!/TRATORES AGRICOLAS VALTRA 2/A93F/MANUAL DO OPERADOR TRATOR VALTRA SERIE A3F EM ESPANHOL.pdf","ES","arquivo_local_usuario","candidato_por_pasta_usuario","90","Documento estava dentro da pasta do modelo no ZIP do usuario."
"2026-07-01T10:36:58","usuario_zip_valtra_20260701","VALTRA","A94","catalogo_pecas","ZIP usuario - Scribd/oficial informado","arquivo enviado pelo usuario","CATALOGO DE PEÇAS DOS TRATORES VALTRA-VALMET.pdf","zip://TRATORES AGRICOLAS VALTRA 2-20260701T123625Z-3-001.zip!/TRATORES AGRICOLAS VALTRA 2/A94/CATALOGO DE PEÇAS DOS TRATORES VALTRA-VALMET.pdf","PT","arquivo_local_usuario","candidato_por_pasta_usuario","90","Documento estava dentro da pasta do modelo no ZIP do usuario."
"2026-07-01T10:36:58","usuario_zip_valtra_20260701","VALTRA","A94","ficha_tecnica_folheto","ZIP usuario - Scribd/oficial informado","arquivo enviado pelo usuario","FOLHETO DOS TRATORES AGRICOLAS A94 E A104.pdf","zip://TRATORES AGRICOLAS VALTRA 2-20260701T123625Z-3-001.zip!/TRATORES AGRICOLAS VALTRA 2/A94/FOLHETO DOS TRATORES AGRICOLAS A94 E A104.pdf","PT","arquivo_local_usuario","candidato_por_pasta_usuario","90","Documento estava dentro da pasta do modelo no ZIP do usuario."
"2026-07-01T10:36:58","usuario_zip_valtra_20260701","VALTRA","A94","ficha_tecnica_folheto","ZIP usuario - Scribd/oficial informado","arquivo enviado pelo usuario","FOLHETO SOBRE POTÊNCIA E VERSATILIDADE TRATORES VALTRA SÉRIE A4 E A4S.pdf","zip://TRATORES AGRICOLAS VALTRA 2-20260701T123625Z-3-001.zip!/TRATORES AGRICOLAS VALTRA 2/A94/FOLHETO SOBRE POTÊNCIA E VERSATILIDADE TRATORES VALTRA SÉRIE A4 E A4S.pdf","PT","arquivo_local_usuario","candidato_por_pasta_usuario","90","Documento estava dentro da pasta do modelo no ZIP do usuario."
"2026-07-01T10:36:58","usuario_zip_valtra_20260701","VALTRA","A94","manual_complementar","ZIP usuario - Scribd/oficial informado","arquivo enviado pelo usuario","MANUAL COM INSTRUÇÕES PARA TRATORES VALTRA.pdf","zip://TRATORES AGRICOLAS VALTRA 2-20260701T123625Z-3-001.zip!/TRATORES AGRICOLAS VALTRA 2/A94/MANUAL COM INSTRUÇÕES PARA TRATORES VALTRA.pdf","PT","arquivo_local_usuario","candidato_por_pasta_usuario","90","Documento estava dentro da pasta do modelo no ZIP do usuario."
"2026-07-01T10:36:58","usuario_zip_valtra_20260701","VALTRA","A94","manual_manutencao","ZIP usuario - Scribd/oficial informado","arquivo enviado pelo usuario","MANUTENÇÃO PERIÓDICA TRATORES VALTRA A4 E BH G2.pdf","zip://TRATORES AGRICOLAS VALTRA 2-20260701T123625Z-3-001.zip!/TRATORES AGRICOLAS VALTRA 2/A94/MANUTENÇÃO PERIÓDICA TRATORES VALTRA A4 E BH G2.pdf","PT","arquivo_local_usuario","candidato_por_pasta_usuario","90","Documento estava dentro da pasta do modelo no ZIP do usuario."
"2026-07-01T10:36:58","usuario_zip_valtra_20260701","VALTRA","A94","manual_operador","ZIP usuario - Scribd/oficial informado","arquivo enviado pelo usuario","MANUAL COM INSTRUÇÕES SOBRE OPERAÇÃO, MANUTENÇÃO E SEGURANÇA PARA TRATORES VALTRA.pdf","zip://TRATORES AGRICOLAS VALTRA 2-20260701T123625Z-3-001.zip!/TRATORES AGRICOLAS VALTRA 2/A94/MANUAL COM INSTRUÇÕES SOBRE OPERAÇÃO, MANUTENÇÃO E SEGURANÇA PARA TRATORES VALTRA.pdf","PT","arquivo_local_usuario","candidato_por_pasta_usuario","90","Documento estava dentro da pasta do modelo no ZIP do usuario."
"2026-07-01T10:36:58","usuario_zip_valtra_20260701","VALTRA","A94S","catalogo_pecas","ZIP usuario - Scribd/oficial informado","arquivo enviado pelo usuario","CATALOGO DE PEÇAS DOS TRATORES VALTRA-VALMET.pdf","zip://TRATORES AGRICOLAS VALTRA 2-20260701T123625Z-3-001.zip!/TRATORES AGRICOLAS VALTRA 2/A94S/CATALOGO DE PEÇAS DOS TRATORES VALTRA-VALMET.pdf","PT","arquivo_local_usuario","candidato_por_pasta_usuario","90","Documento estava dentro da pasta do modelo no ZIP do usuario."
"2026-07-01T10:36:58","usuario_zip_valtra_20260701","VALTRA","A94S","ficha_tecnica_folheto","ZIP usuario - Scribd/oficial informado","arquivo enviado pelo usuario","FOLHETO SOBRE POTÊNCIA E VERSATILIDADE TRATORES VALTRA SÉRIE A4 E A4S.pdf","zip://TRATORES AGRICOLAS VALTRA 2-20260701T123625Z-3-001.zip!/TRATORES AGRICOLAS VALTRA 2/A94S/FOLHETO SOBRE POTÊNCIA E VERSATILIDADE TRATORES VALTRA SÉRIE A4 E A4S.pdf","PT","arquivo_local_usuario","candidato_por_pasta_usuario","90","Documento estava dentro da pasta do modelo no ZIP do usuario."
"2026-07-01T10:36:58","usuario_zip_valtra_20260701","VALTRA","A94S","manual_manutencao","ZIP usuario - Scribd/oficial informado","arquivo enviado pelo usuario","MANUTENÇÃO PERIÓDICA TRATORES VALTRA A4S.pdf","zip://TRATORES AGRICOLAS VALTRA 2-20260701T123625Z-3-001.zip!/TRATORES AGRICOLAS VALTRA 2/A94S/MANUTENÇÃO PERIÓDICA TRATORES VALTRA A4S.pdf","PT","arquivo_local_usuario","candidato_por_pasta_usuario","90","Documento estava dentro da pasta do modelo no ZIP do usuario."
"2026-07-01T10:36:58","usuario_zip_valtra_20260701","VALTRA","A94S","manual_operador","ZIP usuario - Scribd/oficial informado","arquivo enviado pelo usuario","MANUAL COM INSTRUÇÕES SOBRE OPERAÇÃO, MANUTENÇÃO E SEGURANÇA PARA TRATORES VALTRA.pdf","zip://TRATORES AGRICOLAS VALTRA 2-20260701T123625Z-3-001.zip!/TRATORES AGRICOLAS VALTRA 2/A94S/MANUAL COM INSTRUÇÕES SOBRE OPERAÇÃO, MANUTENÇÃO E SEGURANÇA PARA TRATORES VALTRA.pdf","PT","arquivo_local_usuario","candidato_por_pasta_usuario","90","Documento estava dentro da pasta do modelo no ZIP do usuario."
"2026-07-01T10:36:58","usuario_zip_valtra_20260701","VALTRA","A94S","manual_servico_oficina","ZIP usuario - Scribd/oficial informado","arquivo enviado pelo usuario","MANUAL DE SERVIÇO DOS TRATORES VALTRA SERIE A4S - A74S A84S A94S.pdf","zip://TRATORES AGRICOLAS VALTRA 2-20260701T123625Z-3-001.zip!/TRATORES AGRICOLAS VALTRA 2/A94S/MANUAL DE SERVIÇO DOS TRATORES VALTRA SERIE A4S - A74S A84S A94S.pdf","PT","arquivo_local_usuario","candidato_por_pasta_usuario","90","Documento estava dentro da pasta do modelo no ZIP do usuario."
"2026-07-01T10:36:58","usuario_zip_valtra_20260701","VALTRA","M165","catalogo_pecas","ZIP usuario - Scribd/oficial informado","arquivo enviado pelo usuario","CATALOGO DE PEÇAS DOS TRATORES VALTRA-VALMET.pdf","zip://TRATORES AGRICOLAS VALTRA 2-20260701T123625Z-3-001.zip!/TRATORES AGRICOLAS VALTRA 2/M165/CATALOGO DE PEÇAS DOS TRATORES VALTRA-VALMET.pdf","PT","arquivo_local_usuario","candidato_por_pasta_usuario","90","Documento estava dentro da pasta do modelo no ZIP do usuario."
"2026-07-01T10:36:58","usuario_zip_valtra_20260701","VALTRA","M165","ficha_tecnica_folheto","ZIP usuario - Scribd/oficial informado","arquivo enviado pelo usuario","FOLHETO DOS TRATORES AGRICOLAS M5.pdf","zip://TRATORES AGRICOLAS VALTRA 2-20260701T123625Z-3-001.zip!/TRATORES AGRICOLAS VALTRA 2/M165/FOLHETO DOS TRATORES AGRICOLAS M5.pdf","PT","arquivo_local_usuario","candidato_por_pasta_usuario","90","Documento estava dentro da pasta do modelo no ZIP do usuario."
"2026-07-01T10:36:58","usuario_zip_valtra_20260701","VALTRA","M165","manual_complementar","ZIP usuario - Scribd/oficial informado","arquivo enviado pelo usuario","MANUAL COM INSTRUÇÕES PARA TRATORES VALTRA.pdf","zip://TRATORES AGRICOLAS VALTRA 2-20260701T123625Z-3-001.zip!/TRATORES AGRICOLAS VALTRA 2/M165/MANUAL COM INSTRUÇÕES PARA TRATORES VALTRA.pdf","PT","arquivo_local_usuario","candidato_por_pasta_usuario","90","Documento estava dentro da pasta do modelo no ZIP do usuario."
"2026-07-01T10:36:58","usuario_zip_valtra_20260701","VALTRA","M165","manual_operador","ZIP usuario - Scribd/oficial informado","arquivo enviado pelo usuario","MANUAL COM INSTRUÇÕES SOBRE OPERAÇÃO, MANUTENÇÃO E SEGURANÇA PARA TRATORES VALTRA.pdf","zip://TRATORES AGRICOLAS VALTRA 2-20260701T123625Z-3-001.zip!/TRATORES AGRICOLAS VALTRA 2/M165/MANUAL COM INSTRUÇÕES SOBRE OPERAÇÃO, MANUTENÇÃO E SEGURANÇA PARA TRATORES VALTRA.pdf","PT","arquivo_local_usuario","candidato_por_pasta_usuario","90","Documento estava dentro da pasta do modelo no ZIP do usuario."
"2026-07-01T10:36:58","usuario_zip_valtra_20260701","VALTRA","M185","catalogo_pecas","ZIP usuario - Scribd/oficial informado","arquivo enviado pelo usuario","CATALOGO DE PEÇAS DOS TRATORES VALTRA-VALMET.pdf","zip://TRATORES AGRICOLAS VALTRA 2-20260701T123625Z-3-001.zip!/TRATORES AGRICOLAS VALTRA 2/M185/CATALOGO DE PEÇAS DOS TRATORES VALTRA-VALMET.pdf","PT","arquivo_local_usuario","candidato_por_pasta_usuario","90","Documento estava dentro da pasta do modelo no ZIP do usuario."
"2026-07-01T10:36:58","usuario_zip_valtra_20260701","VALTRA","M185","ficha_tecnica_folheto","ZIP usuario - Scribd/oficial informado","arquivo enviado pelo usuario","FOLHETO DOS TRATORES AGRICOLAS M5.pdf","zip://TRATORES AGRICOLAS VALTRA 2-20260701T123625Z-3-001.zip!/TRATORES AGRICOLAS VALTRA 2/M185/FOLHETO DOS TRATORES AGRICOLAS M5.pdf","PT","arquivo_local_usuario","candidato_por_pasta_usuario","90","Documento estava dentro da pasta do modelo no ZIP do usuario."
"2026-07-01T10:36:58","usuario_zip_valtra_20260701","VALTRA","M185","manual_operador","ZIP usuario - Scribd/oficial informado","arquivo enviado pelo usuario","MANUAL COM INSTRUÇÕES SOBRE OPERAÇÃO, MANUTENÇÃO E SEGURANÇA PARA TRATORES VALTRA.pdf","zip://TRATORES AGRICOLAS VALTRA 2-20260701T123625Z-3-001.zip!/TRATORES AGRICOLAS VALTRA 2/M185/MANUAL COM INSTRUÇÕES SOBRE OPERAÇÃO, MANUTENÇÃO E SEGURANÇA PARA TRATORES VALTRA.pdf","PT","arquivo_local_usuario","candidato_por_pasta_usuario","90","Documento estava dentro da pasta do modelo no ZIP do usuario."
"2026-07-01T10:36:58","usuario_zip_valtra_20260701","VALTRA","M205","catalogo_pecas","ZIP usuario - Scribd/oficial informado","arquivo enviado pelo usuario","CATALOGO DE PEÇAS DOS TRATORES VALTRA-VALMET.pdf","zip://TRATORES AGRICOLAS VALTRA 2-20260701T123625Z-3-001.zip!/TRATORES AGRICOLAS VALTRA 2/M205/CATALOGO DE PEÇAS DOS TRATORES VALTRA-VALMET.pdf","PT","arquivo_local_usuario","candidato_por_pasta_usuario","90","Documento estava dentro da pasta do modelo no ZIP do usuario."
"2026-07-01T10:36:58","usuario_zip_valtra_20260701","VALTRA","M205","ficha_tecnica_folheto","ZIP usuario - Scribd/oficial informado","arquivo enviado pelo usuario","FOLHETO DOS TRATORES AGRICOLAS M5.pdf","zip://TRATORES AGRICOLAS VALTRA 2-20260701T123625Z-3-001.zip!/TRATORES AGRICOLAS VALTRA 2/M205/FOLHETO DOS TRATORES AGRICOLAS M5.pdf","PT","arquivo_local_usuario","candidato_por_pasta_usuario","90","Documento estava dentro da pasta do modelo no ZIP do usuario."
"2026-07-01T10:36:58","usuario_zip_valtra_20260701","VALTRA","M205","manual_operador","ZIP usuario - Scribd/oficial informado","arquivo enviado pelo usuario","MANUAL COM INSTRUÇÕES SOBRE OPERAÇÃO, MANUTENÇÃO E SEGURANÇA PARA TRATORES VALTRA.pdf","zip://TRATORES AGRICOLAS VALTRA 2-20260701T123625Z-3-001.zip!/TRATORES AGRICOLAS VALTRA 2/M205/MANUAL COM INSTRUÇÕES SOBRE OPERAÇÃO, MANUTENÇÃO E SEGURANÇA PARA TRATORES VALTRA.pdf","PT","arquivo_local_usuario","candidato_por_pasta_usuario","90","Documento estava dentro da pasta do modelo no ZIP do usuario."
"2026-07-01T12:06:42","valtra2_scribd_familias_20260701","VALTRA","BM115","boletim_servico","Scribd","BM115 BM135 Valtra","Ajuste de Sincronismo Injeção BM115 e BM135","https://pt.scribd.com/document/824647759/Boletim-de-Servico-VT-010-23-Ajuste-do-sincronismo-da-injecao-BM115-e-BM135","PT","scribd_login_usuario","candidato_forte_sem_download_nesta_rodada","82","Resultado Scribd cita BM115 e BM135, boletim de serviço VT 010/23."
"2026-07-01T12:06:42","valtra2_scribd_familias_20260701","VALTRA","BM115","boletim_servico","Scribd","BM115 BM135 Valtra","Instalação do Suporte do Compressor VT 065/24","https://pt.scribd.com/document/848137895/Boletim-de-Servico-VT-065-24-Instalacao-do-suporte-do-compressor","PT","scribd_login_usuario","candidato_forte_sem_download_nesta_rodada","82","Resultado Scribd cita BM115 e BM135, boletim de serviço VT 065/24."
"2026-07-01T12:06:42","valtra2_scribd_familias_20260701","VALTRA","BM115","ficha_tecnica_folheto","Scribd","BM115 BM135 Valtra","Valtra BM 115 e 135","https://pt.scribd.com/document/1051956327/Valtra-BM-115-e-135","PT","scribd_login_usuario","candidato_forte_sem_download_nesta_rodada","80","Folheto/ficha de 2 paginas para linha BM 115 e 135."
"2026-07-01T12:06:42","valtra2_scribd_familias_20260701","VALTRA","BM135","boletim_servico","Scribd","BM115 BM135 Valtra","Ajuste de Sincronismo Injeção BM115 e BM135","https://pt.scribd.com/document/824647759/Boletim-de-Servico-VT-010-23-Ajuste-do-sincronismo-da-injecao-BM115-e-BM135","PT","scribd_login_usuario","candidato_forte_sem_download_nesta_rodada","82","Resultado Scribd cita BM115 e BM135, boletim de serviço VT 010/23."
"2026-07-01T12:06:42","valtra2_scribd_familias_20260701","VALTRA","BM135","boletim_servico","Scribd","BM115 BM135 Valtra","Instalação do Suporte do Compressor VT 065/24","https://pt.scribd.com/document/848137895/Boletim-de-Servico-VT-065-24-Instalacao-do-suporte-do-compressor","PT","scribd_login_usuario","candidato_forte_sem_download_nesta_rodada","82","Resultado Scribd cita BM115 e BM135, boletim de serviço VT 065/24."
"2026-07-01T12:06:42","valtra2_scribd_familias_20260701","VALTRA","BM135","ficha_tecnica_folheto","Scribd","BM115 BM135 Valtra","Valtra BM 115 e 135","https://pt.scribd.com/document/1051956327/Valtra-BM-115-e-135","PT","scribd_login_usuario","candidato_forte_sem_download_nesta_rodada","80","Folheto/ficha de 2 paginas para linha BM 115 e 135."
"2026-07-01T12:14:26","valtra2_scribd_bt_20260701","VALTRA","BT170","manual_operador","Scribd","Valtra BT170 BT190 BT210 manual PDF","Valtra BT Series Operator Manual","https://pt.scribd.com/document/809136583/VALTRA-ACW0843810-EN-preview","EN","scribd_login_usuario","validado_baixado","95","Conteudo validado: Operator Manual Series BT Tractor BT150 BT170 BT190 BT210, AGCO 2018, ACW0843810."
"2026-07-01T12:14:26","valtra2_scribd_bt_20260701","VALTRA","BT190","manual_operador","Scribd","Valtra BT170 BT190 BT210 manual PDF","Valtra BT Series Operator Manual","https://pt.scribd.com/document/809136583/VALTRA-ACW0843810-EN-preview","EN","scribd_login_usuario","validado_baixado","95","Conteudo validado: Operator Manual Series BT Tractor BT150 BT170 BT190 BT210, AGCO 2018, ACW0843810."
"2026-07-01T12:14:26","valtra2_scribd_bt_20260701","VALTRA","BT210","manual_operador","Scribd","Valtra BT170 BT190 BT210 manual PDF","Valtra BT Series Operator Manual","https://pt.scribd.com/document/809136583/VALTRA-ACW0843810-EN-preview","EN","scribd_login_usuario","validado_baixado","95","Conteudo validado: Operator Manual Series BT Tractor BT150 BT170 BT190 BT210, AGCO 2018, ACW0843810."
"2026-07-01T12:14:26","valtra2_scribd_bt_20260701","VALTRA","BT210","catalogo_pecas_sistema_eletrico","Scribd","Valtra BT210 sistema eletrico catalogo pecas","Catálogo de Peças Trator BT210 - Sistema Elétrico","https://pt.scribd.com/document/520696984/SISTEMA-ELETRICO","PT","scribd_login_usuario","validado_baixado","94","Conteudo validado: Trator BT210, sistema eletrico, motor de partida, alternador, chicotes, 25 paginas."
