"data_download","batch_id","marca","modelo","tipo_documento","fonte","url","arquivo_local","tamanho_bytes","paginas","sha256","status","observacao"
"2026-07-01T10:39:48","usuario_zip_valtra_20260701","VALTRA","A125 HiTech","catalogo_pecas","ZIP usuario - Scribd/oficial informado","zip://TRATORES AGRICOLAS VALTRA 2-20260701T123625Z-3-001.zip!/TRATORES AGRICOLAS VALTRA 2/A125 HiTech/CATALOGO DE PEÇAS DOS TRATORES VALTRA-VALMET.pdf","E:\MANUAIS_APPMAQ\Trator Agricola\VALTRA\A125 HiTech\03_catalogo_pecas\CATALOGO DE PEÇAS DOS TRATORES VALTRA-VALMET.pdf","5137991","pendente","pendente","importado_usuario_zip_pendente_validacao_conteudo","Documento estava dentro da pasta do modelo no ZIP do usuario."
"2026-07-01T10:39:48","usuario_zip_valtra_20260701","VALTRA","A125 HiTech","ficha_tecnica_folheto","ZIP usuario - Scribd/oficial informado","zip://TRATORES AGRICOLAS VALTRA 2-20260701T123625Z-3-001.zip!/TRATORES AGRICOLAS VALTRA 2/A125 HiTech/FOLHETO DOS TRATORES AGRICOLAS A5 HITECH.pdf","E:\MANUAIS_APPMAQ\Trator Agricola\VALTRA\A125 HiTech\07_ficha_tecnica_folheto\FOLHETO DOS TRATORES AGRICOLAS A5 HITECH.pdf","240866","pendente","pendente","importado_usuario_zip_pendente_validacao_conteudo","Documento estava dentro da pasta do modelo no ZIP do usuario."
"2026-07-01T10:39:48","usuario_zip_valtra_20260701","VALTRA","A134H","catalogo_pecas","ZIP usuario - Scribd/oficial informado","zip://TRATORES AGRICOLAS VALTRA 2-20260701T123625Z-3-001.zip!/TRATORES AGRICOLAS VALTRA 2/A134H/CATALOGO DE PEÇAS DOS TRATORES VALTRA-VALMET.pdf","E:\MANUAIS_APPMAQ\Trator Agricola\VALTRA\A134H\03_catalogo_pecas\CATALOGO DE PEÇAS DOS TRATORES VALTRA-VALMET.pdf","5137991","pendente","pendente","importado_usuario_zip_pendente_validacao_conteudo","Documento estava dentro da pasta do modelo no ZIP do usuario."
"2026-07-01T10:39:48","usuario_zip_valtra_20260701","VALTRA","A134H","ficha_tecnica_folheto","ZIP usuario - Scribd/oficial informado","zip://TRATORES AGRICOLAS VALTRA 2-20260701T123625Z-3-001.zip!/TRATORES AGRICOLAS VALTRA 2/A134H/FOLHETO DOS TRATORES AGRICOLAS A4 HITECH.pdf","E:\MANUAIS_APPMAQ\Trator Agricola\VALTRA\A134H\07_ficha_tecnica_folheto\FOLHETO DOS TRATORES AGRICOLAS A4 HITECH.pdf","3401868","pendente","pendente","importado_usuario_zip_pendente_validacao_conteudo","Documento estava dentro da pasta do modelo no ZIP do usuario."
"2026-07-01T10:39:48","usuario_zip_valtra_20260701","VALTRA","A134H","manual_operador","ZIP usuario - Scribd/oficial informado","zip://TRATORES AGRICOLAS VALTRA 2-20260701T123625Z-3-001.zip!/TRATORES AGRICOLAS VALTRA 2/A134H/MANUAL COM INSTRUÇÕES SOBRE OPERAÇÃO, MANUTENÇÃO E SEGURANÇA PARA TRATORES VALTRA.pdf","E:\MANUAIS_APPMAQ\Trator Agricola\VALTRA\A134H\01_manual_operador\MANUAL COM INSTRUÇÕES SOBRE OPERAÇÃO, MANUTENÇÃO E SEGURANÇA PARA TRATORES VALTRA.pdf","36212149","pendente","pendente","importado_usuario_zip_pendente_validacao_conteudo","Documento estava dentro da pasta do modelo no ZIP do usuario."
"2026-07-01T10:39:48","usuario_zip_valtra_20260701","VALTRA","A135","catalogo_pecas","ZIP usuario - Scribd/oficial informado","zip://TRATORES AGRICOLAS VALTRA 2-20260701T123625Z-3-001.zip!/TRATORES AGRICOLAS VALTRA 2/A135/CATALOGO DE PEÇAS DOS TRATORES VALTRA-VALMET.pdf","E:\MANUAIS_APPMAQ\Trator Agricola\VALTRA\A135\03_catalogo_pecas\CATALOGO DE PEÇAS DOS TRATORES VALTRA-VALMET.pdf","5137991","pendente","pendente","importado_usuario_zip_pendente_validacao_conteudo","Documento estava dentro da pasta do modelo no ZIP do usuario."
"2026-07-01T10:39:48","usuario_zip_valtra_20260701","VALTRA","A135","ficha_tecnica_folheto","ZIP usuario - Scribd/oficial informado","zip://TRATORES AGRICOLAS VALTRA 2-20260701T123625Z-3-001.zip!/TRATORES AGRICOLAS VALTRA 2/A135/FOLHETO DOS TRATORES AGRICOLAS A5.pdf","E:\MANUAIS_APPMAQ\Trator Agricola\VALTRA\A135\07_ficha_tecnica_folheto\FOLHETO DOS TRATORES AGRICOLAS A5.pdf","2378539","pendente","pendente","importado_usuario_zip_pendente_validacao_conteudo","Documento estava dentro da pasta do modelo no ZIP do usuario."
"2026-07-01T10:39:48","usuario_zip_valtra_20260701","VALTRA","A135","manual_operador","ZIP usuario - Scribd/oficial informado","zip://TRATORES AGRICOLAS VALTRA 2-20260701T123625Z-3-001.zip!/TRATORES AGRICOLAS VALTRA 2/A135/MANUAL COM INSTRUÇÕES SOBRE OPERAÇÃO, MANUTENÇÃO E SEGURANÇA PARA TRATORES VALTRA.pdf","E:\MANUAIS_APPMAQ\Trator Agricola\VALTRA\A135\01_manual_operador\MANUAL COM INSTRUÇÕES SOBRE OPERAÇÃO, MANUTENÇÃO E SEGURANÇA PARA TRATORES VALTRA.pdf","36212149","pendente","pendente","importado_usuario_zip_pendente_validacao_conteudo","Documento estava dentro da pasta do modelo no ZIP do usuario."
"2026-07-01T10:39:48","usuario_zip_valtra_20260701","VALTRA","A135 HiTech","catalogo_pecas","ZIP usuario - Scribd/oficial informado","zip://TRATORES AGRICOLAS VALTRA 2-20260701T123625Z-3-001.zip!/TRATORES AGRICOLAS VALTRA 2/A135 HiTech/CATALOGO DE PEÇAS DOS TRATORES VALTRA-VALMET.pdf","E:\MANUAIS_APPMAQ\Trator Agricola\VALTRA\A135 HiTech\03_catalogo_pecas\CATALOGO DE PEÇAS DOS TRATORES VALTRA-VALMET.pdf","5137991","pendente","pendente","importado_usuario_zip_pendente_validacao_conteudo","Documento estava dentro da pasta do modelo no ZIP do usuario."
"2026-07-01T10:39:48","usuario_zip_valtra_20260701","VALTRA","A135 HiTech","ficha_tecnica_folheto","ZIP usuario - Scribd/oficial informado","zip://TRATORES AGRICOLAS VALTRA 2-20260701T123625Z-3-001.zip!/TRATORES AGRICOLAS VALTRA 2/A135 HiTech/FOLHETO DOS TRATORES AGRICOLAS A5 HITECH.pdf","E:\MANUAIS_APPMAQ\Trator Agricola\VALTRA\A135 HiTech\07_ficha_tecnica_folheto\FOLHETO DOS TRATORES AGRICOLAS A5 HITECH.pdf","240866","pendente","pendente","importado_usuario_zip_pendente_validacao_conteudo","Documento estava dentro da pasta do modelo no ZIP do usuario."
"2026-07-01T10:39:48","usuario_zip_valtra_20260701","VALTRA","A135 HiTech","manual_operador","ZIP usuario - Scribd/oficial informado","zip://TRATORES AGRICOLAS VALTRA 2-20260701T123625Z-3-001.zip!/TRATORES AGRICOLAS VALTRA 2/A135 HiTech/MANUAL COM INSTRUÇÕES SOBRE OPERAÇÃO, MANUTENÇÃO E SEGURANÇA PARA TRATORES VALTRA.pdf","E:\MANUAIS_APPMAQ\Trator Agricola\VALTRA\A135 HiTech\01_manual_operador\MANUAL COM INSTRUÇÕES SOBRE OPERAÇÃO, MANUTENÇÃO E SEGURANÇA PARA TRATORES VALTRA.pdf","36212149","pendente","pendente","importado_usuario_zip_pendente_validacao_conteudo","Documento estava dentro da pasta do modelo no ZIP do usuario."
"2026-07-01T10:39:48","usuario_zip_valtra_20260701","VALTRA","A144","catalogo_pecas","ZIP usuario - Scribd/oficial informado","zip://TRATORES AGRICOLAS VALTRA 2-20260701T123625Z-3-001.zip!/TRATORES AGRICOLAS VALTRA 2/A144/CATALOGO DE PEÇAS DOS TRATORES VALTRA-VALMET.pdf","E:\MANUAIS_APPMAQ\Trator Agricola\VALTRA\A144\03_catalogo_pecas\CATALOGO DE PEÇAS DOS TRATORES VALTRA-VALMET.pdf","5137991","pendente","pendente","importado_usuario_zip_pendente_validacao_conteudo","Documento estava dentro da pasta do modelo no ZIP do usuario."
"2026-07-01T10:39:48","usuario_zip_valtra_20260701","VALTRA","A144","ficha_tecnica_folheto","ZIP usuario - Scribd/oficial informado","zip://TRATORES AGRICOLAS VALTRA 2-20260701T123625Z-3-001.zip!/TRATORES AGRICOLAS VALTRA 2/A144/FOLHETO COM  INFORMAÇÕES SOBRE ECONOMIA DE COMBUSTÍVEL, CONFORTO, VERSATILIDADE E TECNOLOGIA AVANÇADA DE TODOS TRATORES VALTRA..pdf","E:\MANUAIS_APPMAQ\Trator Agricola\VALTRA\A144\07_ficha_tecnica_folheto\FOLHETO COM INFORMAÇÕES SOBRE ECONOMIA DE COMBUSTÍVEL, CONFORTO, VERSATILIDADE E TECNOLOGIA AVANÇADA DE TODOS TRATORES VALTRA..pdf","189856864","pendente","pendente","importado_usuario_zip_pendente_validacao_conteudo","Documento estava dentro da pasta do modelo no ZIP do usuario."
"2026-07-01T10:39:48","usuario_zip_valtra_20260701","VALTRA","A144","ficha_tecnica_folheto","ZIP usuario - Scribd/oficial informado","zip://TRATORES AGRICOLAS VALTRA 2-20260701T123625Z-3-001.zip!/TRATORES AGRICOLAS VALTRA 2/A144/FOLHETO DOS TRATORES AGRICOLAS A4.pdf","E:\MANUAIS_APPMAQ\Trator Agricola\VALTRA\A144\07_ficha_tecnica_folheto\FOLHETO DOS TRATORES AGRICOLAS A4.pdf","2196975","pendente","pendente","importado_usuario_zip_pendente_validacao_conteudo","Documento estava dentro da pasta do modelo no ZIP do usuario."
"2026-07-01T10:39:48","usuario_zip_valtra_20260701","VALTRA","A144","manual_operador","ZIP usuario - Scribd/oficial informado","zip://TRATORES AGRICOLAS VALTRA 2-20260701T123625Z-3-001.zip!/TRATORES AGRICOLAS VALTRA 2/A144/MANUAL COM INSTRUÇÕES SOBRE OPERAÇÃO, MANUTENÇÃO E SEGURANÇA PARA TRATORES VALTRA.pdf","E:\MANUAIS_APPMAQ\Trator Agricola\VALTRA\A144\01_manual_operador\MANUAL COM INSTRUÇÕES SOBRE OPERAÇÃO, MANUTENÇÃO E SEGURANÇA PARA TRATORES VALTRA.pdf","36212149","pendente","pendente","importado_usuario_zip_pendente_validacao_conteudo","Documento estava dentro da pasta do modelo no ZIP do usuario."
"2026-07-01T10:39:48","usuario_zip_valtra_20260701","VALTRA","A144L","catalogo_pecas","ZIP usuario - Scribd/oficial informado","zip://TRATORES AGRICOLAS VALTRA 2-20260701T123625Z-3-001.zip!/TRATORES AGRICOLAS VALTRA 2/A144L/CATALOGO DE PEÇAS DOS TRATORES VALTRA-VALMET.pdf","E:\MANUAIS_APPMAQ\Trator Agricola\VALTRA\A144L\03_catalogo_pecas\CATALOGO DE PEÇAS DOS TRATORES VALTRA-VALMET.pdf","5137991","pendente","pendente","importado_usuario_zip_pendente_validacao_conteudo","Documento estava dentro da pasta do modelo no ZIP do usuario."
"2026-07-01T10:39:48","usuario_zip_valtra_20260701","VALTRA","A144L","manual_operador","ZIP usuario - Scribd/oficial informado","zip://TRATORES AGRICOLAS VALTRA 2-20260701T123625Z-3-001.zip!/TRATORES AGRICOLAS VALTRA 2/A144L/MANUAL COM INSTRUÇÕES SOBRE OPERAÇÃO, MANUTENÇÃO E SEGURANÇA PARA TRATORES VALTRA.pdf","E:\MANUAIS_APPMAQ\Trator Agricola\VALTRA\A144L\01_manual_operador\MANUAL COM INSTRUÇÕES SOBRE OPERAÇÃO, MANUTENÇÃO E SEGURANÇA PARA TRATORES VALTRA.pdf","36212149","pendente","pendente","importado_usuario_zip_pendente_validacao_conteudo","Documento estava dentro da pasta do modelo no ZIP do usuario."
"2026-07-01T10:39:48","usuario_zip_valtra_20260701","VALTRA","A144LC","catalogo_pecas","ZIP usuario - Scribd/oficial informado","zip://TRATORES AGRICOLAS VALTRA 2-20260701T123625Z-3-001.zip!/TRATORES AGRICOLAS VALTRA 2/A144LC/CATALOGO DE PEÇAS DOS TRATORES VALTRA-VALMET.pdf","E:\MANUAIS_APPMAQ\Trator Agricola\VALTRA\A144LC\03_catalogo_pecas\CATALOGO DE PEÇAS DOS TRATORES VALTRA-VALMET.pdf","5137991","pendente","pendente","importado_usuario_zip_pendente_validacao_conteudo","Documento estava dentro da pasta do modelo no ZIP do usuario."
"2026-07-01T10:39:48","usuario_zip_valtra_20260701","VALTRA","A144LC","manual_complementar","ZIP usuario - Scribd/oficial informado","zip://TRATORES AGRICOLAS VALTRA 2-20260701T123625Z-3-001.zip!/TRATORES AGRICOLAS VALTRA 2/A144LC/MANUAL COM INSTRUÇÕES PARA TRATORES VALTRA.pdf","E:\MANUAIS_APPMAQ\Trator Agricola\VALTRA\A144LC\08_manual_complementar\MANUAL COM INSTRUÇÕES PARA TRATORES VALTRA.pdf","56623982","pendente","pendente","importado_usuario_zip_pendente_validacao_conteudo","Documento estava dentro da pasta do modelo no ZIP do usuario."
"2026-07-01T10:39:48","usuario_zip_valtra_20260701","VALTRA","A144LC","manual_operador","ZIP usuario - Scribd/oficial informado","zip://TRATORES AGRICOLAS VALTRA 2-20260701T123625Z-3-001.zip!/TRATORES AGRICOLAS VALTRA 2/A144LC/MANUAL COM INSTRUÇÕES SOBRE OPERAÇÃO, MANUTENÇÃO E SEGURANÇA PARA TRATORES VALTRA.pdf","E:\MANUAIS_APPMAQ\Trator Agricola\VALTRA\A144LC\01_manual_operador\MANUAL COM INSTRUÇÕES SOBRE OPERAÇÃO, MANUTENÇÃO E SEGURANÇA PARA TRATORES VALTRA.pdf","36212149","pendente","pendente","importado_usuario_zip_pendente_validacao_conteudo","Documento estava dentro da pasta do modelo no ZIP do usuario."
"2026-07-01T10:39:48","usuario_zip_valtra_20260701","VALTRA","A145","catalogo_pecas","ZIP usuario - Scribd/oficial informado","zip://TRATORES AGRICOLAS VALTRA 2-20260701T123625Z-3-001.zip!/TRATORES AGRICOLAS VALTRA 2/A145/CATALOGO DE PEÇAS DOS TRATORES VALTRA-VALMET.pdf","E:\MANUAIS_APPMAQ\Trator Agricola\VALTRA\A145\03_catalogo_pecas\CATALOGO DE PEÇAS DOS TRATORES VALTRA-VALMET.pdf","5137991","pendente","pendente","importado_usuario_zip_pendente_validacao_conteudo","Documento estava dentro da pasta do modelo no ZIP do usuario."
"2026-07-01T10:39:48","usuario_zip_valtra_20260701","VALTRA","A145","ficha_tecnica_folheto","ZIP usuario - Scribd/oficial informado","zip://TRATORES AGRICOLAS VALTRA 2-20260701T123625Z-3-001.zip!/TRATORES AGRICOLAS VALTRA 2/A145/FOLHETO DOS TRATORES AGRICOLAS A5.pdf","E:\MANUAIS_APPMAQ\Trator Agricola\VALTRA\A145\07_ficha_tecnica_folheto\FOLHETO DOS TRATORES AGRICOLAS A5.pdf","2378539","pendente","pendente","importado_usuario_zip_pendente_validacao_conteudo","Documento estava dentro da pasta do modelo no ZIP do usuario."
"2026-07-01T10:39:48","usuario_zip_valtra_20260701","VALTRA","A145","manual_operador","ZIP usuario - Scribd/oficial informado","zip://TRATORES AGRICOLAS VALTRA 2-20260701T123625Z-3-001.zip!/TRATORES AGRICOLAS VALTRA 2/A145/MANUAL COM INSTRUÇÕES SOBRE OPERAÇÃO, MANUTENÇÃO E SEGURANÇA PARA TRATORES VALTRA.pdf","E:\MANUAIS_APPMAQ\Trator Agricola\VALTRA\A145\01_manual_operador\MANUAL COM INSTRUÇÕES SOBRE OPERAÇÃO, MANUTENÇÃO E SEGURANÇA PARA TRATORES VALTRA.pdf","36212149","pendente","pendente","importado_usuario_zip_pendente_validacao_conteudo","Documento estava dentro da pasta do modelo no ZIP do usuario."
"2026-07-01T10:39:48","usuario_zip_valtra_20260701","VALTRA","A145 HiTech","catalogo_pecas","ZIP usuario - Scribd/oficial informado","zip://TRATORES AGRICOLAS VALTRA 2-20260701T123625Z-3-001.zip!/TRATORES AGRICOLAS VALTRA 2/A145 HiTech/CATALOGO DE PEÇAS DOS TRATORES VALTRA-VALMET.pdf","E:\MANUAIS_APPMAQ\Trator Agricola\VALTRA\A145 HiTech\03_catalogo_pecas\CATALOGO DE PEÇAS DOS TRATORES VALTRA-VALMET.pdf","5137991","pendente","pendente","importado_usuario_zip_pendente_validacao_conteudo","Documento estava dentro da pasta do modelo no ZIP do usuario."
"2026-07-01T10:39:48","usuario_zip_valtra_20260701","VALTRA","A145 HiTech","ficha_tecnica_folheto","ZIP usuario - Scribd/oficial informado","zip://TRATORES AGRICOLAS VALTRA 2-20260701T123625Z-3-001.zip!/TRATORES AGRICOLAS VALTRA 2/A145 HiTech/FOLHETO DOS TRATORES AGRICOLAS A5 HITECH.pdf","E:\MANUAIS_APPMAQ\Trator Agricola\VALTRA\A145 HiTech\07_ficha_tecnica_folheto\FOLHETO DOS TRATORES AGRICOLAS A5 HITECH.pdf","240866","pendente","pendente","importado_usuario_zip_pendente_validacao_conteudo","Documento estava dentro da pasta do modelo no ZIP do usuario."
"2026-07-01T10:39:48","usuario_zip_valtra_20260701","VALTRA","A145 HiTech","manual_operador","ZIP usuario - Scribd/oficial informado","zip://TRATORES AGRICOLAS VALTRA 2-20260701T123625Z-3-001.zip!/TRATORES AGRICOLAS VALTRA 2/A145 HiTech/MANUAL COM INSTRUÇÕES SOBRE OPERAÇÃO, MANUTENÇÃO E SEGURANÇA PARA TRATORES VALTRA.pdf","E:\MANUAIS_APPMAQ\Trator Agricola\VALTRA\A145 HiTech\01_manual_operador\MANUAL COM INSTRUÇÕES SOBRE OPERAÇÃO, MANUTENÇÃO E SEGURANÇA PARA TRATORES VALTRA.pdf","36212149","pendente","pendente","importado_usuario_zip_pendente_validacao_conteudo","Documento estava dentro da pasta do modelo no ZIP do usuario."
"2026-07-01T10:39:48","usuario_zip_valtra_20260701","VALTRA","A52s","catalogo_pecas","ZIP usuario - Scribd/oficial informado","zip://TRATORES AGRICOLAS VALTRA 2-20260701T123625Z-3-001.zip!/TRATORES AGRICOLAS VALTRA 2/A52s/CATALOGO DE PEÇAS DOS TRATORES VALTRA-VALMET.pdf","E:\MANUAIS_APPMAQ\Trator Agricola\VALTRA\A52s\03_catalogo_pecas\CATALOGO DE PEÇAS DOS TRATORES VALTRA-VALMET.pdf","5137991","pendente","pendente","importado_usuario_zip_pendente_validacao_conteudo","Documento estava dentro da pasta do modelo no ZIP do usuario."
"2026-07-01T10:39:48","usuario_zip_valtra_20260701","VALTRA","A52s","ficha_tecnica_folheto","ZIP usuario - Scribd/oficial informado","zip://TRATORES AGRICOLAS VALTRA 2-20260701T123625Z-3-001.zip!/TRATORES AGRICOLAS VALTRA 2/A52s/FOLHETO DOS TRATORES AGRICOLAS A2s.pdf","E:\MANUAIS_APPMAQ\Trator Agricola\VALTRA\A52s\07_ficha_tecnica_folheto\FOLHETO DOS TRATORES AGRICOLAS A2s.pdf","2635207","pendente","pendente","importado_usuario_zip_pendente_validacao_conteudo","Documento estava dentro da pasta do modelo no ZIP do usuario."
"2026-07-01T10:39:48","usuario_zip_valtra_20260701","VALTRA","A52s","manual_operador","ZIP usuario - Scribd/oficial informado","zip://TRATORES AGRICOLAS VALTRA 2-20260701T123625Z-3-001.zip!/TRATORES AGRICOLAS VALTRA 2/A52s/MANUAL COM INSTRUÇÕES SOBRE OPERAÇÃO, MANUTENÇÃO E SEGURANÇA PARA TRATORES VALTRA.pdf","E:\MANUAIS_APPMAQ\Trator Agricola\VALTRA\A52s\01_manual_operador\MANUAL COM INSTRUÇÕES SOBRE OPERAÇÃO, MANUTENÇÃO E SEGURANÇA PARA TRATORES VALTRA.pdf","36212149","pendente","pendente","importado_usuario_zip_pendente_validacao_conteudo","Documento estava dentro da pasta do modelo no ZIP do usuario."
"2026-07-01T10:39:48","usuario_zip_valtra_20260701","VALTRA","A550","catalogo_pecas","ZIP usuario - Scribd/oficial informado","zip://TRATORES AGRICOLAS VALTRA 2-20260701T123625Z-3-001.zip!/TRATORES AGRICOLAS VALTRA 2/A550/CATALOGO DE PEÇAS DOS TRATORES VALTRA-VALMET.pdf","E:\MANUAIS_APPMAQ\Trator Agricola\VALTRA\A550\03_catalogo_pecas\CATALOGO DE PEÇAS DOS TRATORES VALTRA-VALMET.pdf","5137991","pendente","pendente","importado_usuario_zip_pendente_validacao_conteudo","Documento estava dentro da pasta do modelo no ZIP do usuario."
"2026-07-01T10:39:48","usuario_zip_valtra_20260701","VALTRA","A550","ficha_tecnica_folheto","ZIP usuario - Scribd/oficial informado","zip://TRATORES AGRICOLAS VALTRA 2-20260701T123625Z-3-001.zip!/TRATORES AGRICOLAS VALTRA 2/A550/FOLHETO COM  INFORMAÇÕES SOBRE ECONOMIA DE COMBUSTÍVEL, CONFORTO, VERSATILIDADE E TECNOLOGIA AVANÇADA DE TODOS TRATORES VALTRA..pdf","E:\MANUAIS_APPMAQ\Trator Agricola\VALTRA\A550\07_ficha_tecnica_folheto\FOLHETO COM INFORMAÇÕES SOBRE ECONOMIA DE COMBUSTÍVEL, CONFORTO, VERSATILIDADE E TECNOLOGIA AVANÇADA DE TODOS TRATORES VALTRA..pdf","189856864","pendente","pendente","importado_usuario_zip_pendente_validacao_conteudo","Documento estava dentro da pasta do modelo no ZIP do usuario."
"2026-07-01T10:39:48","usuario_zip_valtra_20260701","VALTRA","A550","manual_complementar","ZIP usuario - Scribd/oficial informado","zip://TRATORES AGRICOLAS VALTRA 2-20260701T123625Z-3-001.zip!/TRATORES AGRICOLAS VALTRA 2/A550/MANUAL COM INSTRUÇÕES PARA TRATORES VALTRA.pdf","E:\MANUAIS_APPMAQ\Trator Agricola\VALTRA\A550\08_manual_complementar\MANUAL COM INSTRUÇÕES PARA TRATORES VALTRA.pdf","56623982","pendente","pendente","importado_usuario_zip_pendente_validacao_conteudo","Documento estava dentro da pasta do modelo no ZIP do usuario."
"2026-07-01T10:39:48","usuario_zip_valtra_20260701","VALTRA","A550","manual_operador","ZIP usuario - Scribd/oficial informado","zip://TRATORES AGRICOLAS VALTRA 2-20260701T123625Z-3-001.zip!/TRATORES AGRICOLAS VALTRA 2/A550/MANUAL COM INSTRUÇÕES SOBRE OPERAÇÃO, MANUTENÇÃO E SEGURANÇA PARA TRATORES VALTRA.pdf","E:\MANUAIS_APPMAQ\Trator Agricola\VALTRA\A550\01_manual_operador\MANUAL COM INSTRUÇÕES SOBRE OPERAÇÃO, MANUTENÇÃO E SEGURANÇA PARA TRATORES VALTRA.pdf","36212149","pendente","pendente","importado_usuario_zip_pendente_validacao_conteudo","Documento estava dentro da pasta do modelo no ZIP do usuario."
"2026-07-01T10:39:48","usuario_zip_valtra_20260701","VALTRA","A62s","catalogo_pecas","ZIP usuario - Scribd/oficial informado","zip://TRATORES AGRICOLAS VALTRA 2-20260701T123625Z-3-001.zip!/TRATORES AGRICOLAS VALTRA 2/A62s/CATALOGO DE PEÇAS DOS TRATORES VALTRA-VALMET.pdf","E:\MANUAIS_APPMAQ\Trator Agricola\VALTRA\A62s\03_catalogo_pecas\CATALOGO DE PEÇAS DOS TRATORES VALTRA-VALMET.pdf","5137991","pendente","pendente","importado_usuario_zip_pendente_validacao_conteudo","Documento estava dentro da pasta do modelo no ZIP do usuario."
"2026-07-01T10:39:48","usuario_zip_valtra_20260701","VALTRA","A62s","ficha_tecnica_folheto","ZIP usuario - Scribd/oficial informado","zip://TRATORES AGRICOLAS VALTRA 2-20260701T123625Z-3-001.zip!/TRATORES AGRICOLAS VALTRA 2/A62s/FOLHETO DOS TRATORES AGRICOLAS A2s.pdf","E:\MANUAIS_APPMAQ\Trator Agricola\VALTRA\A62s\07_ficha_tecnica_folheto\FOLHETO DOS TRATORES AGRICOLAS A2s.pdf","2635207","pendente","pendente","importado_usuario_zip_pendente_validacao_conteudo","Documento estava dentro da pasta do modelo no ZIP do usuario."
"2026-07-01T10:39:48","usuario_zip_valtra_20260701","VALTRA","A62s","manual_operador","ZIP usuario - Scribd/oficial informado","zip://TRATORES AGRICOLAS VALTRA 2-20260701T123625Z-3-001.zip!/TRATORES AGRICOLAS VALTRA 2/A62s/MANUAL COM INSTRUÇÕES SOBRE OPERAÇÃO, MANUTENÇÃO E SEGURANÇA PARA TRATORES VALTRA.pdf","E:\MANUAIS_APPMAQ\Trator Agricola\VALTRA\A62s\01_manual_operador\MANUAL COM INSTRUÇÕES SOBRE OPERAÇÃO, MANUTENÇÃO E SEGURANÇA PARA TRATORES VALTRA.pdf","36212149","pendente","pendente","importado_usuario_zip_pendente_validacao_conteudo","Documento estava dentro da pasta do modelo no ZIP do usuario."
"2026-07-01T10:39:48","usuario_zip_valtra_20260701","VALTRA","A63F","catalogo_pecas","ZIP usuario - Scribd/oficial informado","zip://TRATORES AGRICOLAS VALTRA 2-20260701T123625Z-3-001.zip!/TRATORES AGRICOLAS VALTRA 2/A63F/CATALOGO DE PEÇAS DOS TRATORES VALTRA-VALMET.pdf","E:\MANUAIS_APPMAQ\Trator Agricola\VALTRA\A63F\03_catalogo_pecas\CATALOGO DE PEÇAS DOS TRATORES VALTRA-VALMET.pdf","5137991","pendente","pendente","importado_usuario_zip_pendente_validacao_conteudo","Documento estava dentro da pasta do modelo no ZIP do usuario."
"2026-07-01T10:39:48","usuario_zip_valtra_20260701","VALTRA","A63F","manual_operador","ZIP usuario - Scribd/oficial informado","zip://TRATORES AGRICOLAS VALTRA 2-20260701T123625Z-3-001.zip!/TRATORES AGRICOLAS VALTRA 2/A63F/MANUAL COM INSTRUÇÕES SOBRE OPERAÇÃO, MANUTENÇÃO E SEGURANÇA PARA TRATORES VALTRA.pdf","E:\MANUAIS_APPMAQ\Trator Agricola\VALTRA\A63F\01_manual_operador\MANUAL COM INSTRUÇÕES SOBRE OPERAÇÃO, MANUTENÇÃO E SEGURANÇA PARA TRATORES VALTRA.pdf","36212149","pendente","pendente","importado_usuario_zip_pendente_validacao_conteudo","Documento estava dentro da pasta do modelo no ZIP do usuario."
"2026-07-01T10:39:48","usuario_zip_valtra_20260701","VALTRA","A63F","manual_operador","ZIP usuario - Scribd/oficial informado","zip://TRATORES AGRICOLAS VALTRA 2-20260701T123625Z-3-001.zip!/TRATORES AGRICOLAS VALTRA 2/A63F/MANUAL DO OPERADOR TRATOR VALTRA A3F.pdf","E:\MANUAIS_APPMAQ\Trator Agricola\VALTRA\A63F\01_manual_operador\MANUAL DO OPERADOR TRATOR VALTRA A3F.pdf","688087","pendente","pendente","importado_usuario_zip_pendente_validacao_conteudo","Documento estava dentro da pasta do modelo no ZIP do usuario."
"2026-07-01T10:39:48","usuario_zip_valtra_20260701","VALTRA","A63F","manual_operador","ZIP usuario - Scribd/oficial informado","zip://TRATORES AGRICOLAS VALTRA 2-20260701T123625Z-3-001.zip!/TRATORES AGRICOLAS VALTRA 2/A63F/MANUAL DO OPERADOR TRATOR VALTRA SERIE A3F EM ESPANHOL.pdf","E:\MANUAIS_APPMAQ\Trator Agricola\VALTRA\A63F\01_manual_operador\MANUAL DO OPERADOR TRATOR VALTRA SERIE A3F EM ESPANHOL.pdf","5533757","pendente","pendente","importado_usuario_zip_pendente_validacao_conteudo","Documento estava dentro da pasta do modelo no ZIP do usuario."
"2026-07-01T10:39:48","usuario_zip_valtra_20260701","VALTRA","A73F","catalogo_pecas","ZIP usuario - Scribd/oficial informado","zip://TRATORES AGRICOLAS VALTRA 2-20260701T123625Z-3-001.zip!/TRATORES AGRICOLAS VALTRA 2/A73F/CATALOGO DE PEÇAS DOS TRATORES VALTRA-VALMET.pdf","E:\MANUAIS_APPMAQ\Trator Agricola\VALTRA\A73F\03_catalogo_pecas\CATALOGO DE PEÇAS DOS TRATORES VALTRA-VALMET.pdf","5137991","pendente","pendente","importado_usuario_zip_pendente_validacao_conteudo","Documento estava dentro da pasta do modelo no ZIP do usuario."
"2026-07-01T10:39:48","usuario_zip_valtra_20260701","VALTRA","A73F","manual_operador","ZIP usuario - Scribd/oficial informado","zip://TRATORES AGRICOLAS VALTRA 2-20260701T123625Z-3-001.zip!/TRATORES AGRICOLAS VALTRA 2/A73F/MANUAL COM INSTRUÇÕES SOBRE OPERAÇÃO, MANUTENÇÃO E SEGURANÇA PARA TRATORES VALTRA.pdf","E:\MANUAIS_APPMAQ\Trator Agricola\VALTRA\A73F\01_manual_operador\MANUAL COM INSTRUÇÕES SOBRE OPERAÇÃO, MANUTENÇÃO E SEGURANÇA PARA TRATORES VALTRA.pdf","36212149","pendente","pendente","importado_usuario_zip_pendente_validacao_conteudo","Documento estava dentro da pasta do modelo no ZIP do usuario."
"2026-07-01T10:39:48","usuario_zip_valtra_20260701","VALTRA","A73F","manual_operador","ZIP usuario - Scribd/oficial informado","zip://TRATORES AGRICOLAS VALTRA 2-20260701T123625Z-3-001.zip!/TRATORES AGRICOLAS VALTRA 2/A73F/MANUAL DO OPERADOR TRATOR VALTRA A3F.pdf","E:\MANUAIS_APPMAQ\Trator Agricola\VALTRA\A73F\01_manual_operador\MANUAL DO OPERADOR TRATOR VALTRA A3F.pdf","688087","pendente","pendente","importado_usuario_zip_pendente_validacao_conteudo","Documento estava dentro da pasta do modelo no ZIP do usuario."
"2026-07-01T10:39:48","usuario_zip_valtra_20260701","VALTRA","A73F","manual_operador","ZIP usuario - Scribd/oficial informado","zip://TRATORES AGRICOLAS VALTRA 2-20260701T123625Z-3-001.zip!/TRATORES AGRICOLAS VALTRA 2/A73F/MANUAL DO OPERADOR TRATOR VALTRA SERIE A3F EM ESPANHOL.pdf","E:\MANUAIS_APPMAQ\Trator Agricola\VALTRA\A73F\01_manual_operador\MANUAL DO OPERADOR TRATOR VALTRA SERIE A3F EM ESPANHOL.pdf","5533757","pendente","pendente","importado_usuario_zip_pendente_validacao_conteudo","Documento estava dentro da pasta do modelo no ZIP do usuario."
"2026-07-01T10:39:48","usuario_zip_valtra_20260701","VALTRA","A74","catalogo_pecas","ZIP usuario - Scribd/oficial informado","zip://TRATORES AGRICOLAS VALTRA 2-20260701T123625Z-3-001.zip!/TRATORES AGRICOLAS VALTRA 2/A74/CATALOGO DE PEÇAS DOS TRATORES VALTRA-VALMET.pdf","E:\MANUAIS_APPMAQ\Trator Agricola\VALTRA\A74\03_catalogo_pecas\CATALOGO DE PEÇAS DOS TRATORES VALTRA-VALMET.pdf","5137991","pendente","pendente","importado_usuario_zip_pendente_validacao_conteudo","Documento estava dentro da pasta do modelo no ZIP do usuario."
"2026-07-01T10:39:48","usuario_zip_valtra_20260701","VALTRA","A74","manual_complementar","ZIP usuario - Scribd/oficial informado","zip://TRATORES AGRICOLAS VALTRA 2-20260701T123625Z-3-001.zip!/TRATORES AGRICOLAS VALTRA 2/A74/MANUAL COM INSTRUÇÕES PARA TRATORES VALTRA.pdf","E:\MANUAIS_APPMAQ\Trator Agricola\VALTRA\A74\08_manual_complementar\MANUAL COM INSTRUÇÕES PARA TRATORES VALTRA.pdf","56623982","pendente","pendente","importado_usuario_zip_pendente_validacao_conteudo","Documento estava dentro da pasta do modelo no ZIP do usuario."
"2026-07-01T10:39:48","usuario_zip_valtra_20260701","VALTRA","A74","manual_operador","ZIP usuario - Scribd/oficial informado","zip://TRATORES AGRICOLAS VALTRA 2-20260701T123625Z-3-001.zip!/TRATORES AGRICOLAS VALTRA 2/A74/MANUAL COM INSTRUÇÕES SOBRE OPERAÇÃO, MANUTENÇÃO E SEGURANÇA PARA TRATORES VALTRA.pdf","E:\MANUAIS_APPMAQ\Trator Agricola\VALTRA\A74\01_manual_operador\MANUAL COM INSTRUÇÕES SOBRE OPERAÇÃO, MANUTENÇÃO E SEGURANÇA PARA TRATORES VALTRA.pdf","36212149","pendente","pendente","importado_usuario_zip_pendente_validacao_conteudo","Documento estava dentro da pasta do modelo no ZIP do usuario."
"2026-07-01T10:39:48","usuario_zip_valtra_20260701","VALTRA","A74s","catalogo_pecas","ZIP usuario - Scribd/oficial informado","zip://TRATORES AGRICOLAS VALTRA 2-20260701T123625Z-3-001.zip!/TRATORES AGRICOLAS VALTRA 2/A74s/CATALOGO DE PEÇAS DOS TRATORES VALTRA-VALMET.pdf","E:\MANUAIS_APPMAQ\Trator Agricola\VALTRA\A74s\03_catalogo_pecas\CATALOGO DE PEÇAS DOS TRATORES VALTRA-VALMET.pdf","5137991","pendente","pendente","importado_usuario_zip_pendente_validacao_conteudo","Documento estava dentro da pasta do modelo no ZIP do usuario."
"2026-07-01T10:39:48","usuario_zip_valtra_20260701","VALTRA","A74s","ficha_tecnica_folheto","ZIP usuario - Scribd/oficial informado","zip://TRATORES AGRICOLAS VALTRA 2-20260701T123625Z-3-001.zip!/TRATORES AGRICOLAS VALTRA 2/A74s/FOLHETO SOBRE POTÊNCIA E VERSATILIDADE TRATORES VALTRA SÉRIE A4 E A4S.pdf","E:\MANUAIS_APPMAQ\Trator Agricola\VALTRA\A74s\07_ficha_tecnica_folheto\FOLHETO SOBRE POTÊNCIA E VERSATILIDADE TRATORES VALTRA SÉRIE A4 E A4S.pdf","2775219","pendente","pendente","importado_usuario_zip_pendente_validacao_conteudo","Documento estava dentro da pasta do modelo no ZIP do usuario."
"2026-07-01T10:39:48","usuario_zip_valtra_20260701","VALTRA","A74s","manual_manutencao","ZIP usuario - Scribd/oficial informado","zip://TRATORES AGRICOLAS VALTRA 2-20260701T123625Z-3-001.zip!/TRATORES AGRICOLAS VALTRA 2/A74s/MANUTENÇÃO PERIÓDICA TRATORES VALTRA A4S.pdf","E:\MANUAIS_APPMAQ\Trator Agricola\VALTRA\A74s\04_manual_manutencao\MANUTENÇÃO PERIÓDICA TRATORES VALTRA A4S.pdf","1217771","pendente","pendente","importado_usuario_zip_pendente_validacao_conteudo","Documento estava dentro da pasta do modelo no ZIP do usuario."
"2026-07-01T10:39:48","usuario_zip_valtra_20260701","VALTRA","A74s","manual_operador","ZIP usuario - Scribd/oficial informado","zip://TRATORES AGRICOLAS VALTRA 2-20260701T123625Z-3-001.zip!/TRATORES AGRICOLAS VALTRA 2/A74s/MANUAL COM INSTRUÇÕES SOBRE OPERAÇÃO, MANUTENÇÃO E SEGURANÇA PARA TRATORES VALTRA.pdf","E:\MANUAIS_APPMAQ\Trator Agricola\VALTRA\A74s\01_manual_operador\MANUAL COM INSTRUÇÕES SOBRE OPERAÇÃO, MANUTENÇÃO E SEGURANÇA PARA TRATORES VALTRA.pdf","36212149","pendente","pendente","importado_usuario_zip_pendente_validacao_conteudo","Documento estava dentro da pasta do modelo no ZIP do usuario."
"2026-07-01T10:39:48","usuario_zip_valtra_20260701","VALTRA","A74s","manual_servico_oficina","ZIP usuario - Scribd/oficial informado","zip://TRATORES AGRICOLAS VALTRA 2-20260701T123625Z-3-001.zip!/TRATORES AGRICOLAS VALTRA 2/A74s/MANUAL DE SERVIÇO DOS TRATORES VALTRA SERIE A4S - A74S A84S A94S.pdf","E:\MANUAIS_APPMAQ\Trator Agricola\VALTRA\A74s\02_manual_servico_oficina\MANUAL DE SERVIÇO DOS TRATORES VALTRA SERIE A4S - A74S A84S A94S.pdf","1761545","pendente","pendente","importado_usuario_zip_pendente_validacao_conteudo","Documento estava dentro da pasta do modelo no ZIP do usuario."
"2026-07-01T10:39:48","usuario_zip_valtra_20260701","VALTRA","A74SC","catalogo_pecas","ZIP usuario - Scribd/oficial informado","zip://TRATORES AGRICOLAS VALTRA 2-20260701T123625Z-3-001.zip!/TRATORES AGRICOLAS VALTRA 2/A74SC/CATALOGO DE PEÇAS DOS TRATORES VALTRA-VALMET.pdf","E:\MANUAIS_APPMAQ\Trator Agricola\VALTRA\A74SC\03_catalogo_pecas\CATALOGO DE PEÇAS DOS TRATORES VALTRA-VALMET.pdf","5137991","pendente","pendente","importado_usuario_zip_pendente_validacao_conteudo","Documento estava dentro da pasta do modelo no ZIP do usuario."
"2026-07-01T10:39:48","usuario_zip_valtra_20260701","VALTRA","A74SC","manual_operador","ZIP usuario - Scribd/oficial informado","zip://TRATORES AGRICOLAS VALTRA 2-20260701T123625Z-3-001.zip!/TRATORES AGRICOLAS VALTRA 2/A74SC/MANUAL COM INSTRUÇÕES SOBRE OPERAÇÃO, MANUTENÇÃO E SEGURANÇA PARA TRATORES VALTRA.pdf","E:\MANUAIS_APPMAQ\Trator Agricola\VALTRA\A74SC\01_manual_operador\MANUAL COM INSTRUÇÕES SOBRE OPERAÇÃO, MANUTENÇÃO E SEGURANÇA PARA TRATORES VALTRA.pdf","36212149","pendente","pendente","importado_usuario_zip_pendente_validacao_conteudo","Documento estava dentro da pasta do modelo no ZIP do usuario."
"2026-07-01T10:39:48","usuario_zip_valtra_20260701","VALTRA","A750","catalogo_pecas","ZIP usuario - Scribd/oficial informado","zip://TRATORES AGRICOLAS VALTRA 2-20260701T123625Z-3-001.zip!/TRATORES AGRICOLAS VALTRA 2/A750/CATALOGO DE PEÇAS DOS TRATORES VALTRA-VALMET.pdf","E:\MANUAIS_APPMAQ\Trator Agricola\VALTRA\A750\03_catalogo_pecas\CATALOGO DE PEÇAS DOS TRATORES VALTRA-VALMET.pdf","5137991","pendente","pendente","importado_usuario_zip_pendente_validacao_conteudo","Documento estava dentro da pasta do modelo no ZIP do usuario."
"2026-07-01T10:39:48","usuario_zip_valtra_20260701","VALTRA","A750","manual_operador","ZIP usuario - Scribd/oficial informado","zip://TRATORES AGRICOLAS VALTRA 2-20260701T123625Z-3-001.zip!/TRATORES AGRICOLAS VALTRA 2/A750/MANUAL COM INSTRUÇÕES SOBRE OPERAÇÃO, MANUTENÇÃO E SEGURANÇA PARA TRATORES VALTRA.pdf","E:\MANUAIS_APPMAQ\Trator Agricola\VALTRA\A750\01_manual_operador\MANUAL COM INSTRUÇÕES SOBRE OPERAÇÃO, MANUTENÇÃO E SEGURANÇA PARA TRATORES VALTRA.pdf","36212149","pendente","pendente","importado_usuario_zip_pendente_validacao_conteudo","Documento estava dentro da pasta do modelo no ZIP do usuario."
"2026-07-01T10:39:48","usuario_zip_valtra_20260701","VALTRA","A83F","catalogo_pecas","ZIP usuario - Scribd/oficial informado","zip://TRATORES AGRICOLAS VALTRA 2-20260701T123625Z-3-001.zip!/TRATORES AGRICOLAS VALTRA 2/A83F/CATALOGO DE PEÇAS DOS TRATORES VALTRA-VALMET.pdf","E:\MANUAIS_APPMAQ\Trator Agricola\VALTRA\A83F\03_catalogo_pecas\CATALOGO DE PEÇAS DOS TRATORES VALTRA-VALMET.pdf","5137991","pendente","pendente","importado_usuario_zip_pendente_validacao_conteudo","Documento estava dentro da pasta do modelo no ZIP do usuario."
"2026-07-01T10:39:48","usuario_zip_valtra_20260701","VALTRA","A83F","manual_operador","ZIP usuario - Scribd/oficial informado","zip://TRATORES AGRICOLAS VALTRA 2-20260701T123625Z-3-001.zip!/TRATORES AGRICOLAS VALTRA 2/A83F/MANUAL COM INSTRUÇÕES SOBRE OPERAÇÃO, MANUTENÇÃO E SEGURANÇA PARA TRATORES VALTRA.pdf","E:\MANUAIS_APPMAQ\Trator Agricola\VALTRA\A83F\01_manual_operador\MANUAL COM INSTRUÇÕES SOBRE OPERAÇÃO, MANUTENÇÃO E SEGURANÇA PARA TRATORES VALTRA.pdf","36212149","pendente","pendente","importado_usuario_zip_pendente_validacao_conteudo","Documento estava dentro da pasta do modelo no ZIP do usuario."
"2026-07-01T10:39:48","usuario_zip_valtra_20260701","VALTRA","A83F","manual_operador","ZIP usuario - Scribd/oficial informado","zip://TRATORES AGRICOLAS VALTRA 2-20260701T123625Z-3-001.zip!/TRATORES AGRICOLAS VALTRA 2/A83F/MANUAL DO OPERADOR TRATOR VALTRA A3F.pdf","E:\MANUAIS_APPMAQ\Trator Agricola\VALTRA\A83F\01_manual_operador\MANUAL DO OPERADOR TRATOR VALTRA A3F.pdf","688087","pendente","pendente","importado_usuario_zip_pendente_validacao_conteudo","Documento estava dentro da pasta do modelo no ZIP do usuario."
"2026-07-01T10:39:48","usuario_zip_valtra_20260701","VALTRA","A83F","manual_operador","ZIP usuario - Scribd/oficial informado","zip://TRATORES AGRICOLAS VALTRA 2-20260701T123625Z-3-001.zip!/TRATORES AGRICOLAS VALTRA 2/A83F/MANUAL DO OPERADOR TRATOR VALTRA SERIE A3F EM ESPANHOL.pdf","E:\MANUAIS_APPMAQ\Trator Agricola\VALTRA\A83F\01_manual_operador\MANUAL DO OPERADOR TRATOR VALTRA SERIE A3F EM ESPANHOL.pdf","5533757","pendente","pendente","importado_usuario_zip_pendente_validacao_conteudo","Documento estava dentro da pasta do modelo no ZIP do usuario."
"2026-07-01T10:39:48","usuario_zip_valtra_20260701","VALTRA","A84","catalogo_pecas","ZIP usuario - Scribd/oficial informado","zip://TRATORES AGRICOLAS VALTRA 2-20260701T123625Z-3-001.zip!/TRATORES AGRICOLAS VALTRA 2/A84/CATALOGO DE PEÇAS DOS TRATORES VALTRA-VALMET.pdf","E:\MANUAIS_APPMAQ\Trator Agricola\VALTRA\A84\03_catalogo_pecas\CATALOGO DE PEÇAS DOS TRATORES VALTRA-VALMET.pdf","5137991","pendente","pendente","importado_usuario_zip_pendente_validacao_conteudo","Documento estava dentro da pasta do modelo no ZIP do usuario."
"2026-07-01T10:39:48","usuario_zip_valtra_20260701","VALTRA","A84","manual_operador","ZIP usuario - Scribd/oficial informado","zip://TRATORES AGRICOLAS VALTRA 2-20260701T123625Z-3-001.zip!/TRATORES AGRICOLAS VALTRA 2/A84/MANUAL COM INSTRUÇÕES SOBRE OPERAÇÃO, MANUTENÇÃO E SEGURANÇA PARA TRATORES VALTRA.pdf","E:\MANUAIS_APPMAQ\Trator Agricola\VALTRA\A84\01_manual_operador\MANUAL COM INSTRUÇÕES SOBRE OPERAÇÃO, MANUTENÇÃO E SEGURANÇA PARA TRATORES VALTRA.pdf","36212149","pendente","pendente","importado_usuario_zip_pendente_validacao_conteudo","Documento estava dentro da pasta do modelo no ZIP do usuario."
"2026-07-01T10:39:48","usuario_zip_valtra_20260701","VALTRA","A84s","catalogo_pecas","ZIP usuario - Scribd/oficial informado","zip://TRATORES AGRICOLAS VALTRA 2-20260701T123625Z-3-001.zip!/TRATORES AGRICOLAS VALTRA 2/A84s/CATALOGO DE PEÇAS DOS TRATORES VALTRA-VALMET.pdf","E:\MANUAIS_APPMAQ\Trator Agricola\VALTRA\A84s\03_catalogo_pecas\CATALOGO DE PEÇAS DOS TRATORES VALTRA-VALMET.pdf","5137991","pendente","pendente","importado_usuario_zip_pendente_validacao_conteudo","Documento estava dentro da pasta do modelo no ZIP do usuario."
"2026-07-01T10:39:48","usuario_zip_valtra_20260701","VALTRA","A84s","ficha_tecnica_folheto","ZIP usuario - Scribd/oficial informado","zip://TRATORES AGRICOLAS VALTRA 2-20260701T123625Z-3-001.zip!/TRATORES AGRICOLAS VALTRA 2/A84s/FOLHETO SOBRE POTÊNCIA E VERSATILIDADE TRATORES VALTRA SÉRIE A4 E A4S.pdf","E:\MANUAIS_APPMAQ\Trator Agricola\VALTRA\A84s\07_ficha_tecnica_folheto\FOLHETO SOBRE POTÊNCIA E VERSATILIDADE TRATORES VALTRA SÉRIE A4 E A4S.pdf","2775219","pendente","pendente","importado_usuario_zip_pendente_validacao_conteudo","Documento estava dentro da pasta do modelo no ZIP do usuario."
"2026-07-01T10:39:48","usuario_zip_valtra_20260701","VALTRA","A84s","manual_manutencao","ZIP usuario - Scribd/oficial informado","zip://TRATORES AGRICOLAS VALTRA 2-20260701T123625Z-3-001.zip!/TRATORES AGRICOLAS VALTRA 2/A84s/MANUTENÇÃO PERIÓDICA TRATORES VALTRA A4S.pdf","E:\MANUAIS_APPMAQ\Trator Agricola\VALTRA\A84s\04_manual_manutencao\MANUTENÇÃO PERIÓDICA TRATORES VALTRA A4S.pdf","1217771","pendente","pendente","importado_usuario_zip_pendente_validacao_conteudo","Documento estava dentro da pasta do modelo no ZIP do usuario."
"2026-07-01T10:39:48","usuario_zip_valtra_20260701","VALTRA","A84s","manual_operador","ZIP usuario - Scribd/oficial informado","zip://TRATORES AGRICOLAS VALTRA 2-20260701T123625Z-3-001.zip!/TRATORES AGRICOLAS VALTRA 2/A84s/MANUAL COM INSTRUÇÕES SOBRE OPERAÇÃO, MANUTENÇÃO E SEGURANÇA PARA TRATORES VALTRA.pdf","E:\MANUAIS_APPMAQ\Trator Agricola\VALTRA\A84s\01_manual_operador\MANUAL COM INSTRUÇÕES SOBRE OPERAÇÃO, MANUTENÇÃO E SEGURANÇA PARA TRATORES VALTRA.pdf","36212149","pendente","pendente","importado_usuario_zip_pendente_validacao_conteudo","Documento estava dentro da pasta do modelo no ZIP do usuario."
"2026-07-01T10:39:48","usuario_zip_valtra_20260701","VALTRA","A84s","manual_servico_oficina","ZIP usuario - Scribd/oficial informado","zip://TRATORES AGRICOLAS VALTRA 2-20260701T123625Z-3-001.zip!/TRATORES AGRICOLAS VALTRA 2/A84s/MANUAL DE SERVIÇO DOS TRATORES VALTRA SERIE A4S - A74S A84S A94S.pdf","E:\MANUAIS_APPMAQ\Trator Agricola\VALTRA\A84s\02_manual_servico_oficina\MANUAL DE SERVIÇO DOS TRATORES VALTRA SERIE A4S - A74S A84S A94S.pdf","1761545","pendente","pendente","importado_usuario_zip_pendente_validacao_conteudo","Documento estava dentro da pasta do modelo no ZIP do usuario."
"2026-07-01T10:39:48","usuario_zip_valtra_20260701","VALTRA","A850F","catalogo_pecas","ZIP usuario - Scribd/oficial informado","zip://TRATORES AGRICOLAS VALTRA 2-20260701T123625Z-3-001.zip!/TRATORES AGRICOLAS VALTRA 2/A850F/CATALOGO DE PEÇAS DOS TRATORES VALTRA-VALMET.pdf","E:\MANUAIS_APPMAQ\Trator Agricola\VALTRA\A850F\03_catalogo_pecas\CATALOGO DE PEÇAS DOS TRATORES VALTRA-VALMET.pdf","5137991","pendente","pendente","importado_usuario_zip_pendente_validacao_conteudo","Documento estava dentro da pasta do modelo no ZIP do usuario."
"2026-07-01T10:39:48","usuario_zip_valtra_20260701","VALTRA","A850F","ficha_tecnica_folheto","ZIP usuario - Scribd/oficial informado","zip://TRATORES AGRICOLAS VALTRA 2-20260701T123625Z-3-001.zip!/TRATORES AGRICOLAS VALTRA 2/A850F/ESPECIFICAÇÕES DO TRATOR VALTRA A850F.pdf","E:\MANUAIS_APPMAQ\Trator Agricola\VALTRA\A850F\07_ficha_tecnica_folheto\ESPECIFICAÇÕES DO TRATOR VALTRA A850F.pdf","273169","pendente","pendente","importado_usuario_zip_pendente_validacao_conteudo","Documento estava dentro da pasta do modelo no ZIP do usuario."
"2026-07-01T10:39:48","usuario_zip_valtra_20260701","VALTRA","A850F","manual_operador","ZIP usuario - Scribd/oficial informado","zip://TRATORES AGRICOLAS VALTRA 2-20260701T123625Z-3-001.zip!/TRATORES AGRICOLAS VALTRA 2/A850F/MANUAL COM INSTRUÇÕES SOBRE OPERAÇÃO, MANUTENÇÃO E SEGURANÇA PARA TRATORES VALTRA.pdf","E:\MANUAIS_APPMAQ\Trator Agricola\VALTRA\A850F\01_manual_operador\MANUAL COM INSTRUÇÕES SOBRE OPERAÇÃO, MANUTENÇÃO E SEGURANÇA PARA TRATORES VALTRA.pdf","36212149","pendente","pendente","importado_usuario_zip_pendente_validacao_conteudo","Documento estava dentro da pasta do modelo no ZIP do usuario."
"2026-07-01T10:39:48","usuario_zip_valtra_20260701","VALTRA","A93F","catalogo_pecas","ZIP usuario - Scribd/oficial informado","zip://TRATORES AGRICOLAS VALTRA 2-20260701T123625Z-3-001.zip!/TRATORES AGRICOLAS VALTRA 2/A93F/CATALOGO DE PEÇAS DOS TRATORES VALTRA-VALMET.pdf","E:\MANUAIS_APPMAQ\Trator Agricola\VALTRA\A93F\03_catalogo_pecas\CATALOGO DE PEÇAS DOS TRATORES VALTRA-VALMET.pdf","5137991","pendente","pendente","importado_usuario_zip_pendente_validacao_conteudo","Documento estava dentro da pasta do modelo no ZIP do usuario."
"2026-07-01T10:39:48","usuario_zip_valtra_20260701","VALTRA","A93F","manual_operador","ZIP usuario - Scribd/oficial informado","zip://TRATORES AGRICOLAS VALTRA 2-20260701T123625Z-3-001.zip!/TRATORES AGRICOLAS VALTRA 2/A93F/MANUAL COM INSTRUÇÕES SOBRE OPERAÇÃO, MANUTENÇÃO E SEGURANÇA PARA TRATORES VALTRA.pdf","E:\MANUAIS_APPMAQ\Trator Agricola\VALTRA\A93F\01_manual_operador\MANUAL COM INSTRUÇÕES SOBRE OPERAÇÃO, MANUTENÇÃO E SEGURANÇA PARA TRATORES VALTRA.pdf","36212149","pendente","pendente","importado_usuario_zip_pendente_validacao_conteudo","Documento estava dentro da pasta do modelo no ZIP do usuario."
"2026-07-01T10:39:48","usuario_zip_valtra_20260701","VALTRA","A93F","manual_operador","ZIP usuario - Scribd/oficial informado","zip://TRATORES AGRICOLAS VALTRA 2-20260701T123625Z-3-001.zip!/TRATORES AGRICOLAS VALTRA 2/A93F/MANUAL DO OPERADOR TRATOR VALTRA A3F.pdf","E:\MANUAIS_APPMAQ\Trator Agricola\VALTRA\A93F\01_manual_operador\MANUAL DO OPERADOR TRATOR VALTRA A3F.pdf","688087","pendente","pendente","importado_usuario_zip_pendente_validacao_conteudo","Documento estava dentro da pasta do modelo no ZIP do usuario."
"2026-07-01T10:39:48","usuario_zip_valtra_20260701","VALTRA","A93F","manual_operador","ZIP usuario - Scribd/oficial informado","zip://TRATORES AGRICOLAS VALTRA 2-20260701T123625Z-3-001.zip!/TRATORES AGRICOLAS VALTRA 2/A93F/MANUAL DO OPERADOR TRATOR VALTRA SERIE A3F EM ESPANHOL.pdf","E:\MANUAIS_APPMAQ\Trator Agricola\VALTRA\A93F\01_manual_operador\MANUAL DO OPERADOR TRATOR VALTRA SERIE A3F EM ESPANHOL.pdf","5533757","pendente","pendente","importado_usuario_zip_pendente_validacao_conteudo","Documento estava dentro da pasta do modelo no ZIP do usuario."
"2026-07-01T10:39:48","usuario_zip_valtra_20260701","VALTRA","A94","catalogo_pecas","ZIP usuario - Scribd/oficial informado","zip://TRATORES AGRICOLAS VALTRA 2-20260701T123625Z-3-001.zip!/TRATORES AGRICOLAS VALTRA 2/A94/CATALOGO DE PEÇAS DOS TRATORES VALTRA-VALMET.pdf","E:\MANUAIS_APPMAQ\Trator Agricola\VALTRA\A94\03_catalogo_pecas\CATALOGO DE PEÇAS DOS TRATORES VALTRA-VALMET.pdf","5137991","pendente","pendente","importado_usuario_zip_pendente_validacao_conteudo","Documento estava dentro da pasta do modelo no ZIP do usuario."
"2026-07-01T10:39:48","usuario_zip_valtra_20260701","VALTRA","A94","ficha_tecnica_folheto","ZIP usuario - Scribd/oficial informado","zip://TRATORES AGRICOLAS VALTRA 2-20260701T123625Z-3-001.zip!/TRATORES AGRICOLAS VALTRA 2/A94/FOLHETO DOS TRATORES AGRICOLAS A94 E A104.pdf","E:\MANUAIS_APPMAQ\Trator Agricola\VALTRA\A94\07_ficha_tecnica_folheto\FOLHETO DOS TRATORES AGRICOLAS A94 E A104.pdf","1445622","pendente","pendente","importado_usuario_zip_pendente_validacao_conteudo","Documento estava dentro da pasta do modelo no ZIP do usuario."
"2026-07-01T10:39:48","usuario_zip_valtra_20260701","VALTRA","A94","ficha_tecnica_folheto","ZIP usuario - Scribd/oficial informado","zip://TRATORES AGRICOLAS VALTRA 2-20260701T123625Z-3-001.zip!/TRATORES AGRICOLAS VALTRA 2/A94/FOLHETO SOBRE POTÊNCIA E VERSATILIDADE TRATORES VALTRA SÉRIE A4 E A4S.pdf","E:\MANUAIS_APPMAQ\Trator Agricola\VALTRA\A94\07_ficha_tecnica_folheto\FOLHETO SOBRE POTÊNCIA E VERSATILIDADE TRATORES VALTRA SÉRIE A4 E A4S.pdf","2775219","pendente","pendente","importado_usuario_zip_pendente_validacao_conteudo","Documento estava dentro da pasta do modelo no ZIP do usuario."
"2026-07-01T10:39:48","usuario_zip_valtra_20260701","VALTRA","A94","manual_complementar","ZIP usuario - Scribd/oficial informado","zip://TRATORES AGRICOLAS VALTRA 2-20260701T123625Z-3-001.zip!/TRATORES AGRICOLAS VALTRA 2/A94/MANUAL COM INSTRUÇÕES PARA TRATORES VALTRA.pdf","E:\MANUAIS_APPMAQ\Trator Agricola\VALTRA\A94\08_manual_complementar\MANUAL COM INSTRUÇÕES PARA TRATORES VALTRA.pdf","56623982","pendente","pendente","importado_usuario_zip_pendente_validacao_conteudo","Documento estava dentro da pasta do modelo no ZIP do usuario."
"2026-07-01T10:39:48","usuario_zip_valtra_20260701","VALTRA","A94","manual_manutencao","ZIP usuario - Scribd/oficial informado","zip://TRATORES AGRICOLAS VALTRA 2-20260701T123625Z-3-001.zip!/TRATORES AGRICOLAS VALTRA 2/A94/MANUTENÇÃO PERIÓDICA TRATORES VALTRA A4 E BH G2.pdf","E:\MANUAIS_APPMAQ\Trator Agricola\VALTRA\A94\04_manual_manutencao\MANUTENÇÃO PERIÓDICA TRATORES VALTRA A4 E BH G2.pdf","4584440","pendente","pendente","importado_usuario_zip_pendente_validacao_conteudo","Documento estava dentro da pasta do modelo no ZIP do usuario."
"2026-07-01T10:39:48","usuario_zip_valtra_20260701","VALTRA","A94","manual_operador","ZIP usuario - Scribd/oficial informado","zip://TRATORES AGRICOLAS VALTRA 2-20260701T123625Z-3-001.zip!/TRATORES AGRICOLAS VALTRA 2/A94/MANUAL COM INSTRUÇÕES SOBRE OPERAÇÃO, MANUTENÇÃO E SEGURANÇA PARA TRATORES VALTRA.pdf","E:\MANUAIS_APPMAQ\Trator Agricola\VALTRA\A94\01_manual_operador\MANUAL COM INSTRUÇÕES SOBRE OPERAÇÃO, MANUTENÇÃO E SEGURANÇA PARA TRATORES VALTRA.pdf","36212149","pendente","pendente","importado_usuario_zip_pendente_validacao_conteudo","Documento estava dentro da pasta do modelo no ZIP do usuario."
"2026-07-01T10:39:48","usuario_zip_valtra_20260701","VALTRA","A94S","catalogo_pecas","ZIP usuario - Scribd/oficial informado","zip://TRATORES AGRICOLAS VALTRA 2-20260701T123625Z-3-001.zip!/TRATORES AGRICOLAS VALTRA 2/A94S/CATALOGO DE PEÇAS DOS TRATORES VALTRA-VALMET.pdf","E:\MANUAIS_APPMAQ\Trator Agricola\VALTRA\A94S\03_catalogo_pecas\CATALOGO DE PEÇAS DOS TRATORES VALTRA-VALMET.pdf","5137991","pendente","pendente","importado_usuario_zip_pendente_validacao_conteudo","Documento estava dentro da pasta do modelo no ZIP do usuario."
"2026-07-01T10:39:48","usuario_zip_valtra_20260701","VALTRA","A94S","ficha_tecnica_folheto","ZIP usuario - Scribd/oficial informado","zip://TRATORES AGRICOLAS VALTRA 2-20260701T123625Z-3-001.zip!/TRATORES AGRICOLAS VALTRA 2/A94S/FOLHETO SOBRE POTÊNCIA E VERSATILIDADE TRATORES VALTRA SÉRIE A4 E A4S.pdf","E:\MANUAIS_APPMAQ\Trator Agricola\VALTRA\A94S\07_ficha_tecnica_folheto\FOLHETO SOBRE POTÊNCIA E VERSATILIDADE TRATORES VALTRA SÉRIE A4 E A4S.pdf","2775219","pendente","pendente","importado_usuario_zip_pendente_validacao_conteudo","Documento estava dentro da pasta do modelo no ZIP do usuario."
"2026-07-01T10:39:48","usuario_zip_valtra_20260701","VALTRA","A94S","manual_manutencao","ZIP usuario - Scribd/oficial informado","zip://TRATORES AGRICOLAS VALTRA 2-20260701T123625Z-3-001.zip!/TRATORES AGRICOLAS VALTRA 2/A94S/MANUTENÇÃO PERIÓDICA TRATORES VALTRA A4S.pdf","E:\MANUAIS_APPMAQ\Trator Agricola\VALTRA\A94S\04_manual_manutencao\MANUTENÇÃO PERIÓDICA TRATORES VALTRA A4S.pdf","1217771","pendente","pendente","importado_usuario_zip_pendente_validacao_conteudo","Documento estava dentro da pasta do modelo no ZIP do usuario."
"2026-07-01T10:39:48","usuario_zip_valtra_20260701","VALTRA","A94S","manual_operador","ZIP usuario - Scribd/oficial informado","zip://TRATORES AGRICOLAS VALTRA 2-20260701T123625Z-3-001.zip!/TRATORES AGRICOLAS VALTRA 2/A94S/MANUAL COM INSTRUÇÕES SOBRE OPERAÇÃO, MANUTENÇÃO E SEGURANÇA PARA TRATORES VALTRA.pdf","E:\MANUAIS_APPMAQ\Trator Agricola\VALTRA\A94S\01_manual_operador\MANUAL COM INSTRUÇÕES SOBRE OPERAÇÃO, MANUTENÇÃO E SEGURANÇA PARA TRATORES VALTRA.pdf","36212149","pendente","pendente","importado_usuario_zip_pendente_validacao_conteudo","Documento estava dentro da pasta do modelo no ZIP do usuario."
"2026-07-01T10:39:48","usuario_zip_valtra_20260701","VALTRA","A94S","manual_servico_oficina","ZIP usuario - Scribd/oficial informado","zip://TRATORES AGRICOLAS VALTRA 2-20260701T123625Z-3-001.zip!/TRATORES AGRICOLAS VALTRA 2/A94S/MANUAL DE SERVIÇO DOS TRATORES VALTRA SERIE A4S - A74S A84S A94S.pdf","E:\MANUAIS_APPMAQ\Trator Agricola\VALTRA\A94S\02_manual_servico_oficina\MANUAL DE SERVIÇO DOS TRATORES VALTRA SERIE A4S - A74S A84S A94S.pdf","1761545","pendente","pendente","importado_usuario_zip_pendente_validacao_conteudo","Documento estava dentro da pasta do modelo no ZIP do usuario."
"2026-07-01T10:39:48","usuario_zip_valtra_20260701","VALTRA","M165","catalogo_pecas","ZIP usuario - Scribd/oficial informado","zip://TRATORES AGRICOLAS VALTRA 2-20260701T123625Z-3-001.zip!/TRATORES AGRICOLAS VALTRA 2/M165/CATALOGO DE PEÇAS DOS TRATORES VALTRA-VALMET.pdf","E:\MANUAIS_APPMAQ\Trator Agricola\VALTRA\M165\03_catalogo_pecas\CATALOGO DE PEÇAS DOS TRATORES VALTRA-VALMET.pdf","5137991","pendente","pendente","importado_usuario_zip_pendente_validacao_conteudo","Documento estava dentro da pasta do modelo no ZIP do usuario."
"2026-07-01T10:39:48","usuario_zip_valtra_20260701","VALTRA","M165","ficha_tecnica_folheto","ZIP usuario - Scribd/oficial informado","zip://TRATORES AGRICOLAS VALTRA 2-20260701T123625Z-3-001.zip!/TRATORES AGRICOLAS VALTRA 2/M165/FOLHETO DOS TRATORES AGRICOLAS M5.pdf","E:\MANUAIS_APPMAQ\Trator Agricola\VALTRA\M165\07_ficha_tecnica_folheto\FOLHETO DOS TRATORES AGRICOLAS M5.pdf","2259480","pendente","pendente","importado_usuario_zip_pendente_validacao_conteudo","Documento estava dentro da pasta do modelo no ZIP do usuario."
"2026-07-01T10:39:48","usuario_zip_valtra_20260701","VALTRA","M165","manual_complementar","ZIP usuario - Scribd/oficial informado","zip://TRATORES AGRICOLAS VALTRA 2-20260701T123625Z-3-001.zip!/TRATORES AGRICOLAS VALTRA 2/M165/MANUAL COM INSTRUÇÕES PARA TRATORES VALTRA.pdf","E:\MANUAIS_APPMAQ\Trator Agricola\VALTRA\M165\08_manual_complementar\MANUAL COM INSTRUÇÕES PARA TRATORES VALTRA.pdf","56623982","pendente","pendente","importado_usuario_zip_pendente_validacao_conteudo","Documento estava dentro da pasta do modelo no ZIP do usuario."
"2026-07-01T10:39:48","usuario_zip_valtra_20260701","VALTRA","M165","manual_operador","ZIP usuario - Scribd/oficial informado","zip://TRATORES AGRICOLAS VALTRA 2-20260701T123625Z-3-001.zip!/TRATORES AGRICOLAS VALTRA 2/M165/MANUAL COM INSTRUÇÕES SOBRE OPERAÇÃO, MANUTENÇÃO E SEGURANÇA PARA TRATORES VALTRA.pdf","E:\MANUAIS_APPMAQ\Trator Agricola\VALTRA\M165\01_manual_operador\MANUAL COM INSTRUÇÕES SOBRE OPERAÇÃO, MANUTENÇÃO E SEGURANÇA PARA TRATORES VALTRA.pdf","36212149","pendente","pendente","importado_usuario_zip_pendente_validacao_conteudo","Documento estava dentro da pasta do modelo no ZIP do usuario."
"2026-07-01T10:39:48","usuario_zip_valtra_20260701","VALTRA","M185","catalogo_pecas","ZIP usuario - Scribd/oficial informado","zip://TRATORES AGRICOLAS VALTRA 2-20260701T123625Z-3-001.zip!/TRATORES AGRICOLAS VALTRA 2/M185/CATALOGO DE PEÇAS DOS TRATORES VALTRA-VALMET.pdf","E:\MANUAIS_APPMAQ\Trator Agricola\VALTRA\M185\03_catalogo_pecas\CATALOGO DE PEÇAS DOS TRATORES VALTRA-VALMET.pdf","5137991","pendente","pendente","importado_usuario_zip_pendente_validacao_conteudo","Documento estava dentro da pasta do modelo no ZIP do usuario."
"2026-07-01T10:39:48","usuario_zip_valtra_20260701","VALTRA","M185","ficha_tecnica_folheto","ZIP usuario - Scribd/oficial informado","zip://TRATORES AGRICOLAS VALTRA 2-20260701T123625Z-3-001.zip!/TRATORES AGRICOLAS VALTRA 2/M185/FOLHETO DOS TRATORES AGRICOLAS M5.pdf","E:\MANUAIS_APPMAQ\Trator Agricola\VALTRA\M185\07_ficha_tecnica_folheto\FOLHETO DOS TRATORES AGRICOLAS M5.pdf","2259480","pendente","pendente","importado_usuario_zip_pendente_validacao_conteudo","Documento estava dentro da pasta do modelo no ZIP do usuario."
"2026-07-01T10:39:48","usuario_zip_valtra_20260701","VALTRA","M185","manual_operador","ZIP usuario - Scribd/oficial informado","zip://TRATORES AGRICOLAS VALTRA 2-20260701T123625Z-3-001.zip!/TRATORES AGRICOLAS VALTRA 2/M185/MANUAL COM INSTRUÇÕES SOBRE OPERAÇÃO, MANUTENÇÃO E SEGURANÇA PARA TRATORES VALTRA.pdf","E:\MANUAIS_APPMAQ\Trator Agricola\VALTRA\M185\01_manual_operador\MANUAL COM INSTRUÇÕES SOBRE OPERAÇÃO, MANUTENÇÃO E SEGURANÇA PARA TRATORES VALTRA.pdf","36212149","pendente","pendente","importado_usuario_zip_pendente_validacao_conteudo","Documento estava dentro da pasta do modelo no ZIP do usuario."
"2026-07-01T10:39:48","usuario_zip_valtra_20260701","VALTRA","M205","catalogo_pecas","ZIP usuario - Scribd/oficial informado","zip://TRATORES AGRICOLAS VALTRA 2-20260701T123625Z-3-001.zip!/TRATORES AGRICOLAS VALTRA 2/M205/CATALOGO DE PEÇAS DOS TRATORES VALTRA-VALMET.pdf","E:\MANUAIS_APPMAQ\Trator Agricola\VALTRA\M205\03_catalogo_pecas\CATALOGO DE PEÇAS DOS TRATORES VALTRA-VALMET.pdf","5137991","pendente","pendente","importado_usuario_zip_pendente_validacao_conteudo","Documento estava dentro da pasta do modelo no ZIP do usuario."
"2026-07-01T10:39:48","usuario_zip_valtra_20260701","VALTRA","M205","ficha_tecnica_folheto","ZIP usuario - Scribd/oficial informado","zip://TRATORES AGRICOLAS VALTRA 2-20260701T123625Z-3-001.zip!/TRATORES AGRICOLAS VALTRA 2/M205/FOLHETO DOS TRATORES AGRICOLAS M5.pdf","E:\MANUAIS_APPMAQ\Trator Agricola\VALTRA\M205\07_ficha_tecnica_folheto\FOLHETO DOS TRATORES AGRICOLAS M5.pdf","2259480","pendente","pendente","importado_usuario_zip_pendente_validacao_conteudo","Documento estava dentro da pasta do modelo no ZIP do usuario."
"2026-07-01T10:39:48","usuario_zip_valtra_20260701","VALTRA","M205","manual_operador","ZIP usuario - Scribd/oficial informado","zip://TRATORES AGRICOLAS VALTRA 2-20260701T123625Z-3-001.zip!/TRATORES AGRICOLAS VALTRA 2/M205/MANUAL COM INSTRUÇÕES SOBRE OPERAÇÃO, MANUTENÇÃO E SEGURANÇA PARA TRATORES VALTRA.pdf","E:\MANUAIS_APPMAQ\Trator Agricola\VALTRA\M205\01_manual_operador\MANUAL COM INSTRUÇÕES SOBRE OPERAÇÃO, MANUTENÇÃO E SEGURANÇA PARA TRATORES VALTRA.pdf","36212149","pendente","pendente","importado_usuario_zip_pendente_validacao_conteudo","Documento estava dentro da pasta do modelo no ZIP do usuario."
"2026-07-01T12:14:26","valtra2_scribd_bt_20260701","VALTRA","BT170","manual_operador","Scribd","https://pt.scribd.com/document/809136583/VALTRA-ACW0843810-EN-preview","E:\MANUAIS_APPMAQ\Trator Agricola\VALTRA 2\BT170\MANUAL DO OPERADOR DOS TRATORES VALTRA BT150 BT170 BT190 BT210.pdf","1195674","31","4499e1f91a638ed37da0fdbad404f922eb328ab27faeeff9a4252ecc29a3d804","validado_copiado_valtra2","PDF validado por pypdf: cita BT150 BT170 BT190 BT210 na primeira pagina."
"2026-07-01T12:14:26","valtra2_scribd_bt_20260701","VALTRA","BT190","manual_operador","Scribd","https://pt.scribd.com/document/809136583/VALTRA-ACW0843810-EN-preview","E:\MANUAIS_APPMAQ\Trator Agricola\VALTRA 2\BT190\MANUAL DO OPERADOR DOS TRATORES VALTRA BT150 BT170 BT190 BT210.pdf","1195674","31","4499e1f91a638ed37da0fdbad404f922eb328ab27faeeff9a4252ecc29a3d804","validado_copiado_valtra2","PDF validado por pypdf: cita BT150 BT170 BT190 BT210 na primeira pagina."
"2026-07-01T12:14:26","valtra2_scribd_bt_20260701","VALTRA","BT210","manual_operador","Scribd","https://pt.scribd.com/document/809136583/VALTRA-ACW0843810-EN-preview","E:\MANUAIS_APPMAQ\Trator Agricola\VALTRA 2\BT210\MANUAL DO OPERADOR DOS TRATORES VALTRA BT150 BT170 BT190 BT210.pdf","1195674","31","4499e1f91a638ed37da0fdbad404f922eb328ab27faeeff9a4252ecc29a3d804","validado_copiado_valtra2","PDF validado por pypdf: cita BT150 BT170 BT190 BT210 na primeira pagina."
"2026-07-01T12:14:26","valtra2_scribd_bt_20260701","VALTRA","BT210","catalogo_pecas_sistema_eletrico","Scribd","https://pt.scribd.com/document/520696984/SISTEMA-ELETRICO","E:\MANUAIS_APPMAQ\Trator Agricola\VALTRA 2\BT210\CATÁLOGO DE PEÇAS DO SISTEMA ELÉTRICO DO TRATOR VALTRA BT210.pdf","2000441","25","179c1950cec5d8da8224d4c2946385b4cced5a9a05709da73c1449928cc638cc","validado_copiado_valtra2","PDF validado por pypdf: Trator BT210 - Versao 3.0 - 07/2010, sistema eletrico."
"2026-07-01T15:22:45","usuario_genericos_valtra_20260701","VALTRA","_GENERICOS_VALTRA","catalogo_pecas_generico","arquivo_usuario_scribd_informado","arquivo_local_usuario","E:\MANUAIS_APPMAQ\_GENERICOS\VALTRA\CATALOGO DE PEÇAS DOS TRATORES VALTRA-VALMET.pdf","5137991","99","7e785f2002f3947098c7317c3bbd308a0ba04df5d13875925be09b8534c9d48f","aprovado_usuario_generico","Catalogo de produtos/pecas Valtra Valmet, uso generico quando aplicavel."
"2026-07-01T15:22:47","usuario_genericos_valtra_20260701","VALTRA","_GENERICOS_VALTRA","folheto_generico","arquivo_usuario_scribd_informado","arquivo_local_usuario","E:\MANUAIS_APPMAQ\_GENERICOS\VALTRA\FOLHETO COM  INFORMAÇÕES SOBRE ECONOMIA DE COMBUSTÍVEL, CONFORTO, VERSATILIDADE E TECNOLOGIA AVANÇADA DE TODOS TRATORES VALTRA..pdf","189856864","52","f1b362175ea35889e05400a6d8ddbc8615d8358de7021a87f7f08970b16294c0","aprovado_usuario_generico","Catalogo de solucoes Valtra, folheto geral de tratores/solucoes."
"2026-07-01T15:22:48","usuario_genericos_valtra_20260701","VALTRA","_GENERICOS_VALTRA","manual_instrucoes_generico","arquivo_usuario_scribd_informado","arquivo_local_usuario","E:\MANUAIS_APPMAQ\_GENERICOS\VALTRA\MANUAL COM INSTRUÇÕES PARA TRATORES VALTRA.pdf","56623982","109","3a2b44ae96146f8467ed94b11ddbab17b2333e8e8384ff224c58871bc7a41e4c","aprovado_usuario_generico","Manual generico de instrucoes para tratores Valtra informado pelo usuario."
"2026-07-01T15:22:49","usuario_genericos_valtra_20260701","VALTRA","_GENERICOS_VALTRA","manual_operacao_manutencao_seguranca_generico","arquivo_usuario_scribd_informado","arquivo_local_usuario","E:\MANUAIS_APPMAQ\_GENERICOS\VALTRA\MANUAL COM INSTRUÇÕES SOBRE OPERAÇÃO, MANUTENÇÃO E SEGURANÇA PARA TRATORES VALTRA.pdf","36212149","209","b9f18d41203af7b578b86bbab2419cc6120a3f245e1c23afdbe7339fd6117207","aprovado_usuario_generico","Manual de treinamento/operacao/manutencao/seguranca Valtra, geral."
"2026-07-01T16:25:46","valtra3_20260701","VALTRA","A850","manual_operador","Scribd","https://pt.scribd.com/document/986719065/Manual-Valtra-a750-Pt-Br","E:\MANUAIS_APPMAQ\Trator Agricola\VALTRA 3\A850\MANUAL DO OPERADOR DOS TRATORES VALTRA A650 A750 A750L A850 A950 A990.pdf","22060027","198","0090ade007c5e17b0cc89b520e5315f958e4ab5a5e7275a9b61bd468a20e0757","validado_copiado_valtra3","Validado por conteudo: cita A650 A750 A750L A850 A950 A990."
"2026-07-01T16:25:46","valtra3_20260701","VALTRA","A950","manual_operador","Scribd","https://pt.scribd.com/document/986719065/Manual-Valtra-a750-Pt-Br","E:\MANUAIS_APPMAQ\Trator Agricola\VALTRA 3\A950\MANUAL DO OPERADOR DOS TRATORES VALTRA A650 A750 A750L A850 A950 A990.pdf","22060027","198","0090ade007c5e17b0cc89b520e5315f958e4ab5a5e7275a9b61bd468a20e0757","validado_copiado_valtra3","Validado por conteudo: cita A650 A750 A750L A850 A950 A990."
"2026-07-01T16:25:46","valtra3_20260701","VALTRA","A990","manual_operador","Scribd","https://pt.scribd.com/document/986719065/Manual-Valtra-a750-Pt-Br","E:\MANUAIS_APPMAQ\Trator Agricola\VALTRA 3\A990\MANUAL DO OPERADOR DOS TRATORES VALTRA A650 A750 A750L A850 A950 A990.pdf","22060027","198","0090ade007c5e17b0cc89b520e5315f958e4ab5a5e7275a9b61bd468a20e0757","validado_copiado_valtra3","Validado por conteudo: cita A650 A750 A750L A850 A950 A990."
"2026-07-01T16:25:46","valtra3_20260701","VALTRA","A990","catalogo_pecas","Scribd","https://pt.scribd.com/document/446812442/Catalogo-A990-Valtra","E:\MANUAIS_APPMAQ\Trator Agricola\VALTRA 3\A990\CATÁLOGO DE PEÇAS DO TRATOR VALTRA A990.pdf","16200322","150","9cc775b7e201c9662ff75be10649e7d45cb0c9cc2c9316cd1c1ae912c03df72a","validado_copiado_valtra3","Validado por conteudo: lista de pecas do trator A990."
"2026-07-01T16:25:46","valtra3_20260701","VALTRA","BM115","ficha_tecnica_folheto","Scribd","https://pt.scribd.com/document/1051956327/Valtra-BM-115-e-135","E:\MANUAIS_APPMAQ\Trator Agricola\VALTRA 3\BM115\FOLHETO DOS TRATORES VALTRA BM115 BM135.pdf","5695468","2","69d71f768385718bceccd9c6437739154811c2a28b99745aebec94f68380740c","validado_copiado_valtra3","Validado por conteudo: especificacoes BM115 e BM135."
"2026-07-01T16:25:46","valtra3_20260701","VALTRA","BM135","ficha_tecnica_folheto","Scribd","https://pt.scribd.com/document/1051956327/Valtra-BM-115-e-135","E:\MANUAIS_APPMAQ\Trator Agricola\VALTRA 3\BM135\FOLHETO DOS TRATORES VALTRA BM115 BM135.pdf","5695468","2","69d71f768385718bceccd9c6437739154811c2a28b99745aebec94f68380740c","validado_copiado_valtra3","Validado por conteudo: especificacoes BM115 e BM135."
"2026-07-01T16:25:46","valtra3_20260701","VALTRA","BM115","boletim_servico","Scribd","https://pt.scribd.com/document/824647759/Boletim-de-Servico-VT-010-23-Ajuste-do-sincronismo-da-injecao-BM115-e-BM135","E:\MANUAIS_APPMAQ\Trator Agricola\VALTRA 3\BM115\BOLETIM DE SERVIÇO VT 010-23 AJUSTE DO SINCRONISMO DA INJEÇÃO DOS TRATORES VALTRA BM115 BM135.pdf","11581496","8","45901034c465384b2f6257994fc52e6988bd4cf97c25a9aaeaa0768ca051abdc","validado_copiado_valtra3","Validado por conteudo: modelos afetados BM115 e BM135."
"2026-07-01T16:25:46","valtra3_20260701","VALTRA","BM135","boletim_servico","Scribd","https://pt.scribd.com/document/824647759/Boletim-de-Servico-VT-010-23-Ajuste-do-sincronismo-da-injecao-BM115-e-BM135","E:\MANUAIS_APPMAQ\Trator Agricola\VALTRA 3\BM135\BOLETIM DE SERVIÇO VT 010-23 AJUSTE DO SINCRONISMO DA INJEÇÃO DOS TRATORES VALTRA BM115 BM135.pdf","11581496","8","45901034c465384b2f6257994fc52e6988bd4cf97c25a9aaeaa0768ca051abdc","validado_copiado_valtra3","Validado por conteudo: modelos afetados BM115 e BM135."
"2026-07-01T16:25:46","valtra3_20260701","VALTRA","BM115","boletim_servico","Scribd","https://pt.scribd.com/document/848137895/Boletim-de-Servico-VT-065-24-Instalacao-do-suporte-do-compressor","E:\MANUAIS_APPMAQ\Trator Agricola\VALTRA 3\BM115\BOLETIM DE SERVIÇO VT 065-24 INSTALAÇÃO DO SUPORTE DO COMPRESSOR DOS TRATORES VALTRA BM115 BM135.pdf","2314795","7","d28ec4806de3d9468b6f3302d6fe199997ef600021559dcb09983a2b767190ba","validado_copiado_valtra3","Validado por conteudo: suporte do compressor para BM 115 e BM 135."
"2026-07-01T16:25:46","valtra3_20260701","VALTRA","BM135","boletim_servico","Scribd","https://pt.scribd.com/document/848137895/Boletim-de-Servico-VT-065-24-Instalacao-do-suporte-do-compressor","E:\MANUAIS_APPMAQ\Trator Agricola\VALTRA 3\BM135\BOLETIM DE SERVIÇO VT 065-24 INSTALAÇÃO DO SUPORTE DO COMPRESSOR DOS TRATORES VALTRA BM115 BM135.pdf","2314795","7","d28ec4806de3d9468b6f3302d6fe199997ef600021559dcb09983a2b767190ba","validado_copiado_valtra3","Validado por conteudo: suporte do compressor para BM 115 e BM 135."
"2026-07-02T11:35:07","valtra4_oficial_valtra_20260702","VALTRA","Q265","ficha_tecnica_folheto","Site oficial Valtra","https://www.valtra.com.br/content/dam/public/valtra/pt-br/produtos/tratores/serie-q5/folheto_TratorQ5_web_simples.pdf","E:\MANUAIS_APPMAQ\Trator Agricola\VALTRA 4\Q265\FOLHETO COMPLETO DOS TRATORES VALTRA SERIE Q5 Q265 Q285 Q305.pdf","3971191","24","d327038002dddca5a05ae0073412d9bed95346e2725de70954fadc3954bc7ff7","validado_conteudo","Texto interno cita Q265, Q285 e Q305."
"2026-07-02T11:35:07","valtra4_oficial_valtra_20260702","VALTRA","Q285","ficha_tecnica_folheto","Site oficial Valtra","https://www.valtra.com.br/content/dam/public/valtra/pt-br/produtos/tratores/serie-q5/folheto_TratorQ5_web_simples.pdf","E:\MANUAIS_APPMAQ\Trator Agricola\VALTRA 4\Q285\FOLHETO COMPLETO DOS TRATORES VALTRA SERIE Q5 Q265 Q285 Q305.pdf","3971191","24","d327038002dddca5a05ae0073412d9bed95346e2725de70954fadc3954bc7ff7","validado_conteudo","Texto interno cita Q265, Q285 e Q305."
"2026-07-02T11:35:07","valtra4_oficial_valtra_20260702","VALTRA","Q305","ficha_tecnica_folheto","Site oficial Valtra","https://www.valtra.com.br/content/dam/public/valtra/pt-br/produtos/tratores/serie-q5/folheto_TratorQ5_web_simples.pdf","E:\MANUAIS_APPMAQ\Trator Agricola\VALTRA 4\Q305\FOLHETO COMPLETO DOS TRATORES VALTRA SERIE Q5 Q265 Q285 Q305.pdf","3971191","24","d327038002dddca5a05ae0073412d9bed95346e2725de70954fadc3954bc7ff7","validado_conteudo","Texto interno cita Q265, Q285 e Q305."
"2026-07-02T11:35:07","valtra4_oficial_valtra_20260702","VALTRA","Q265","ficha_tecnica_folheto","Site oficial Valtra","https://www.valtra.com.br/content/dam/public/valtra/pt-br/produtos/tratores/q5/AF_Folheto_SerieQ5%20A4-WEB.pdf","E:\MANUAIS_APPMAQ\Trator Agricola\VALTRA 4\Q265\FOLHETO RESUMIDO DOS TRATORES VALTRA SERIE Q5 Q265 Q285 Q305.pdf","413308","2","80f7d71917f8102114f4e6cccd5b1c6b6aa0becc3e96be02a4072488cf123b09","validado_conteudo","Texto interno cita Q265, Q285 e Q305."
"2026-07-02T11:35:07","valtra4_oficial_valtra_20260702","VALTRA","Q285","ficha_tecnica_folheto","Site oficial Valtra","https://www.valtra.com.br/content/dam/public/valtra/pt-br/produtos/tratores/q5/AF_Folheto_SerieQ5%20A4-WEB.pdf","E:\MANUAIS_APPMAQ\Trator Agricola\VALTRA 4\Q285\FOLHETO RESUMIDO DOS TRATORES VALTRA SERIE Q5 Q265 Q285 Q305.pdf","413308","2","80f7d71917f8102114f4e6cccd5b1c6b6aa0becc3e96be02a4072488cf123b09","validado_conteudo","Texto interno cita Q265, Q285 e Q305."
"2026-07-02T11:35:07","valtra4_oficial_valtra_20260702","VALTRA","Q305","ficha_tecnica_folheto","Site oficial Valtra","https://www.valtra.com.br/content/dam/public/valtra/pt-br/produtos/tratores/q5/AF_Folheto_SerieQ5%20A4-WEB.pdf","E:\MANUAIS_APPMAQ\Trator Agricola\VALTRA 4\Q305\FOLHETO RESUMIDO DOS TRATORES VALTRA SERIE Q5 Q265 Q285 Q305.pdf","413308","2","80f7d71917f8102114f4e6cccd5b1c6b6aa0becc3e96be02a4072488cf123b09","validado_conteudo","Texto interno cita Q265, Q285 e Q305."
"2026-07-02T11:35:07","valtra4_oficial_valtra_20260702","VALTRA","S346","ficha_tecnica_folheto","Site oficial Valtra","https://www.valtra.com.br/content/dam/public/valtra/pt-br/produtos/tratores/serie-s6/FOLHETAO_SERIE_S6.pdf","E:\MANUAIS_APPMAQ\Trator Agricola\VALTRA 4\S346\FOLHETO COMPLETO DOS TRATORES VALTRA SERIE S6 S346 S376 S416.pdf","30029926","20","08fe3ad3a1745392b6af46e43128f5dc5c0896cdf2fc6cbe05f40a90f3636a37","validado_conteudo","Texto interno cita S346, S376 e S416."
"2026-07-02T11:35:07","valtra4_oficial_valtra_20260702","VALTRA","S376","ficha_tecnica_folheto","Site oficial Valtra","https://www.valtra.com.br/content/dam/public/valtra/pt-br/produtos/tratores/serie-s6/FOLHETAO_SERIE_S6.pdf","E:\MANUAIS_APPMAQ\Trator Agricola\VALTRA 4\S376\FOLHETO COMPLETO DOS TRATORES VALTRA SERIE S6 S346 S376 S416.pdf","30029926","20","08fe3ad3a1745392b6af46e43128f5dc5c0896cdf2fc6cbe05f40a90f3636a37","validado_conteudo","Texto interno cita S346, S376 e S416."
"2026-07-02T11:35:07","valtra4_oficial_valtra_20260702","VALTRA","S416","ficha_tecnica_folheto","Site oficial Valtra","https://www.valtra.com.br/content/dam/public/valtra/pt-br/produtos/tratores/serie-s6/FOLHETAO_SERIE_S6.pdf","E:\MANUAIS_APPMAQ\Trator Agricola\VALTRA 4\S416\FOLHETO COMPLETO DOS TRATORES VALTRA SERIE S6 S346 S376 S416.pdf","30029926","20","08fe3ad3a1745392b6af46e43128f5dc5c0896cdf2fc6cbe05f40a90f3636a37","validado_conteudo","Texto interno cita S346, S376 e S416."
"2026-07-02T11:35:07","valtra4_oficial_valtra_20260702","VALTRA","S346","ficha_tecnica_folheto","Site oficial Valtra","https://www.valtra.com.br/content/dam/public/valtra/pt-br/produtos/tratores/serie-s6/AF_VAL_1947_3_FOLHETO%20S6%20-%2059,4x21cm%20web%20pg%20simples.pdf","E:\MANUAIS_APPMAQ\Trator Agricola\VALTRA 4\S346\FOLHETO RESUMIDO DOS TRATORES VALTRA SERIE S6 S346 S376 S416.pdf","742265","4","971600165cbaa1d27d0fcd19448e940901b40e9197cc976e7525fb087215b480","validado_conteudo","Texto interno cita S346, S376 e S416."
"2026-07-02T11:35:07","valtra4_oficial_valtra_20260702","VALTRA","S376","ficha_tecnica_folheto","Site oficial Valtra","https://www.valtra.com.br/content/dam/public/valtra/pt-br/produtos/tratores/serie-s6/AF_VAL_1947_3_FOLHETO%20S6%20-%2059,4x21cm%20web%20pg%20simples.pdf","E:\MANUAIS_APPMAQ\Trator Agricola\VALTRA 4\S376\FOLHETO RESUMIDO DOS TRATORES VALTRA SERIE S6 S346 S376 S416.pdf","742265","4","971600165cbaa1d27d0fcd19448e940901b40e9197cc976e7525fb087215b480","validado_conteudo","Texto interno cita S346, S376 e S416."
"2026-07-02T11:35:07","valtra4_oficial_valtra_20260702","VALTRA","S416","ficha_tecnica_folheto","Site oficial Valtra","https://www.valtra.com.br/content/dam/public/valtra/pt-br/produtos/tratores/serie-s6/AF_VAL_1947_3_FOLHETO%20S6%20-%2059,4x21cm%20web%20pg%20simples.pdf","E:\MANUAIS_APPMAQ\Trator Agricola\VALTRA 4\S416\FOLHETO RESUMIDO DOS TRATORES VALTRA SERIE S6 S346 S376 S416.pdf","742265","4","971600165cbaa1d27d0fcd19448e940901b40e9197cc976e7525fb087215b480","validado_conteudo","Texto interno cita S346, S376 e S416."
"2026-07-02T11:35:07","valtra4_oficial_valtra_20260702","VALTRA","T195 CVT","ficha_tecnica_folheto","Site oficial Valtra","https://www.valtra.com.br/content/dam/public/valtra/pt-br/produtos/tratores/tcvt/AF_Folheto%20TRATOR%20T%20CVT%20MAR%202026_29,7x21cm_WEB.pdf","E:\MANUAIS_APPMAQ\Trator Agricola\VALTRA 4\T195 CVT\FOLHETO DOS TRATORES VALTRA T195 CVT T210 CVT T230 CVT T250 CVT.pdf","4870087","2","8af08754e1918037aca5845a9d3b323e095380fed7d13549bf29c797adfd38f0","validado_conteudo","Texto interno cita T195 CVT, T210 CVT, T230 CVT e T250 CVT."
"2026-07-02T11:35:07","valtra4_oficial_valtra_20260702","VALTRA","T210 CVT","ficha_tecnica_folheto","Site oficial Valtra","https://www.valtra.com.br/content/dam/public/valtra/pt-br/produtos/tratores/tcvt/AF_Folheto%20TRATOR%20T%20CVT%20MAR%202026_29,7x21cm_WEB.pdf","E:\MANUAIS_APPMAQ\Trator Agricola\VALTRA 4\T210 CVT\FOLHETO DOS TRATORES VALTRA T195 CVT T210 CVT T230 CVT T250 CVT.pdf","4870087","2","8af08754e1918037aca5845a9d3b323e095380fed7d13549bf29c797adfd38f0","validado_conteudo","Texto interno cita T195 CVT, T210 CVT, T230 CVT e T250 CVT."
"2026-07-02T11:35:07","valtra4_oficial_valtra_20260702","VALTRA","T230 CVT","ficha_tecnica_folheto","Site oficial Valtra","https://www.valtra.com.br/content/dam/public/valtra/pt-br/produtos/tratores/tcvt/AF_Folheto%20TRATOR%20T%20CVT%20MAR%202026_29,7x21cm_WEB.pdf","E:\MANUAIS_APPMAQ\Trator Agricola\VALTRA 4\T230 CVT\FOLHETO DOS TRATORES VALTRA T195 CVT T210 CVT T230 CVT T250 CVT.pdf","4870087","2","8af08754e1918037aca5845a9d3b323e095380fed7d13549bf29c797adfd38f0","validado_conteudo","Texto interno cita T195 CVT, T210 CVT, T230 CVT e T250 CVT."
"2026-07-02T11:35:07","valtra4_oficial_valtra_20260702","VALTRA","T250 CVT","ficha_tecnica_folheto","Site oficial Valtra","https://www.valtra.com.br/content/dam/public/valtra/pt-br/produtos/tratores/tcvt/AF_Folheto%20TRATOR%20T%20CVT%20MAR%202026_29,7x21cm_WEB.pdf","E:\MANUAIS_APPMAQ\Trator Agricola\VALTRA 4\T250 CVT\FOLHETO DOS TRATORES VALTRA T195 CVT T210 CVT T230 CVT T250 CVT.pdf","4870087","2","8af08754e1918037aca5845a9d3b323e095380fed7d13549bf29c797adfd38f0","validado_conteudo","Texto interno cita T195 CVT, T210 CVT, T230 CVT e T250 CVT."
"2026-07-02T12:09:45","valtra4_scribd_t_cvt_busca_ampliada_20260702","VALTRA","T195 CVT","manual_servico","Scribd","https://pt.scribd.com/document/665109210/Valtra-t-Cvt","E:\MANUAIS_APPMAQ\Trator Agricola\VALTRA 4\T195 CVT\MANUAL DE SERVICO DOS TRATORES VALTRA T195 CVT T210 CVT T230 CVT T250 CVT.pdf","1171681","41","d9d4e589b66e3a07d74a338066ed3d47f38ad1c111135c0e23599b521d22131d","validado_conteudo","Validado localmente: capa e conteudo citam T195 CVT, T210 CVT, T230 CVT e T250 CVT."
"2026-07-02T12:09:46","valtra4_scribd_t_cvt_busca_ampliada_20260702","VALTRA","T210 CVT","manual_servico","Scribd","https://pt.scribd.com/document/665109210/Valtra-t-Cvt","E:\MANUAIS_APPMAQ\Trator Agricola\VALTRA 4\T210 CVT\MANUAL DE SERVICO DOS TRATORES VALTRA T195 CVT T210 CVT T230 CVT T250 CVT.pdf","1171681","41","d9d4e589b66e3a07d74a338066ed3d47f38ad1c111135c0e23599b521d22131d","validado_conteudo","Validado localmente: capa e conteudo citam T195 CVT, T210 CVT, T230 CVT e T250 CVT."
"2026-07-02T12:09:46","valtra4_scribd_t_cvt_busca_ampliada_20260702","VALTRA","T230 CVT","manual_servico","Scribd","https://pt.scribd.com/document/665109210/Valtra-t-Cvt","E:\MANUAIS_APPMAQ\Trator Agricola\VALTRA 4\T230 CVT\MANUAL DE SERVICO DOS TRATORES VALTRA T195 CVT T210 CVT T230 CVT T250 CVT.pdf","1171681","41","d9d4e589b66e3a07d74a338066ed3d47f38ad1c111135c0e23599b521d22131d","validado_conteudo","Validado localmente: capa e conteudo citam T195 CVT, T210 CVT, T230 CVT e T250 CVT."
"2026-07-02T12:09:46","valtra4_scribd_t_cvt_busca_ampliada_20260702","VALTRA","T250 CVT","manual_servico","Scribd","https://pt.scribd.com/document/665109210/Valtra-t-Cvt","E:\MANUAIS_APPMAQ\Trator Agricola\VALTRA 4\T250 CVT\MANUAL DE SERVICO DOS TRATORES VALTRA T195 CVT T210 CVT T230 CVT T250 CVT.pdf","1171681","41","d9d4e589b66e3a07d74a338066ed3d47f38ad1c111135c0e23599b521d22131d","validado_conteudo","Validado localmente: capa e conteudo citam T195 CVT, T210 CVT, T230 CVT e T250 CVT."
"2026-07-02T12:09:46","valtra4_scribd_t_cvt_busca_ampliada_20260702","VALTRA","T195 CVT","esquema_eletrico_treinamento","Scribd","https://pt.scribd.com/document/604697701/Sistema-Eletrico-Serie-T-CVT","E:\MANUAIS_APPMAQ\Trator Agricola\VALTRA 4\T195 CVT\TREINAMENTO DO SISTEMA ELETRICO DOS TRATORES VALTRA SERIE T CVT.pdf","47258407","404","4f29ce8fef5edc74349741c7e82f0dbdc9a48815600788666a17d438a6e88609","validado_conteudo","Validado localmente: documento cita Treinamento Sistema Eletrico Serie T CVT."
"2026-07-02T12:09:46","valtra4_scribd_t_cvt_busca_ampliada_20260702","VALTRA","T210 CVT","esquema_eletrico_treinamento","Scribd","https://pt.scribd.com/document/604697701/Sistema-Eletrico-Serie-T-CVT","E:\MANUAIS_APPMAQ\Trator Agricola\VALTRA 4\T210 CVT\TREINAMENTO DO SISTEMA ELETRICO DOS TRATORES VALTRA SERIE T CVT.pdf","47258407","404","4f29ce8fef5edc74349741c7e82f0dbdc9a48815600788666a17d438a6e88609","validado_conteudo","Validado localmente: documento cita Treinamento Sistema Eletrico Serie T CVT."
"2026-07-02T12:09:46","valtra4_scribd_t_cvt_busca_ampliada_20260702","VALTRA","T230 CVT","esquema_eletrico_treinamento","Scribd","https://pt.scribd.com/document/604697701/Sistema-Eletrico-Serie-T-CVT","E:\MANUAIS_APPMAQ\Trator Agricola\VALTRA 4\T230 CVT\TREINAMENTO DO SISTEMA ELETRICO DOS TRATORES VALTRA SERIE T CVT.pdf","47258407","404","4f29ce8fef5edc74349741c7e82f0dbdc9a48815600788666a17d438a6e88609","validado_conteudo","Validado localmente: documento cita Treinamento Sistema Eletrico Serie T CVT."
"2026-07-02T12:09:46","valtra4_scribd_t_cvt_busca_ampliada_20260702","VALTRA","T250 CVT","esquema_eletrico_treinamento","Scribd","https://pt.scribd.com/document/604697701/Sistema-Eletrico-Serie-T-CVT","E:\MANUAIS_APPMAQ\Trator Agricola\VALTRA 4\T250 CVT\TREINAMENTO DO SISTEMA ELETRICO DOS TRATORES VALTRA SERIE T CVT.pdf","47258407","404","4f29ce8fef5edc74349741c7e82f0dbdc9a48815600788666a17d438a6e88609","validado_conteudo","Validado localmente: documento cita Treinamento Sistema Eletrico Serie T CVT."
"2026-07-02T12:09:46","valtra4_scribd_t_cvt_busca_ampliada_20260702","VALTRA","T195 CVT","esquema_eletrico_treinamento","Scribd","https://pt.scribd.com/document/724320652/Apostila-Sistema-Eletrico-Serie-T-CVT-Rev01-23102017","E:\MANUAIS_APPMAQ\Trator Agricola\VALTRA 4\T195 CVT\APOSTILA DO SISTEMA ELETRICO DOS TRATORES VALTRA SERIE T CVT.pdf","53269490","372","5d7cb4aec22a6e502c647f14d694405c51ee4eea7173a2e0a8a26b5df4f70af3","validado_conteudo","Validado localmente: apostila cita Sistemas Eletricos Trator Serie T CVT."
"2026-07-02T12:09:46","valtra4_scribd_t_cvt_busca_ampliada_20260702","VALTRA","T210 CVT","esquema_eletrico_treinamento","Scribd","https://pt.scribd.com/document/724320652/Apostila-Sistema-Eletrico-Serie-T-CVT-Rev01-23102017","E:\MANUAIS_APPMAQ\Trator Agricola\VALTRA 4\T210 CVT\APOSTILA DO SISTEMA ELETRICO DOS TRATORES VALTRA SERIE T CVT.pdf","53269490","372","5d7cb4aec22a6e502c647f14d694405c51ee4eea7173a2e0a8a26b5df4f70af3","validado_conteudo","Validado localmente: apostila cita Sistemas Eletricos Trator Serie T CVT."
"2026-07-02T12:09:46","valtra4_scribd_t_cvt_busca_ampliada_20260702","VALTRA","T230 CVT","esquema_eletrico_treinamento","Scribd","https://pt.scribd.com/document/724320652/Apostila-Sistema-Eletrico-Serie-T-CVT-Rev01-23102017","E:\MANUAIS_APPMAQ\Trator Agricola\VALTRA 4\T230 CVT\APOSTILA DO SISTEMA ELETRICO DOS TRATORES VALTRA SERIE T CVT.pdf","53269490","372","5d7cb4aec22a6e502c647f14d694405c51ee4eea7173a2e0a8a26b5df4f70af3","validado_conteudo","Validado localmente: apostila cita Sistemas Eletricos Trator Serie T CVT."
"2026-07-02T12:09:46","valtra4_scribd_t_cvt_busca_ampliada_20260702","VALTRA","T250 CVT","esquema_eletrico_treinamento","Scribd","https://pt.scribd.com/document/724320652/Apostila-Sistema-Eletrico-Serie-T-CVT-Rev01-23102017","E:\MANUAIS_APPMAQ\Trator Agricola\VALTRA 4\T250 CVT\APOSTILA DO SISTEMA ELETRICO DOS TRATORES VALTRA SERIE T CVT.pdf","53269490","372","5d7cb4aec22a6e502c647f14d694405c51ee4eea7173a2e0a8a26b5df4f70af3","validado_conteudo","Validado localmente: apostila cita Sistemas Eletricos Trator Serie T CVT."
"2026-07-02T12:09:46","valtra4_scribd_t_cvt_busca_ampliada_20260702","VALTRA","T195 CVT","manual_diagnostico_esquemas","Scribd","https://pt.scribd.com/document/665108506/VALTRA-T-CVT-livro-de-servico","E:\MANUAIS_APPMAQ\Trator Agricola\VALTRA 4\T195 CVT\LIVRO DE SERVICO TECNICO COM CODIGOS DE ERRO E DIAGRAMAS DOS TRATORES VALTRA T195 CVT T210 CVT T230 CVT T250 CVT.pdf","1575819","41","2842cf4defb9271634f6f6da696e9334758be4076e9c99daa017ebbb97da7520","validado_conteudo","Validado localmente: cita T195 CVT, T210 CVT, T230 CVT e T250 CVT; inclui codigos de erro, diagramas eletricos, hidraulicos e pneumaticos."
"2026-07-02T12:09:46","valtra4_scribd_t_cvt_busca_ampliada_20260702","VALTRA","T210 CVT","manual_diagnostico_esquemas","Scribd","https://pt.scribd.com/document/665108506/VALTRA-T-CVT-livro-de-servico","E:\MANUAIS_APPMAQ\Trator Agricola\VALTRA 4\T210 CVT\LIVRO DE SERVICO TECNICO COM CODIGOS DE ERRO E DIAGRAMAS DOS TRATORES VALTRA T195 CVT T210 CVT T230 CVT T250 CVT.pdf","1575819","41","2842cf4defb9271634f6f6da696e9334758be4076e9c99daa017ebbb97da7520","validado_conteudo","Validado localmente: cita T195 CVT, T210 CVT, T230 CVT e T250 CVT; inclui codigos de erro, diagramas eletricos, hidraulicos e pneumaticos."
"2026-07-02T12:09:46","valtra4_scribd_t_cvt_busca_ampliada_20260702","VALTRA","T230 CVT","manual_diagnostico_esquemas","Scribd","https://pt.scribd.com/document/665108506/VALTRA-T-CVT-livro-de-servico","E:\MANUAIS_APPMAQ\Trator Agricola\VALTRA 4\T230 CVT\LIVRO DE SERVICO TECNICO COM CODIGOS DE ERRO E DIAGRAMAS DOS TRATORES VALTRA T195 CVT T210 CVT T230 CVT T250 CVT.pdf","1575819","41","2842cf4defb9271634f6f6da696e9334758be4076e9c99daa017ebbb97da7520","validado_conteudo","Validado localmente: cita T195 CVT, T210 CVT, T230 CVT e T250 CVT; inclui codigos de erro, diagramas eletricos, hidraulicos e pneumaticos."
"2026-07-02T12:09:46","valtra4_scribd_t_cvt_busca_ampliada_20260702","VALTRA","T250 CVT","manual_diagnostico_esquemas","Scribd","https://pt.scribd.com/document/665108506/VALTRA-T-CVT-livro-de-servico","E:\MANUAIS_APPMAQ\Trator Agricola\VALTRA 4\T250 CVT\LIVRO DE SERVICO TECNICO COM CODIGOS DE ERRO E DIAGRAMAS DOS TRATORES VALTRA T195 CVT T210 CVT T230 CVT T250 CVT.pdf","1575819","41","2842cf4defb9271634f6f6da696e9334758be4076e9c99daa017ebbb97da7520","validado_conteudo","Validado localmente: cita T195 CVT, T210 CVT, T230 CVT e T250 CVT; inclui codigos de erro, diagramas eletricos, hidraulicos e pneumaticos."
"2026-07-02T12:09:46","valtra4_scribd_t_cvt_busca_ampliada_20260702","VALTRA","T210 CVT","codigos_falhas","Scribd","https://pt.scribd.com/document/461042812/FALHAS-CVT","E:\MANUAIS_APPMAQ\Trator Agricola\VALTRA 4\T210 CVT\CODIGOS DE FALHAS DOS TRATORES VALTRA SERIE T CVT T190 T210 T230 T250.pdf","1716883","48","cdef4e3e91c603a4c4669cb8f799d96b9a26c4e73eabaed8fd6555037feee889","validado_conteudo","Validado localmente: documento cita Trator Serie T CVT T190, T210, T230 e T250. Nao aplicado ao T195 CVT por nao citar esse modelo."
"2026-07-02T12:09:46","valtra4_scribd_t_cvt_busca_ampliada_20260702","VALTRA","T230 CVT","codigos_falhas","Scribd","https://pt.scribd.com/document/461042812/FALHAS-CVT","E:\MANUAIS_APPMAQ\Trator Agricola\VALTRA 4\T230 CVT\CODIGOS DE FALHAS DOS TRATORES VALTRA SERIE T CVT T190 T210 T230 T250.pdf","1716883","48","cdef4e3e91c603a4c4669cb8f799d96b9a26c4e73eabaed8fd6555037feee889","validado_conteudo","Validado localmente: documento cita Trator Serie T CVT T190, T210, T230 e T250. Nao aplicado ao T195 CVT por nao citar esse modelo."
"2026-07-02T12:09:46","valtra4_scribd_t_cvt_busca_ampliada_20260702","VALTRA","T250 CVT","codigos_falhas","Scribd","https://pt.scribd.com/document/461042812/FALHAS-CVT","E:\MANUAIS_APPMAQ\Trator Agricola\VALTRA 4\T250 CVT\CODIGOS DE FALHAS DOS TRATORES VALTRA SERIE T CVT T190 T210 T230 T250.pdf","1716883","48","cdef4e3e91c603a4c4669cb8f799d96b9a26c4e73eabaed8fd6555037feee889","validado_conteudo","Validado localmente: documento cita Trator Serie T CVT T190, T210, T230 e T250. Nao aplicado ao T195 CVT por nao citar esse modelo."
"2026-07-02T12:09:46","valtra4_scribd_t_cvt_busca_ampliada_20260702","VALTRA","T195 CVT","esquema_eletrico_diagnostico","Scribd","https://pt.scribd.com/document/635020696/VALTRA-CVT","E:\MANUAIS_APPMAQ\Trator Agricola\VALTRA 4\T195 CVT\TREINAMENTO DE COMPONENTES ELETRICOS DO SISTEMA CVT DOS TRATORES VALTRA SERIE T CVT.pdf","29558013","287","80bf1b26719a125b87bbc32e7e52b71549724eeffeca30be64e77b0483188ce7","validado_conteudo","Validado localmente: documento cita Componentes Eletricos e Treinamento Sistema Eletrico Serie T CVT."
"2026-07-02T12:09:46","valtra4_scribd_t_cvt_busca_ampliada_20260702","VALTRA","T210 CVT","esquema_eletrico_diagnostico","Scribd","https://pt.scribd.com/document/635020696/VALTRA-CVT","E:\MANUAIS_APPMAQ\Trator Agricola\VALTRA 4\T210 CVT\TREINAMENTO DE COMPONENTES ELETRICOS DO SISTEMA CVT DOS TRATORES VALTRA SERIE T CVT.pdf","29558013","287","80bf1b26719a125b87bbc32e7e52b71549724eeffeca30be64e77b0483188ce7","validado_conteudo","Validado localmente: documento cita Componentes Eletricos e Treinamento Sistema Eletrico Serie T CVT."
"2026-07-02T12:09:46","valtra4_scribd_t_cvt_busca_ampliada_20260702","VALTRA","T230 CVT","esquema_eletrico_diagnostico","Scribd","https://pt.scribd.com/document/635020696/VALTRA-CVT","E:\MANUAIS_APPMAQ\Trator Agricola\VALTRA 4\T230 CVT\TREINAMENTO DE COMPONENTES ELETRICOS DO SISTEMA CVT DOS TRATORES VALTRA SERIE T CVT.pdf","29558013","287","80bf1b26719a125b87bbc32e7e52b71549724eeffeca30be64e77b0483188ce7","validado_conteudo","Validado localmente: documento cita Componentes Eletricos e Treinamento Sistema Eletrico Serie T CVT."
"2026-07-02T12:09:46","valtra4_scribd_t_cvt_busca_ampliada_20260702","VALTRA","T250 CVT","esquema_eletrico_diagnostico","Scribd","https://pt.scribd.com/document/635020696/VALTRA-CVT","E:\MANUAIS_APPMAQ\Trator Agricola\VALTRA 4\T250 CVT\TREINAMENTO DE COMPONENTES ELETRICOS DO SISTEMA CVT DOS TRATORES VALTRA SERIE T CVT.pdf","29558013","287","80bf1b26719a125b87bbc32e7e52b71549724eeffeca30be64e77b0483188ce7","validado_conteudo","Validado localmente: documento cita Componentes Eletricos e Treinamento Sistema Eletrico Serie T CVT."
"2026-07-02T12:09:46","valtra4_scribd_t_cvt_busca_ampliada_20260702","VALTRA","T195 CVT","manual_manutencao","Scribd","https://pt.scribd.com/document/518804997/T195-T210-T230-T250-SERIE-T-CVT","E:\MANUAIS_APPMAQ\Trator Agricola\VALTRA 4\T195 CVT\PLANO DE MANUTENCAO DOS TRATORES VALTRA T195 CVT T210 CVT T230 CVT T250 CVT.pdf","435067","2","e1be9fe14cd3406fc51c13ac6d547aa32476c4afbd9aa974c37cf3aedd06f9b9","validado_conteudo","Validado localmente: documento cita T195, T210, T230 e T250 Serie T CVT."
"2026-07-02T12:09:46","valtra4_scribd_t_cvt_busca_ampliada_20260702","VALTRA","T210 CVT","manual_manutencao","Scribd","https://pt.scribd.com/document/518804997/T195-T210-T230-T250-SERIE-T-CVT","E:\MANUAIS_APPMAQ\Trator Agricola\VALTRA 4\T210 CVT\PLANO DE MANUTENCAO DOS TRATORES VALTRA T195 CVT T210 CVT T230 CVT T250 CVT.pdf","435067","2","e1be9fe14cd3406fc51c13ac6d547aa32476c4afbd9aa974c37cf3aedd06f9b9","validado_conteudo","Validado localmente: documento cita T195, T210, T230 e T250 Serie T CVT."
"2026-07-02T12:09:46","valtra4_scribd_t_cvt_busca_ampliada_20260702","VALTRA","T230 CVT","manual_manutencao","Scribd","https://pt.scribd.com/document/518804997/T195-T210-T230-T250-SERIE-T-CVT","E:\MANUAIS_APPMAQ\Trator Agricola\VALTRA 4\T230 CVT\PLANO DE MANUTENCAO DOS TRATORES VALTRA T195 CVT T210 CVT T230 CVT T250 CVT.pdf","435067","2","e1be9fe14cd3406fc51c13ac6d547aa32476c4afbd9aa974c37cf3aedd06f9b9","validado_conteudo","Validado localmente: documento cita T195, T210, T230 e T250 Serie T CVT."
"2026-07-02T12:09:46","valtra4_scribd_t_cvt_busca_ampliada_20260702","VALTRA","T250 CVT","manual_manutencao","Scribd","https://pt.scribd.com/document/518804997/T195-T210-T230-T250-SERIE-T-CVT","E:\MANUAIS_APPMAQ\Trator Agricola\VALTRA 4\T250 CVT\PLANO DE MANUTENCAO DOS TRATORES VALTRA T195 CVT T210 CVT T230 CVT T250 CVT.pdf","435067","2","e1be9fe14cd3406fc51c13ac6d547aa32476c4afbd9aa974c37cf3aedd06f9b9","validado_conteudo","Validado localmente: documento cita T195, T210, T230 e T250 Serie T CVT."
