"marca","modelo","escopo","tipo_documento","pasta_sugerida","idioma_sugerido","nome_arquivo","caminho_zip","tamanho_bytes","compactado_bytes","status_validacao","observacao"
"VALTRA","_GERAL_VALTRA","geral","catalogo_pecas","03_catalogo_pecas","PT","MANUAL E CATALOGO DE PEÇAS COM COMPONENTES ELÉTRICOS E SENSORES DO SISTEMA HIDRÁULICO DE UMA SÉRIE T CVT.pdf","TRATORES AGRICOLAS VALTRA 2/MANUAL E CATALOGO DE PEÇAS COM COMPONENTES ELÉTRICOS E SENSORES DO SISTEMA HIDRÁULICO DE UMA SÉRIE T CVT.pdf","29558013","26715752","candidato_por_pasta_usuario","Documento geral no nivel raiz do ZIP; mapear por serie antes de copiar para modelos."
"VALTRA","_GERAL_VALTRA","geral","ficha_tecnica_folheto","07_ficha_tecnica_folheto","PT","FOLHETO DOS TRATORES AGRICOLAS A2R.pdf","TRATORES AGRICOLAS VALTRA 2/FOLHETO DOS TRATORES AGRICOLAS A2R.pdf","3592998","3491407","candidato_por_pasta_usuario","Documento geral no nivel raiz do ZIP; mapear por serie antes de copiar para modelos."
"VALTRA","_GERAL_VALTRA","geral","manual_eletrico_hidraulico","05_manual_eletrico_hidraulico","PT","MANUAL DE  ELÉTRICA E HIDRÁULICA DOS TRATORES VALTRA A4S, A4 E A4 HITECH, INCLUINDO DIAGNÓSTICO DE FALHAS.pdf","TRATORES AGRICOLAS VALTRA 2/MANUAL DE  ELÉTRICA E HIDRÁULICA DOS TRATORES VALTRA A4S, A4 E A4 HITECH, INCLUINDO DIAGNÓSTICO DE FALHAS.pdf","21488271","19065427","candidato_por_pasta_usuario","Documento geral no nivel raiz do ZIP; mapear por serie antes de copiar para modelos."
"VALTRA","_GERAL_VALTRA","geral","manual_eletrico_hidraulico","05_manual_eletrico_hidraulico","PT","MANUAL DE CONCEITOS OPERACIONAIS, SISTEMA ELÉTRICO E SISTEMAS HIDRÁULICOS DOS TRATORES VALTRA SERIE100.pdf","TRATORES AGRICOLAS VALTRA 2/MANUAL DE CONCEITOS OPERACIONAIS, SISTEMA ELÉTRICO E SISTEMAS HIDRÁULICOS DOS TRATORES VALTRA SERIE100.pdf","20432258","19484816","candidato_por_pasta_usuario","Documento geral no nivel raiz do ZIP; mapear por serie antes de copiar para modelos."
"VALTRA","_GERAL_VALTRA","geral","manual_manutencao","04_manual_manutencao","PT","MANUTENÇÃO PERIÓDICA TRATORES VALTRA A4 E BH G2.pdf","TRATORES AGRICOLAS VALTRA 2/MANUTENÇÃO PERIÓDICA TRATORES VALTRA A4 E BH G2.pdf","4584440","4335804","candidato_por_pasta_usuario","Documento geral no nivel raiz do ZIP; mapear por serie antes de copiar para modelos."
"VALTRA","_GERAL_VALTRA","geral","manual_servico_oficina","02_manual_servico_oficina","PT","MANUAL DE SERVIÇO DOS TRATORES VALTRA A4S A74S A84S A94S.pdf","TRATORES AGRICOLAS VALTRA 2/MANUAL DE SERVIÇO DOS TRATORES VALTRA A4S A74S A84S A94S.pdf","1761545","1727357","candidato_por_pasta_usuario","Documento geral no nivel raiz do ZIP; mapear por serie antes de copiar para modelos."
"VALTRA","_GERAL_VALTRA","geral","manual_servico_oficina","02_manual_servico_oficina","PT","MANUAL DE SERVIÇO DOS TRATORES VALTRA A800R-A990R.pdf","TRATORES AGRICOLAS VALTRA 2/MANUAL DE SERVIÇO DOS TRATORES VALTRA A800R-A990R.pdf","1872909","1839903","candidato_por_pasta_usuario","Documento geral no nivel raiz do ZIP; mapear por serie antes de copiar para modelos."
"VALTRA","_GERAL_VALTRA","geral","manual_servico_oficina","02_manual_servico_oficina","PT","MANUAL DE SERVIÇO DOS TRATORES VALTRA S3.pdf","TRATORES AGRICOLAS VALTRA 2/MANUAL DE SERVIÇO DOS TRATORES VALTRA S3.pdf","316793923","195512328","candidato_por_pasta_usuario","Documento geral no nivel raiz do ZIP; mapear por serie antes de copiar para modelos."
"VALTRA","_GERAL_VALTRA","geral","manual_servico_oficina","02_manual_servico_oficina","PT","MANUAL DE SERVIÇO DOS TRATORES VALTRA T CVT.pdf","TRATORES AGRICOLAS VALTRA 2/MANUAL DE SERVIÇO DOS TRATORES VALTRA T CVT.pdf","1171681","1105322","candidato_por_pasta_usuario","Documento geral no nivel raiz do ZIP; mapear por serie antes de copiar para modelos."
"VALTRA","A125 HiTech","modelo","catalogo_pecas","03_catalogo_pecas","PT","CATALOGO DE PEÇAS DOS TRATORES VALTRA-VALMET.pdf","TRATORES AGRICOLAS VALTRA 2/A125 HiTech/CATALOGO DE PEÇAS DOS TRATORES VALTRA-VALMET.pdf","5137991","3058480","candidato_por_pasta_usuario","Documento estava dentro da pasta do modelo no ZIP do usuario."
"VALTRA","A125 HiTech","modelo","ficha_tecnica_folheto","07_ficha_tecnica_folheto","PT","FOLHETO DOS TRATORES AGRICOLAS A5 HITECH.pdf","TRATORES AGRICOLAS VALTRA 2/A125 HiTech/FOLHETO DOS TRATORES AGRICOLAS A5 HITECH.pdf","240866","222956","candidato_por_pasta_usuario","Documento estava dentro da pasta do modelo no ZIP do usuario."
"VALTRA","A134H","modelo","catalogo_pecas","03_catalogo_pecas","PT","CATALOGO DE PEÇAS DOS TRATORES VALTRA-VALMET.pdf","TRATORES AGRICOLAS VALTRA 2/A134H/CATALOGO DE PEÇAS DOS TRATORES VALTRA-VALMET.pdf","5137991","3058480","candidato_por_pasta_usuario","Documento estava dentro da pasta do modelo no ZIP do usuario."
"VALTRA","A134H","modelo","ficha_tecnica_folheto","07_ficha_tecnica_folheto","PT","FOLHETO DOS TRATORES AGRICOLAS A4 HITECH.pdf","TRATORES AGRICOLAS VALTRA 2/A134H/FOLHETO DOS TRATORES AGRICOLAS A4 HITECH.pdf","3401868","3372511","candidato_por_pasta_usuario","Documento estava dentro da pasta do modelo no ZIP do usuario."
"VALTRA","A134H","modelo","manual_operador","01_manual_operador","PT","MANUAL COM INSTRUÇÕES SOBRE OPERAÇÃO, MANUTENÇÃO E SEGURANÇA PARA TRATORES VALTRA.pdf","TRATORES AGRICOLAS VALTRA 2/A134H/MANUAL COM INSTRUÇÕES SOBRE OPERAÇÃO, MANUTENÇÃO E SEGURANÇA PARA TRATORES VALTRA.pdf","36212149","35105049","candidato_por_pasta_usuario","Documento estava dentro da pasta do modelo no ZIP do usuario."
"VALTRA","A135","modelo","catalogo_pecas","03_catalogo_pecas","PT","CATALOGO DE PEÇAS DOS TRATORES VALTRA-VALMET.pdf","TRATORES AGRICOLAS VALTRA 2/A135/CATALOGO DE PEÇAS DOS TRATORES VALTRA-VALMET.pdf","5137991","3058480","candidato_por_pasta_usuario","Documento estava dentro da pasta do modelo no ZIP do usuario."
"VALTRA","A135","modelo","ficha_tecnica_folheto","07_ficha_tecnica_folheto","PT","FOLHETO DOS TRATORES AGRICOLAS A5.pdf","TRATORES AGRICOLAS VALTRA 2/A135/FOLHETO DOS TRATORES AGRICOLAS A5.pdf","2378539","2322195","candidato_por_pasta_usuario","Documento estava dentro da pasta do modelo no ZIP do usuario."
"VALTRA","A135","modelo","manual_operador","01_manual_operador","PT","MANUAL COM INSTRUÇÕES SOBRE OPERAÇÃO, MANUTENÇÃO E SEGURANÇA PARA TRATORES VALTRA.pdf","TRATORES AGRICOLAS VALTRA 2/A135/MANUAL COM INSTRUÇÕES SOBRE OPERAÇÃO, MANUTENÇÃO E SEGURANÇA PARA TRATORES VALTRA.pdf","36212149","35105049","candidato_por_pasta_usuario","Documento estava dentro da pasta do modelo no ZIP do usuario."
"VALTRA","A135 HiTech","modelo","catalogo_pecas","03_catalogo_pecas","PT","CATALOGO DE PEÇAS DOS TRATORES VALTRA-VALMET.pdf","TRATORES AGRICOLAS VALTRA 2/A135 HiTech/CATALOGO DE PEÇAS DOS TRATORES VALTRA-VALMET.pdf","5137991","3058480","candidato_por_pasta_usuario","Documento estava dentro da pasta do modelo no ZIP do usuario."
"VALTRA","A135 HiTech","modelo","ficha_tecnica_folheto","07_ficha_tecnica_folheto","PT","FOLHETO DOS TRATORES AGRICOLAS A5 HITECH.pdf","TRATORES AGRICOLAS VALTRA 2/A135 HiTech/FOLHETO DOS TRATORES AGRICOLAS A5 HITECH.pdf","240866","222956","candidato_por_pasta_usuario","Documento estava dentro da pasta do modelo no ZIP do usuario."
"VALTRA","A135 HiTech","modelo","manual_operador","01_manual_operador","PT","MANUAL COM INSTRUÇÕES SOBRE OPERAÇÃO, MANUTENÇÃO E SEGURANÇA PARA TRATORES VALTRA.pdf","TRATORES AGRICOLAS VALTRA 2/A135 HiTech/MANUAL COM INSTRUÇÕES SOBRE OPERAÇÃO, MANUTENÇÃO E SEGURANÇA PARA TRATORES VALTRA.pdf","36212149","35105049","candidato_por_pasta_usuario","Documento estava dentro da pasta do modelo no ZIP do usuario."
"VALTRA","A144","modelo","catalogo_pecas","03_catalogo_pecas","PT","CATALOGO DE PEÇAS DOS TRATORES VALTRA-VALMET.pdf","TRATORES AGRICOLAS VALTRA 2/A144/CATALOGO DE PEÇAS DOS TRATORES VALTRA-VALMET.pdf","5137991","3058480","candidato_por_pasta_usuario","Documento estava dentro da pasta do modelo no ZIP do usuario."
"VALTRA","A144","modelo","ficha_tecnica_folheto","07_ficha_tecnica_folheto","PT","FOLHETO COM  INFORMAÇÕES SOBRE ECONOMIA DE COMBUSTÍVEL, CONFORTO, VERSATILIDADE E TECNOLOGIA AVANÇADA DE TODOS TRATORES VALTRA..pdf","TRATORES AGRICOLAS VALTRA 2/A144/FOLHETO COM  INFORMAÇÕES SOBRE ECONOMIA DE COMBUSTÍVEL, CONFORTO, VERSATILIDADE E TECNOLOGIA AVANÇADA DE TODOS TRATORES VALTRA..pdf","189856864","181912493","candidato_por_pasta_usuario","Documento estava dentro da pasta do modelo no ZIP do usuario."
"VALTRA","A144","modelo","ficha_tecnica_folheto","07_ficha_tecnica_folheto","PT","FOLHETO DOS TRATORES AGRICOLAS A4.pdf","TRATORES AGRICOLAS VALTRA 2/A144/FOLHETO DOS TRATORES AGRICOLAS A4.pdf","2196975","2133730","candidato_por_pasta_usuario","Documento estava dentro da pasta do modelo no ZIP do usuario."
"VALTRA","A144","modelo","manual_operador","01_manual_operador","PT","MANUAL COM INSTRUÇÕES SOBRE OPERAÇÃO, MANUTENÇÃO E SEGURANÇA PARA TRATORES VALTRA.pdf","TRATORES AGRICOLAS VALTRA 2/A144/MANUAL COM INSTRUÇÕES SOBRE OPERAÇÃO, MANUTENÇÃO E SEGURANÇA PARA TRATORES VALTRA.pdf","36212149","35105049","candidato_por_pasta_usuario","Documento estava dentro da pasta do modelo no ZIP do usuario."
"VALTRA","A144L","modelo","catalogo_pecas","03_catalogo_pecas","PT","CATALOGO DE PEÇAS DOS TRATORES VALTRA-VALMET.pdf","TRATORES AGRICOLAS VALTRA 2/A144L/CATALOGO DE PEÇAS DOS TRATORES VALTRA-VALMET.pdf","5137991","3058480","candidato_por_pasta_usuario","Documento estava dentro da pasta do modelo no ZIP do usuario."
"VALTRA","A144L","modelo","manual_operador","01_manual_operador","PT","MANUAL COM INSTRUÇÕES SOBRE OPERAÇÃO, MANUTENÇÃO E SEGURANÇA PARA TRATORES VALTRA.pdf","TRATORES AGRICOLAS VALTRA 2/A144L/MANUAL COM INSTRUÇÕES SOBRE OPERAÇÃO, MANUTENÇÃO E SEGURANÇA PARA TRATORES VALTRA.pdf","36212149","35105049","candidato_por_pasta_usuario","Documento estava dentro da pasta do modelo no ZIP do usuario."
"VALTRA","A144LC","modelo","catalogo_pecas","03_catalogo_pecas","PT","CATALOGO DE PEÇAS DOS TRATORES VALTRA-VALMET.pdf","TRATORES AGRICOLAS VALTRA 2/A144LC/CATALOGO DE PEÇAS DOS TRATORES VALTRA-VALMET.pdf","5137991","3058480","candidato_por_pasta_usuario","Documento estava dentro da pasta do modelo no ZIP do usuario."
"VALTRA","A144LC","modelo","manual_complementar","08_manual_complementar","PT","MANUAL COM INSTRUÇÕES PARA TRATORES VALTRA.pdf","TRATORES AGRICOLAS VALTRA 2/A144LC/MANUAL COM INSTRUÇÕES PARA TRATORES VALTRA.pdf","56623982","50989796","candidato_por_pasta_usuario","Documento estava dentro da pasta do modelo no ZIP do usuario."
"VALTRA","A144LC","modelo","manual_operador","01_manual_operador","PT","MANUAL COM INSTRUÇÕES SOBRE OPERAÇÃO, MANUTENÇÃO E SEGURANÇA PARA TRATORES VALTRA.pdf","TRATORES AGRICOLAS VALTRA 2/A144LC/MANUAL COM INSTRUÇÕES SOBRE OPERAÇÃO, MANUTENÇÃO E SEGURANÇA PARA TRATORES VALTRA.pdf","36212149","35105049","candidato_por_pasta_usuario","Documento estava dentro da pasta do modelo no ZIP do usuario."
"VALTRA","A145","modelo","catalogo_pecas","03_catalogo_pecas","PT","CATALOGO DE PEÇAS DOS TRATORES VALTRA-VALMET.pdf","TRATORES AGRICOLAS VALTRA 2/A145/CATALOGO DE PEÇAS DOS TRATORES VALTRA-VALMET.pdf","5137991","3058480","candidato_por_pasta_usuario","Documento estava dentro da pasta do modelo no ZIP do usuario."
"VALTRA","A145","modelo","ficha_tecnica_folheto","07_ficha_tecnica_folheto","PT","FOLHETO DOS TRATORES AGRICOLAS A5.pdf","TRATORES AGRICOLAS VALTRA 2/A145/FOLHETO DOS TRATORES AGRICOLAS A5.pdf","2378539","2322195","candidato_por_pasta_usuario","Documento estava dentro da pasta do modelo no ZIP do usuario."
"VALTRA","A145","modelo","manual_operador","01_manual_operador","PT","MANUAL COM INSTRUÇÕES SOBRE OPERAÇÃO, MANUTENÇÃO E SEGURANÇA PARA TRATORES VALTRA.pdf","TRATORES AGRICOLAS VALTRA 2/A145/MANUAL COM INSTRUÇÕES SOBRE OPERAÇÃO, MANUTENÇÃO E SEGURANÇA PARA TRATORES VALTRA.pdf","36212149","35105049","candidato_por_pasta_usuario","Documento estava dentro da pasta do modelo no ZIP do usuario."
"VALTRA","A145 HiTech","modelo","catalogo_pecas","03_catalogo_pecas","PT","CATALOGO DE PEÇAS DOS TRATORES VALTRA-VALMET.pdf","TRATORES AGRICOLAS VALTRA 2/A145 HiTech/CATALOGO DE PEÇAS DOS TRATORES VALTRA-VALMET.pdf","5137991","3058480","candidato_por_pasta_usuario","Documento estava dentro da pasta do modelo no ZIP do usuario."
"VALTRA","A145 HiTech","modelo","ficha_tecnica_folheto","07_ficha_tecnica_folheto","PT","FOLHETO DOS TRATORES AGRICOLAS A5 HITECH.pdf","TRATORES AGRICOLAS VALTRA 2/A145 HiTech/FOLHETO DOS TRATORES AGRICOLAS A5 HITECH.pdf","240866","222956","candidato_por_pasta_usuario","Documento estava dentro da pasta do modelo no ZIP do usuario."
"VALTRA","A145 HiTech","modelo","manual_operador","01_manual_operador","PT","MANUAL COM INSTRUÇÕES SOBRE OPERAÇÃO, MANUTENÇÃO E SEGURANÇA PARA TRATORES VALTRA.pdf","TRATORES AGRICOLAS VALTRA 2/A145 HiTech/MANUAL COM INSTRUÇÕES SOBRE OPERAÇÃO, MANUTENÇÃO E SEGURANÇA PARA TRATORES VALTRA.pdf","36212149","35105049","candidato_por_pasta_usuario","Documento estava dentro da pasta do modelo no ZIP do usuario."
"VALTRA","A52s","modelo","catalogo_pecas","03_catalogo_pecas","PT","CATALOGO DE PEÇAS DOS TRATORES VALTRA-VALMET.pdf","TRATORES AGRICOLAS VALTRA 2/A52s/CATALOGO DE PEÇAS DOS TRATORES VALTRA-VALMET.pdf","5137991","3058480","candidato_por_pasta_usuario","Documento estava dentro da pasta do modelo no ZIP do usuario."
"VALTRA","A52s","modelo","ficha_tecnica_folheto","07_ficha_tecnica_folheto","PT","FOLHETO DOS TRATORES AGRICOLAS A2s.pdf","TRATORES AGRICOLAS VALTRA 2/A52s/FOLHETO DOS TRATORES AGRICOLAS A2s.pdf","2635207","2606578","candidato_por_pasta_usuario","Documento estava dentro da pasta do modelo no ZIP do usuario."
"VALTRA","A52s","modelo","manual_operador","01_manual_operador","PT","MANUAL COM INSTRUÇÕES SOBRE OPERAÇÃO, MANUTENÇÃO E SEGURANÇA PARA TRATORES VALTRA.pdf","TRATORES AGRICOLAS VALTRA 2/A52s/MANUAL COM INSTRUÇÕES SOBRE OPERAÇÃO, MANUTENÇÃO E SEGURANÇA PARA TRATORES VALTRA.pdf","36212149","35105049","candidato_por_pasta_usuario","Documento estava dentro da pasta do modelo no ZIP do usuario."
"VALTRA","A550","modelo","catalogo_pecas","03_catalogo_pecas","PT","CATALOGO DE PEÇAS DOS TRATORES VALTRA-VALMET.pdf","TRATORES AGRICOLAS VALTRA 2/A550/CATALOGO DE PEÇAS DOS TRATORES VALTRA-VALMET.pdf","5137991","3058480","candidato_por_pasta_usuario","Documento estava dentro da pasta do modelo no ZIP do usuario."
"VALTRA","A550","modelo","ficha_tecnica_folheto","07_ficha_tecnica_folheto","PT","FOLHETO COM  INFORMAÇÕES SOBRE ECONOMIA DE COMBUSTÍVEL, CONFORTO, VERSATILIDADE E TECNOLOGIA AVANÇADA DE TODOS TRATORES VALTRA..pdf","TRATORES AGRICOLAS VALTRA 2/A550/FOLHETO COM  INFORMAÇÕES SOBRE ECONOMIA DE COMBUSTÍVEL, CONFORTO, VERSATILIDADE E TECNOLOGIA AVANÇADA DE TODOS TRATORES VALTRA..pdf","189856864","181912493","candidato_por_pasta_usuario","Documento estava dentro da pasta do modelo no ZIP do usuario."
"VALTRA","A550","modelo","manual_complementar","08_manual_complementar","PT","MANUAL COM INSTRUÇÕES PARA TRATORES VALTRA.pdf","TRATORES AGRICOLAS VALTRA 2/A550/MANUAL COM INSTRUÇÕES PARA TRATORES VALTRA.pdf","56623982","50989796","candidato_por_pasta_usuario","Documento estava dentro da pasta do modelo no ZIP do usuario."
"VALTRA","A550","modelo","manual_operador","01_manual_operador","PT","MANUAL COM INSTRUÇÕES SOBRE OPERAÇÃO, MANUTENÇÃO E SEGURANÇA PARA TRATORES VALTRA.pdf","TRATORES AGRICOLAS VALTRA 2/A550/MANUAL COM INSTRUÇÕES SOBRE OPERAÇÃO, MANUTENÇÃO E SEGURANÇA PARA TRATORES VALTRA.pdf","36212149","35105049","candidato_por_pasta_usuario","Documento estava dentro da pasta do modelo no ZIP do usuario."
"VALTRA","A62s","modelo","catalogo_pecas","03_catalogo_pecas","PT","CATALOGO DE PEÇAS DOS TRATORES VALTRA-VALMET.pdf","TRATORES AGRICOLAS VALTRA 2/A62s/CATALOGO DE PEÇAS DOS TRATORES VALTRA-VALMET.pdf","5137991","3058480","candidato_por_pasta_usuario","Documento estava dentro da pasta do modelo no ZIP do usuario."
"VALTRA","A62s","modelo","ficha_tecnica_folheto","07_ficha_tecnica_folheto","PT","FOLHETO DOS TRATORES AGRICOLAS A2s.pdf","TRATORES AGRICOLAS VALTRA 2/A62s/FOLHETO DOS TRATORES AGRICOLAS A2s.pdf","2635207","2606578","candidato_por_pasta_usuario","Documento estava dentro da pasta do modelo no ZIP do usuario."
"VALTRA","A62s","modelo","manual_operador","01_manual_operador","PT","MANUAL COM INSTRUÇÕES SOBRE OPERAÇÃO, MANUTENÇÃO E SEGURANÇA PARA TRATORES VALTRA.pdf","TRATORES AGRICOLAS VALTRA 2/A62s/MANUAL COM INSTRUÇÕES SOBRE OPERAÇÃO, MANUTENÇÃO E SEGURANÇA PARA TRATORES VALTRA.pdf","36212149","35105049","candidato_por_pasta_usuario","Documento estava dentro da pasta do modelo no ZIP do usuario."
"VALTRA","A63F","modelo","catalogo_pecas","03_catalogo_pecas","PT","CATALOGO DE PEÇAS DOS TRATORES VALTRA-VALMET.pdf","TRATORES AGRICOLAS VALTRA 2/A63F/CATALOGO DE PEÇAS DOS TRATORES VALTRA-VALMET.pdf","5137991","3058480","candidato_por_pasta_usuario","Documento estava dentro da pasta do modelo no ZIP do usuario."
"VALTRA","A63F","modelo","manual_operador","01_manual_operador","PT","MANUAL COM INSTRUÇÕES SOBRE OPERAÇÃO, MANUTENÇÃO E SEGURANÇA PARA TRATORES VALTRA.pdf","TRATORES AGRICOLAS VALTRA 2/A63F/MANUAL COM INSTRUÇÕES SOBRE OPERAÇÃO, MANUTENÇÃO E SEGURANÇA PARA TRATORES VALTRA.pdf","36212149","35105049","candidato_por_pasta_usuario","Documento estava dentro da pasta do modelo no ZIP do usuario."
"VALTRA","A63F","modelo","manual_operador","01_manual_operador","PT","MANUAL DO OPERADOR TRATOR VALTRA A3F.pdf","TRATORES AGRICOLAS VALTRA 2/A63F/MANUAL DO OPERADOR TRATOR VALTRA A3F.pdf","688087","659611","candidato_por_pasta_usuario","Documento estava dentro da pasta do modelo no ZIP do usuario."
"VALTRA","A63F","modelo","manual_operador","01_manual_operador","ES","MANUAL DO OPERADOR TRATOR VALTRA SERIE A3F EM ESPANHOL.pdf","TRATORES AGRICOLAS VALTRA 2/A63F/MANUAL DO OPERADOR TRATOR VALTRA SERIE A3F EM ESPANHOL.pdf","5533757","5231600","candidato_por_pasta_usuario","Documento estava dentro da pasta do modelo no ZIP do usuario."
"VALTRA","A73F","modelo","catalogo_pecas","03_catalogo_pecas","PT","CATALOGO DE PEÇAS DOS TRATORES VALTRA-VALMET.pdf","TRATORES AGRICOLAS VALTRA 2/A73F/CATALOGO DE PEÇAS DOS TRATORES VALTRA-VALMET.pdf","5137991","3058480","candidato_por_pasta_usuario","Documento estava dentro da pasta do modelo no ZIP do usuario."
"VALTRA","A73F","modelo","manual_operador","01_manual_operador","PT","MANUAL COM INSTRUÇÕES SOBRE OPERAÇÃO, MANUTENÇÃO E SEGURANÇA PARA TRATORES VALTRA.pdf","TRATORES AGRICOLAS VALTRA 2/A73F/MANUAL COM INSTRUÇÕES SOBRE OPERAÇÃO, MANUTENÇÃO E SEGURANÇA PARA TRATORES VALTRA.pdf","36212149","35105049","candidato_por_pasta_usuario","Documento estava dentro da pasta do modelo no ZIP do usuario."
"VALTRA","A73F","modelo","manual_operador","01_manual_operador","PT","MANUAL DO OPERADOR TRATOR VALTRA A3F.pdf","TRATORES AGRICOLAS VALTRA 2/A73F/MANUAL DO OPERADOR TRATOR VALTRA A3F.pdf","688087","659611","candidato_por_pasta_usuario","Documento estava dentro da pasta do modelo no ZIP do usuario."
"VALTRA","A73F","modelo","manual_operador","01_manual_operador","ES","MANUAL DO OPERADOR TRATOR VALTRA SERIE A3F EM ESPANHOL.pdf","TRATORES AGRICOLAS VALTRA 2/A73F/MANUAL DO OPERADOR TRATOR VALTRA SERIE A3F EM ESPANHOL.pdf","5533757","5231600","candidato_por_pasta_usuario","Documento estava dentro da pasta do modelo no ZIP do usuario."
"VALTRA","A74","modelo","catalogo_pecas","03_catalogo_pecas","PT","CATALOGO DE PEÇAS DOS TRATORES VALTRA-VALMET.pdf","TRATORES AGRICOLAS VALTRA 2/A74/CATALOGO DE PEÇAS DOS TRATORES VALTRA-VALMET.pdf","5137991","3058480","candidato_por_pasta_usuario","Documento estava dentro da pasta do modelo no ZIP do usuario."
"VALTRA","A74","modelo","manual_complementar","08_manual_complementar","PT","MANUAL COM INSTRUÇÕES PARA TRATORES VALTRA.pdf","TRATORES AGRICOLAS VALTRA 2/A74/MANUAL COM INSTRUÇÕES PARA TRATORES VALTRA.pdf","56623982","50989796","candidato_por_pasta_usuario","Documento estava dentro da pasta do modelo no ZIP do usuario."
"VALTRA","A74","modelo","manual_operador","01_manual_operador","PT","MANUAL COM INSTRUÇÕES SOBRE OPERAÇÃO, MANUTENÇÃO E SEGURANÇA PARA TRATORES VALTRA.pdf","TRATORES AGRICOLAS VALTRA 2/A74/MANUAL COM INSTRUÇÕES SOBRE OPERAÇÃO, MANUTENÇÃO E SEGURANÇA PARA TRATORES VALTRA.pdf","36212149","35105049","candidato_por_pasta_usuario","Documento estava dentro da pasta do modelo no ZIP do usuario."
"VALTRA","A74s","modelo","catalogo_pecas","03_catalogo_pecas","PT","CATALOGO DE PEÇAS DOS TRATORES VALTRA-VALMET.pdf","TRATORES AGRICOLAS VALTRA 2/A74s/CATALOGO DE PEÇAS DOS TRATORES VALTRA-VALMET.pdf","5137991","3058480","candidato_por_pasta_usuario","Documento estava dentro da pasta do modelo no ZIP do usuario."
"VALTRA","A74s","modelo","ficha_tecnica_folheto","07_ficha_tecnica_folheto","PT","FOLHETO SOBRE POTÊNCIA E VERSATILIDADE TRATORES VALTRA SÉRIE A4 E A4S.pdf","TRATORES AGRICOLAS VALTRA 2/A74s/FOLHETO SOBRE POTÊNCIA E VERSATILIDADE TRATORES VALTRA SÉRIE A4 E A4S.pdf","2775219","2435088","candidato_por_pasta_usuario","Documento estava dentro da pasta do modelo no ZIP do usuario."
"VALTRA","A74s","modelo","manual_manutencao","04_manual_manutencao","PT","MANUTENÇÃO PERIÓDICA TRATORES VALTRA A4S.pdf","TRATORES AGRICOLAS VALTRA 2/A74s/MANUTENÇÃO PERIÓDICA TRATORES VALTRA A4S.pdf","1217771","1110927","candidato_por_pasta_usuario","Documento estava dentro da pasta do modelo no ZIP do usuario."
"VALTRA","A74s","modelo","manual_operador","01_manual_operador","PT","MANUAL COM INSTRUÇÕES SOBRE OPERAÇÃO, MANUTENÇÃO E SEGURANÇA PARA TRATORES VALTRA.pdf","TRATORES AGRICOLAS VALTRA 2/A74s/MANUAL COM INSTRUÇÕES SOBRE OPERAÇÃO, MANUTENÇÃO E SEGURANÇA PARA TRATORES VALTRA.pdf","36212149","35105049","candidato_por_pasta_usuario","Documento estava dentro da pasta do modelo no ZIP do usuario."
"VALTRA","A74s","modelo","manual_servico_oficina","02_manual_servico_oficina","PT","MANUAL DE SERVIÇO DOS TRATORES VALTRA SERIE A4S - A74S A84S A94S.pdf","TRATORES AGRICOLAS VALTRA 2/A74s/MANUAL DE SERVIÇO DOS TRATORES VALTRA SERIE A4S - A74S A84S A94S.pdf","1761545","1727357","candidato_por_pasta_usuario","Documento estava dentro da pasta do modelo no ZIP do usuario."
"VALTRA","A74SC","modelo","catalogo_pecas","03_catalogo_pecas","PT","CATALOGO DE PEÇAS DOS TRATORES VALTRA-VALMET.pdf","TRATORES AGRICOLAS VALTRA 2/A74SC/CATALOGO DE PEÇAS DOS TRATORES VALTRA-VALMET.pdf","5137991","3058480","candidato_por_pasta_usuario","Documento estava dentro da pasta do modelo no ZIP do usuario."
"VALTRA","A74SC","modelo","manual_operador","01_manual_operador","PT","MANUAL COM INSTRUÇÕES SOBRE OPERAÇÃO, MANUTENÇÃO E SEGURANÇA PARA TRATORES VALTRA.pdf","TRATORES AGRICOLAS VALTRA 2/A74SC/MANUAL COM INSTRUÇÕES SOBRE OPERAÇÃO, MANUTENÇÃO E SEGURANÇA PARA TRATORES VALTRA.pdf","36212149","35105049","candidato_por_pasta_usuario","Documento estava dentro da pasta do modelo no ZIP do usuario."
"VALTRA","A750","modelo","catalogo_pecas","03_catalogo_pecas","PT","CATALOGO DE PEÇAS DOS TRATORES VALTRA-VALMET.pdf","TRATORES AGRICOLAS VALTRA 2/A750/CATALOGO DE PEÇAS DOS TRATORES VALTRA-VALMET.pdf","5137991","3058480","candidato_por_pasta_usuario","Documento estava dentro da pasta do modelo no ZIP do usuario."
"VALTRA","A750","modelo","manual_operador","01_manual_operador","PT","MANUAL COM INSTRUÇÕES SOBRE OPERAÇÃO, MANUTENÇÃO E SEGURANÇA PARA TRATORES VALTRA.pdf","TRATORES AGRICOLAS VALTRA 2/A750/MANUAL COM INSTRUÇÕES SOBRE OPERAÇÃO, MANUTENÇÃO E SEGURANÇA PARA TRATORES VALTRA.pdf","36212149","35105049","candidato_por_pasta_usuario","Documento estava dentro da pasta do modelo no ZIP do usuario."
"VALTRA","A83F","modelo","catalogo_pecas","03_catalogo_pecas","PT","CATALOGO DE PEÇAS DOS TRATORES VALTRA-VALMET.pdf","TRATORES AGRICOLAS VALTRA 2/A83F/CATALOGO DE PEÇAS DOS TRATORES VALTRA-VALMET.pdf","5137991","3058480","candidato_por_pasta_usuario","Documento estava dentro da pasta do modelo no ZIP do usuario."
"VALTRA","A83F","modelo","manual_operador","01_manual_operador","PT","MANUAL COM INSTRUÇÕES SOBRE OPERAÇÃO, MANUTENÇÃO E SEGURANÇA PARA TRATORES VALTRA.pdf","TRATORES AGRICOLAS VALTRA 2/A83F/MANUAL COM INSTRUÇÕES SOBRE OPERAÇÃO, MANUTENÇÃO E SEGURANÇA PARA TRATORES VALTRA.pdf","36212149","35105049","candidato_por_pasta_usuario","Documento estava dentro da pasta do modelo no ZIP do usuario."
"VALTRA","A83F","modelo","manual_operador","01_manual_operador","PT","MANUAL DO OPERADOR TRATOR VALTRA A3F.pdf","TRATORES AGRICOLAS VALTRA 2/A83F/MANUAL DO OPERADOR TRATOR VALTRA A3F.pdf","688087","659611","candidato_por_pasta_usuario","Documento estava dentro da pasta do modelo no ZIP do usuario."
"VALTRA","A83F","modelo","manual_operador","01_manual_operador","ES","MANUAL DO OPERADOR TRATOR VALTRA SERIE A3F EM ESPANHOL.pdf","TRATORES AGRICOLAS VALTRA 2/A83F/MANUAL DO OPERADOR TRATOR VALTRA SERIE A3F EM ESPANHOL.pdf","5533757","5231600","candidato_por_pasta_usuario","Documento estava dentro da pasta do modelo no ZIP do usuario."
"VALTRA","A84","modelo","catalogo_pecas","03_catalogo_pecas","PT","CATALOGO DE PEÇAS DOS TRATORES VALTRA-VALMET.pdf","TRATORES AGRICOLAS VALTRA 2/A84/CATALOGO DE PEÇAS DOS TRATORES VALTRA-VALMET.pdf","5137991","3058480","candidato_por_pasta_usuario","Documento estava dentro da pasta do modelo no ZIP do usuario."
"VALTRA","A84","modelo","manual_operador","01_manual_operador","PT","MANUAL COM INSTRUÇÕES SOBRE OPERAÇÃO, MANUTENÇÃO E SEGURANÇA PARA TRATORES VALTRA.pdf","TRATORES AGRICOLAS VALTRA 2/A84/MANUAL COM INSTRUÇÕES SOBRE OPERAÇÃO, MANUTENÇÃO E SEGURANÇA PARA TRATORES VALTRA.pdf","36212149","35105049","candidato_por_pasta_usuario","Documento estava dentro da pasta do modelo no ZIP do usuario."
"VALTRA","A84s","modelo","catalogo_pecas","03_catalogo_pecas","PT","CATALOGO DE PEÇAS DOS TRATORES VALTRA-VALMET.pdf","TRATORES AGRICOLAS VALTRA 2/A84s/CATALOGO DE PEÇAS DOS TRATORES VALTRA-VALMET.pdf","5137991","3058480","candidato_por_pasta_usuario","Documento estava dentro da pasta do modelo no ZIP do usuario."
"VALTRA","A84s","modelo","ficha_tecnica_folheto","07_ficha_tecnica_folheto","PT","FOLHETO SOBRE POTÊNCIA E VERSATILIDADE TRATORES VALTRA SÉRIE A4 E A4S.pdf","TRATORES AGRICOLAS VALTRA 2/A84s/FOLHETO SOBRE POTÊNCIA E VERSATILIDADE TRATORES VALTRA SÉRIE A4 E A4S.pdf","2775219","2435088","candidato_por_pasta_usuario","Documento estava dentro da pasta do modelo no ZIP do usuario."
"VALTRA","A84s","modelo","manual_manutencao","04_manual_manutencao","PT","MANUTENÇÃO PERIÓDICA TRATORES VALTRA A4S.pdf","TRATORES AGRICOLAS VALTRA 2/A84s/MANUTENÇÃO PERIÓDICA TRATORES VALTRA A4S.pdf","1217771","1110927","candidato_por_pasta_usuario","Documento estava dentro da pasta do modelo no ZIP do usuario."
"VALTRA","A84s","modelo","manual_operador","01_manual_operador","PT","MANUAL COM INSTRUÇÕES SOBRE OPERAÇÃO, MANUTENÇÃO E SEGURANÇA PARA TRATORES VALTRA.pdf","TRATORES AGRICOLAS VALTRA 2/A84s/MANUAL COM INSTRUÇÕES SOBRE OPERAÇÃO, MANUTENÇÃO E SEGURANÇA PARA TRATORES VALTRA.pdf","36212149","35105049","candidato_por_pasta_usuario","Documento estava dentro da pasta do modelo no ZIP do usuario."
"VALTRA","A84s","modelo","manual_servico_oficina","02_manual_servico_oficina","PT","MANUAL DE SERVIÇO DOS TRATORES VALTRA SERIE A4S - A74S A84S A94S.pdf","TRATORES AGRICOLAS VALTRA 2/A84s/MANUAL DE SERVIÇO DOS TRATORES VALTRA SERIE A4S - A74S A84S A94S.pdf","1761545","1727357","candidato_por_pasta_usuario","Documento estava dentro da pasta do modelo no ZIP do usuario."
"VALTRA","A850F","modelo","catalogo_pecas","03_catalogo_pecas","PT","CATALOGO DE PEÇAS DOS TRATORES VALTRA-VALMET.pdf","TRATORES AGRICOLAS VALTRA 2/A850F/CATALOGO DE PEÇAS DOS TRATORES VALTRA-VALMET.pdf","5137991","3058480","candidato_por_pasta_usuario","Documento estava dentro da pasta do modelo no ZIP do usuario."
"VALTRA","A850F","modelo","ficha_tecnica_folheto","07_ficha_tecnica_folheto","PT","ESPECIFICAÇÕES DO TRATOR VALTRA A850F.pdf","TRATORES AGRICOLAS VALTRA 2/A850F/ESPECIFICAÇÕES DO TRATOR VALTRA A850F.pdf","273169","226949","candidato_por_pasta_usuario","Documento estava dentro da pasta do modelo no ZIP do usuario."
"VALTRA","A850F","modelo","manual_operador","01_manual_operador","PT","MANUAL COM INSTRUÇÕES SOBRE OPERAÇÃO, MANUTENÇÃO E SEGURANÇA PARA TRATORES VALTRA.pdf","TRATORES AGRICOLAS VALTRA 2/A850F/MANUAL COM INSTRUÇÕES SOBRE OPERAÇÃO, MANUTENÇÃO E SEGURANÇA PARA TRATORES VALTRA.pdf","36212149","35105049","candidato_por_pasta_usuario","Documento estava dentro da pasta do modelo no ZIP do usuario."
"VALTRA","A93F","modelo","catalogo_pecas","03_catalogo_pecas","PT","CATALOGO DE PEÇAS DOS TRATORES VALTRA-VALMET.pdf","TRATORES AGRICOLAS VALTRA 2/A93F/CATALOGO DE PEÇAS DOS TRATORES VALTRA-VALMET.pdf","5137991","3058480","candidato_por_pasta_usuario","Documento estava dentro da pasta do modelo no ZIP do usuario."
"VALTRA","A93F","modelo","manual_operador","01_manual_operador","PT","MANUAL COM INSTRUÇÕES SOBRE OPERAÇÃO, MANUTENÇÃO E SEGURANÇA PARA TRATORES VALTRA.pdf","TRATORES AGRICOLAS VALTRA 2/A93F/MANUAL COM INSTRUÇÕES SOBRE OPERAÇÃO, MANUTENÇÃO E SEGURANÇA PARA TRATORES VALTRA.pdf","36212149","35105049","candidato_por_pasta_usuario","Documento estava dentro da pasta do modelo no ZIP do usuario."
"VALTRA","A93F","modelo","manual_operador","01_manual_operador","PT","MANUAL DO OPERADOR TRATOR VALTRA A3F.pdf","TRATORES AGRICOLAS VALTRA 2/A93F/MANUAL DO OPERADOR TRATOR VALTRA A3F.pdf","688087","659611","candidato_por_pasta_usuario","Documento estava dentro da pasta do modelo no ZIP do usuario."
"VALTRA","A93F","modelo","manual_operador","01_manual_operador","ES","MANUAL DO OPERADOR TRATOR VALTRA SERIE A3F EM ESPANHOL.pdf","TRATORES AGRICOLAS VALTRA 2/A93F/MANUAL DO OPERADOR TRATOR VALTRA SERIE A3F EM ESPANHOL.pdf","5533757","5231600","candidato_por_pasta_usuario","Documento estava dentro da pasta do modelo no ZIP do usuario."
"VALTRA","A94","modelo","catalogo_pecas","03_catalogo_pecas","PT","CATALOGO DE PEÇAS DOS TRATORES VALTRA-VALMET.pdf","TRATORES AGRICOLAS VALTRA 2/A94/CATALOGO DE PEÇAS DOS TRATORES VALTRA-VALMET.pdf","5137991","3058480","candidato_por_pasta_usuario","Documento estava dentro da pasta do modelo no ZIP do usuario."
"VALTRA","A94","modelo","ficha_tecnica_folheto","07_ficha_tecnica_folheto","PT","FOLHETO DOS TRATORES AGRICOLAS A94 E A104.pdf","TRATORES AGRICOLAS VALTRA 2/A94/FOLHETO DOS TRATORES AGRICOLAS A94 E A104.pdf","1445622","1248145","candidato_por_pasta_usuario","Documento estava dentro da pasta do modelo no ZIP do usuario."
"VALTRA","A94","modelo","ficha_tecnica_folheto","07_ficha_tecnica_folheto","PT","FOLHETO SOBRE POTÊNCIA E VERSATILIDADE TRATORES VALTRA SÉRIE A4 E A4S.pdf","TRATORES AGRICOLAS VALTRA 2/A94/FOLHETO SOBRE POTÊNCIA E VERSATILIDADE TRATORES VALTRA SÉRIE A4 E A4S.pdf","2775219","2435088","candidato_por_pasta_usuario","Documento estava dentro da pasta do modelo no ZIP do usuario."
"VALTRA","A94","modelo","manual_complementar","08_manual_complementar","PT","MANUAL COM INSTRUÇÕES PARA TRATORES VALTRA.pdf","TRATORES AGRICOLAS VALTRA 2/A94/MANUAL COM INSTRUÇÕES PARA TRATORES VALTRA.pdf","56623982","50989796","candidato_por_pasta_usuario","Documento estava dentro da pasta do modelo no ZIP do usuario."
"VALTRA","A94","modelo","manual_manutencao","04_manual_manutencao","PT","MANUTENÇÃO PERIÓDICA TRATORES VALTRA A4 E BH G2.pdf","TRATORES AGRICOLAS VALTRA 2/A94/MANUTENÇÃO PERIÓDICA TRATORES VALTRA A4 E BH G2.pdf","4584440","4335804","candidato_por_pasta_usuario","Documento estava dentro da pasta do modelo no ZIP do usuario."
"VALTRA","A94","modelo","manual_operador","01_manual_operador","PT","MANUAL COM INSTRUÇÕES SOBRE OPERAÇÃO, MANUTENÇÃO E SEGURANÇA PARA TRATORES VALTRA.pdf","TRATORES AGRICOLAS VALTRA 2/A94/MANUAL COM INSTRUÇÕES SOBRE OPERAÇÃO, MANUTENÇÃO E SEGURANÇA PARA TRATORES VALTRA.pdf","36212149","35105049","candidato_por_pasta_usuario","Documento estava dentro da pasta do modelo no ZIP do usuario."
"VALTRA","A94S","modelo","catalogo_pecas","03_catalogo_pecas","PT","CATALOGO DE PEÇAS DOS TRATORES VALTRA-VALMET.pdf","TRATORES AGRICOLAS VALTRA 2/A94S/CATALOGO DE PEÇAS DOS TRATORES VALTRA-VALMET.pdf","5137991","3058480","candidato_por_pasta_usuario","Documento estava dentro da pasta do modelo no ZIP do usuario."
"VALTRA","A94S","modelo","ficha_tecnica_folheto","07_ficha_tecnica_folheto","PT","FOLHETO SOBRE POTÊNCIA E VERSATILIDADE TRATORES VALTRA SÉRIE A4 E A4S.pdf","TRATORES AGRICOLAS VALTRA 2/A94S/FOLHETO SOBRE POTÊNCIA E VERSATILIDADE TRATORES VALTRA SÉRIE A4 E A4S.pdf","2775219","2435088","candidato_por_pasta_usuario","Documento estava dentro da pasta do modelo no ZIP do usuario."
"VALTRA","A94S","modelo","manual_manutencao","04_manual_manutencao","PT","MANUTENÇÃO PERIÓDICA TRATORES VALTRA A4S.pdf","TRATORES AGRICOLAS VALTRA 2/A94S/MANUTENÇÃO PERIÓDICA TRATORES VALTRA A4S.pdf","1217771","1110927","candidato_por_pasta_usuario","Documento estava dentro da pasta do modelo no ZIP do usuario."
"VALTRA","A94S","modelo","manual_operador","01_manual_operador","PT","MANUAL COM INSTRUÇÕES SOBRE OPERAÇÃO, MANUTENÇÃO E SEGURANÇA PARA TRATORES VALTRA.pdf","TRATORES AGRICOLAS VALTRA 2/A94S/MANUAL COM INSTRUÇÕES SOBRE OPERAÇÃO, MANUTENÇÃO E SEGURANÇA PARA TRATORES VALTRA.pdf","36212149","35105049","candidato_por_pasta_usuario","Documento estava dentro da pasta do modelo no ZIP do usuario."
"VALTRA","A94S","modelo","manual_servico_oficina","02_manual_servico_oficina","PT","MANUAL DE SERVIÇO DOS TRATORES VALTRA SERIE A4S - A74S A84S A94S.pdf","TRATORES AGRICOLAS VALTRA 2/A94S/MANUAL DE SERVIÇO DOS TRATORES VALTRA SERIE A4S - A74S A84S A94S.pdf","1761545","1727357","candidato_por_pasta_usuario","Documento estava dentro da pasta do modelo no ZIP do usuario."
"VALTRA","M165","modelo","catalogo_pecas","03_catalogo_pecas","PT","CATALOGO DE PEÇAS DOS TRATORES VALTRA-VALMET.pdf","TRATORES AGRICOLAS VALTRA 2/M165/CATALOGO DE PEÇAS DOS TRATORES VALTRA-VALMET.pdf","5137991","3058480","candidato_por_pasta_usuario","Documento estava dentro da pasta do modelo no ZIP do usuario."
"VALTRA","M165","modelo","ficha_tecnica_folheto","07_ficha_tecnica_folheto","PT","FOLHETO DOS TRATORES AGRICOLAS M5.pdf","TRATORES AGRICOLAS VALTRA 2/M165/FOLHETO DOS TRATORES AGRICOLAS M5.pdf","2259480","2180287","candidato_por_pasta_usuario","Documento estava dentro da pasta do modelo no ZIP do usuario."
"VALTRA","M165","modelo","manual_complementar","08_manual_complementar","PT","MANUAL COM INSTRUÇÕES PARA TRATORES VALTRA.pdf","TRATORES AGRICOLAS VALTRA 2/M165/MANUAL COM INSTRUÇÕES PARA TRATORES VALTRA.pdf","56623982","50989796","candidato_por_pasta_usuario","Documento estava dentro da pasta do modelo no ZIP do usuario."
"VALTRA","M165","modelo","manual_operador","01_manual_operador","PT","MANUAL COM INSTRUÇÕES SOBRE OPERAÇÃO, MANUTENÇÃO E SEGURANÇA PARA TRATORES VALTRA.pdf","TRATORES AGRICOLAS VALTRA 2/M165/MANUAL COM INSTRUÇÕES SOBRE OPERAÇÃO, MANUTENÇÃO E SEGURANÇA PARA TRATORES VALTRA.pdf","36212149","35105049","candidato_por_pasta_usuario","Documento estava dentro da pasta do modelo no ZIP do usuario."
"VALTRA","M185","modelo","catalogo_pecas","03_catalogo_pecas","PT","CATALOGO DE PEÇAS DOS TRATORES VALTRA-VALMET.pdf","TRATORES AGRICOLAS VALTRA 2/M185/CATALOGO DE PEÇAS DOS TRATORES VALTRA-VALMET.pdf","5137991","3058480","candidato_por_pasta_usuario","Documento estava dentro da pasta do modelo no ZIP do usuario."
"VALTRA","M185","modelo","ficha_tecnica_folheto","07_ficha_tecnica_folheto","PT","FOLHETO DOS TRATORES AGRICOLAS M5.pdf","TRATORES AGRICOLAS VALTRA 2/M185/FOLHETO DOS TRATORES AGRICOLAS M5.pdf","2259480","2180287","candidato_por_pasta_usuario","Documento estava dentro da pasta do modelo no ZIP do usuario."
"VALTRA","M185","modelo","manual_operador","01_manual_operador","PT","MANUAL COM INSTRUÇÕES SOBRE OPERAÇÃO, MANUTENÇÃO E SEGURANÇA PARA TRATORES VALTRA.pdf","TRATORES AGRICOLAS VALTRA 2/M185/MANUAL COM INSTRUÇÕES SOBRE OPERAÇÃO, MANUTENÇÃO E SEGURANÇA PARA TRATORES VALTRA.pdf","36212149","35105049","candidato_por_pasta_usuario","Documento estava dentro da pasta do modelo no ZIP do usuario."
"VALTRA","M205","modelo","catalogo_pecas","03_catalogo_pecas","PT","CATALOGO DE PEÇAS DOS TRATORES VALTRA-VALMET.pdf","TRATORES AGRICOLAS VALTRA 2/M205/CATALOGO DE PEÇAS DOS TRATORES VALTRA-VALMET.pdf","5137991","3058480","candidato_por_pasta_usuario","Documento estava dentro da pasta do modelo no ZIP do usuario."
"VALTRA","M205","modelo","ficha_tecnica_folheto","07_ficha_tecnica_folheto","PT","FOLHETO DOS TRATORES AGRICOLAS M5.pdf","TRATORES AGRICOLAS VALTRA 2/M205/FOLHETO DOS TRATORES AGRICOLAS M5.pdf","2259480","2180287","candidato_por_pasta_usuario","Documento estava dentro da pasta do modelo no ZIP do usuario."
"VALTRA","M205","modelo","manual_operador","01_manual_operador","PT","MANUAL COM INSTRUÇÕES SOBRE OPERAÇÃO, MANUTENÇÃO E SEGURANÇA PARA TRATORES VALTRA.pdf","TRATORES AGRICOLAS VALTRA 2/M205/MANUAL COM INSTRUÇÕES SOBRE OPERAÇÃO, MANUTENÇÃO E SEGURANÇA PARA TRATORES VALTRA.pdf","36212149","35105049","candidato_por_pasta_usuario","Documento estava dentro da pasta do modelo no ZIP do usuario."
