"categoria","marca","modelo","quantidade_manuais_appmaq","categoria_id","marca_id","modelo_id"
"Trator Agrícola","CASE","8940","3","019570fc-0046-7a7e-9537-5270ed100c7e","019570fb-3284-7054-952d-80ceda29fee7","0196f443-bf80-77da-8e2b-e19db53d71fd"
"Trator Agrícola","CASE","FARMALL 100 CAB","4","019570fc-0046-7a7e-9537-5270ed100c7e","019570fb-3284-7054-952d-80ceda29fee7","01957100-b0de-7311-84a0-cd8a8b3bea13"
"Trator Agrícola","CASE","FARMALL 100C HI-LO CAB","5","019570fc-0046-7a7e-9537-5270ed100c7e","019570fb-3284-7054-952d-80ceda29fee7","0198e2ab-6ad9-7877-9205-06f6fd751e7a"
"Trator Agrícola","CASE","FARMALL 100C HI-LO PLAT","5","019570fc-0046-7a7e-9537-5270ed100c7e","019570fb-3284-7054-952d-80ceda29fee7","0198e2ab-d01c-78e1-8479-8b11162e60fe"
"Trator Agrícola","CASE","FARMALL 100C MECH CAB","5","019570fc-0046-7a7e-9537-5270ed100c7e","019570fb-3284-7054-952d-80ceda29fee7","0198e2ac-7959-77ef-9477-583e2a259cf1"
"Trator Agrícola","CASE","FARMALL 100C MECH ROPS","5","019570fc-0046-7a7e-9537-5270ed100c7e","019570fb-3284-7054-952d-80ceda29fee7","0198e2ac-be98-7e64-9c4a-f04052669202"
"Trator Agrícola","CASE","FARMALL 100 PLAT","4","019570fc-0046-7a7e-9537-5270ed100c7e","019570fb-3284-7054-952d-80ceda29fee7","0198e2a4-e6b2-7d91-9ec3-6c7d447bb4ac"
"Trator Agrícola","CASE","FARMALL 110A CAB","4","019570fc-0046-7a7e-9537-5270ed100c7e","019570fb-3284-7054-952d-80ceda29fee7","01957100-b0de-7512-bc71-9d796d7eb3b3"
"Trator Agrícola","CASE","FARMALL 110C MECH CAB","5","019570fc-0046-7a7e-9537-5270ed100c7e","019570fb-3284-7054-952d-80ceda29fee7","0198e2ae-74f3-7f17-904b-eef1030659ca"
"Trator Agrícola","CASE","FARMALL 110C MECH PLAT","3","019570fc-0046-7a7e-9537-5270ed100c7e","019570fb-3284-7054-952d-80ceda29fee7","0198e2ae-fed3-7d7e-83d5-c4b1ada11997"
"Trator Agrícola","CASE","FARMALL 110 HI-LO CAB","3","019570fc-0046-7a7e-9537-5270ed100c7e","019570fb-3284-7054-952d-80ceda29fee7","0198e2a9-c8e1-77ef-91c2-4919de35d645"
"Trator Agrícola","CASE","FARMALL 110 HI-LO PLAT","3","019570fc-0046-7a7e-9537-5270ed100c7e","019570fb-3284-7054-952d-80ceda29fee7","0198e2aa-5140-7262-b9b5-f50e69df8123"
"Trator Agrícola","CASE","FARMALL 110 ROPS","3","019570fc-0046-7a7e-9537-5270ed100c7e","019570fb-3284-7054-952d-80ceda29fee7","0198e2b3-e1d4-7dd7-8bbb-451b404b4c58"
"Trator Agrícola","CASE","FARMALL 120A","2","019570fc-0046-7a7e-9537-5270ed100c7e","019570fb-3284-7054-952d-80ceda29fee7","0195b3ba-39a6-7958-9837-23d24d037f0d"
"Trator Agrícola","CASE","FARMALL 130A CAB","3","019570fc-0046-7a7e-9537-5270ed100c7e","019570fb-3284-7054-952d-80ceda29fee7","0196f443-bf95-77a7-bd1a-814cdb7269ab"
"Trator Agrícola","CASE","FARMALL 130 ROPS","3","019570fc-0046-7a7e-9537-5270ed100c7e","019570fb-3284-7054-952d-80ceda29fee7","0195b3ba-39a6-7155-851e-10fc984b312c"
"Trator Agrícola","CASE","FARMALL 60","3","019570fc-0046-7a7e-9537-5270ed100c7e","019570fb-3284-7054-952d-80ceda29fee7","019e178e-700f-7e2a-b896-c83ac046235d"
"Trator Agrícola","CASE","FARMALL 70","3","019570fc-0046-7a7e-9537-5270ed100c7e","019570fb-3284-7054-952d-80ceda29fee7","019e178e-a3b3-7b75-8384-b10338bef4bd"
"Trator Agrícola","CASE","FARMALL 80","5","019570fc-0046-7a7e-9537-5270ed100c7e","019570fb-3284-7054-952d-80ceda29fee7","019e178f-2538-720a-9474-0289c56900d1"
"Trator Agrícola","CASE","FARMALL 80 CAB","4","019570fc-0046-7a7e-9537-5270ed100c7e","019570fb-3284-7054-952d-80ceda29fee7","01957100-b0de-7caf-821c-b370c6442708"
"Trator Agrícola","CASE","FARMALL 80 PLAT","4","019570fc-0046-7a7e-9537-5270ed100c7e","019570fb-3284-7054-952d-80ceda29fee7","0198e2a2-5eac-74ca-86da-7ee676ba453c"
"Trator Agrícola","CASE","FARMALL 90 CAB","3","019570fc-0046-7a7e-9537-5270ed100c7e","019570fb-3284-7054-952d-80ceda29fee7","0196f443-bf95-7f36-9d04-b678b99a980a"
"Trator Agrícola","CASE","FARMALL 90 PLAT","3","019570fc-0046-7a7e-9537-5270ed100c7e","019570fb-3284-7054-952d-80ceda29fee7","0198e2a3-67fb-7ffa-bf3b-9545de1b3999"
"Trator Agrícola","CASE","FARMALL 95 CAB","4","019570fc-0046-7a7e-9537-5270ed100c7e","019570fb-3284-7054-952d-80ceda29fee7","01957100-b0de-7edf-8133-248b8598b9ff"
"Trator Agrícola","CASE","FARMALL MAX 140","3","019570fc-0046-7a7e-9537-5270ed100c7e","019570fb-3284-7054-952d-80ceda29fee7","0198e2ce-769d-76be-b444-c1c8715894b2"
"Trator Agrícola","CASE","MAGNUM 180","3","019570fc-0046-7a7e-9537-5270ed100c7e","019570fb-3284-7054-952d-80ceda29fee7","01957100-b0de-7ce3-8b5f-ea90e1565816"
"Trator Agrícola","CASE","MAGNUM 215","2","019570fc-0046-7a7e-9537-5270ed100c7e","019570fb-3284-7054-952d-80ceda29fee7","019e28d5-4520-7493-9721-2116961d555d"
"Trator Agrícola","CASE","MAGNUM 220","5","019570fc-0046-7a7e-9537-5270ed100c7e","019570fb-3284-7054-952d-80ceda29fee7","019e21aa-b7f2-7c77-8315-cbd1c9e37903"
"Trator Agrícola","CASE","MAGNUM 235","9","019570fc-0046-7a7e-9537-5270ed100c7e","019570fb-3284-7054-952d-80ceda29fee7","01957100-b0de-773c-b22b-a84380444585"
"Trator Agrícola","CASE","MAGNUM 240","5","019570fc-0046-7a7e-9537-5270ed100c7e","019570fb-3284-7054-952d-80ceda29fee7","01957100-b0de-765c-bb5c-cce5da154c1e"
"Trator Agrícola","CASE","MAGNUM 245","3","019570fc-0046-7a7e-9537-5270ed100c7e","019570fb-3284-7054-952d-80ceda29fee7","019e28d6-0f44-7d30-97c4-1169004ff18d"
"Trator Agrícola","CASE","MAGNUM 260","13","019570fc-0046-7a7e-9537-5270ed100c7e","019570fb-3284-7054-952d-80ceda29fee7","0195b3ba-39a6-7c5d-8694-44f370b2d4e5"
"Trator Agrícola","CASE","MAGNUM 265","3","019570fc-0046-7a7e-9537-5270ed100c7e","019570fb-3284-7054-952d-80ceda29fee7","0196f443-bf7b-7555-bfaf-ebc1b74b62e6"
"Trator Agrícola","CASE","MAGNUM 270","6","019570fc-0046-7a7e-9537-5270ed100c7e","019570fb-3284-7054-952d-80ceda29fee7","01957100-b0de-7654-a890-00135692c05a"
"Trator Agrícola","CASE","MAGNUM 275","2","019570fc-0046-7a7e-9537-5270ed100c7e","019570fb-3284-7054-952d-80ceda29fee7","019e28d6-8416-7549-a4b3-55e56ac1e4e0"
"Trator Agrícola","CASE","MAGNUM 290","9","019570fc-0046-7a7e-9537-5270ed100c7e","019570fb-3284-7054-952d-80ceda29fee7","0195b3ba-39a6-7791-85d5-2dd1c0e2d514"
"Trator Agrícola","CASE","MAGNUM 295","3","019570fc-0046-7a7e-9537-5270ed100c7e","019570fb-3284-7054-952d-80ceda29fee7","0196f443-bf7b-771b-9962-33d17a5e4cc1"
"Trator Agrícola","CASE","MAGNUM 305","4","019570fc-0046-7a7e-9537-5270ed100c7e","019570fb-3284-7054-952d-80ceda29fee7","0196f443-bf7b-799e-8570-7015b0729196"
"Trator Agrícola","CASE","MAGNUM 315","10","019570fc-0046-7a7e-9537-5270ed100c7e","019570fb-3284-7054-952d-80ceda29fee7","01957100-b0de-7370-843a-8cb1eabcf846"
"Trator Agrícola","CASE","MAGNUM 325","3","019570fc-0046-7a7e-9537-5270ed100c7e","019570fb-3284-7054-952d-80ceda29fee7","0198e2c8-4c8a-77ff-a7c8-1c6a97081709"
"Trator Agrícola","CASE","MAGNUM 335","2","019570fc-0046-7a7e-9537-5270ed100c7e","019570fb-3284-7054-952d-80ceda29fee7","019e28d7-02bc-7b94-b877-9fc334e91df4"
"Trator Agrícola","CASE","MAGNUM 340","11","019570fc-0046-7a7e-9537-5270ed100c7e","019570fb-3284-7054-952d-80ceda29fee7","01957100-b0de-7071-bd95-94562c9d0139"
"Trator Agrícola","CASE","MAGNUM 355","3","019570fc-0046-7a7e-9537-5270ed100c7e","019570fb-3284-7054-952d-80ceda29fee7","0198e2c8-fcaa-71ed-80cd-2ce52227ae43"
"Trator Agrícola","CASE","MAGNUM 370","4","019570fc-0046-7a7e-9537-5270ed100c7e","019570fb-3284-7054-952d-80ceda29fee7","019e21ad-1c96-7217-91db-5e6a8cf18dc3"
"Trator Agrícola","CASE","MAGNUM 380","4","019570fc-0046-7a7e-9537-5270ed100c7e","019570fb-3284-7054-952d-80ceda29fee7","0195b3ba-39a6-71a1-9b8e-4cdc0a709487"
"Trator Agrícola","CASE","MAGNUM 400","3","019570fc-0046-7a7e-9537-5270ed100c7e","019570fb-3284-7054-952d-80ceda29fee7","0198e2c9-82d2-745e-9ae2-03354bcd6e07"
"Trator Agrícola","CASE","MAGNUM 405","3","019570fc-0046-7a7e-9537-5270ed100c7e","019570fb-3284-7054-952d-80ceda29fee7","0198e2ca-ac50-7e2d-82e2-5b1782c3a51e"
"Trator Agrícola","CASE","MAXXUM 100","3","019570fc-0046-7a7e-9537-5270ed100c7e","019570fb-3284-7054-952d-80ceda29fee7","019e21ae-54fc-7cff-9a7d-a12e04c88e39"
"Trator Agrícola","CASE","MAXXUM 110","4","019570fc-0046-7a7e-9537-5270ed100c7e","019570fb-3284-7054-952d-80ceda29fee7","0196f443-bf9b-7168-b36d-0ea637deff35"
"Trator Agrícola","CASE","MAXXUM 115","3","019570fc-0046-7a7e-9537-5270ed100c7e","019570fb-3284-7054-952d-80ceda29fee7","019e21ae-a100-7cf5-a79b-7ee0b4fc228e"
"Trator Agrícola","CASE","MAXXUM 120","3","019570fc-0046-7a7e-9537-5270ed100c7e","019570fb-3284-7054-952d-80ceda29fee7","019e21ae-fcf3-72b6-b95b-cbdab937f594"
"Trator Agrícola","CASE","MAXXUM 125","4","019570fc-0046-7a7e-9537-5270ed100c7e","019570fb-3284-7054-952d-80ceda29fee7","019e21af-73c3-779b-8c70-13c393446734"
"Trator Agrícola","CASE","MAXXUM 130","1","019570fc-0046-7a7e-9537-5270ed100c7e","019570fb-3284-7054-952d-80ceda29fee7","019ed695-d0c9-768e-b9cb-faad363a18cf"
"Trator Agrícola","CASE","MAXXUM 135","5","019570fc-0046-7a7e-9537-5270ed100c7e","019570fb-3284-7054-952d-80ceda29fee7","0196f443-bf9b-7b85-87e8-19ec6ddd406b"
"Trator Agrícola","CASE","MAXXUM 140","3","019570fc-0046-7a7e-9537-5270ed100c7e","019570fb-3284-7054-952d-80ceda29fee7","019e21b0-062d-79b6-9faf-563accb72599"
"Trator Agrícola","CASE","MAXXUM 150","3","019570fc-0046-7a7e-9537-5270ed100c7e","019570fb-3284-7054-952d-80ceda29fee7","0196f443-bf9b-78a6-929e-a1194a1ddb84"
"Trator Agrícola","CASE","MAXXUM 165","3","019570fc-0046-7a7e-9537-5270ed100c7e","019570fb-3284-7054-952d-80ceda29fee7","019e188b-ed7a-7c3d-983e-b3b652067b8a"
"Trator Agrícola","CASE","MAXXUM 180","3","019570fc-0046-7a7e-9537-5270ed100c7e","019570fb-3284-7054-952d-80ceda29fee7","0196f443-bf9c-7e9d-9e53-1a329984f2c4"
"Trator Agrícola","CASE","PUMA 140","10","019570fc-0046-7a7e-9537-5270ed100c7e","019570fb-3284-7054-952d-80ceda29fee7","01957100-b0de-73bf-998b-5b52d70942b2"
"Trator Agrícola","CASE","PUMA 155","10","019570fc-0046-7a7e-9537-5270ed100c7e","019570fb-3284-7054-952d-80ceda29fee7","01957100-b0de-7645-97ed-f5594252fd21"
"Trator Agrícola","CASE","PUMA 165","4","019570fc-0046-7a7e-9537-5270ed100c7e","019570fb-3284-7054-952d-80ceda29fee7","019e2198-b62e-7172-ba28-d31bb99f666f"
"Trator Agrícola","CASE","PUMA 170","11","019570fc-0046-7a7e-9537-5270ed100c7e","019570fb-3284-7054-952d-80ceda29fee7","0195b3ba-39a6-7c74-a375-33848d6ef523"
"Trator Agrícola","CASE","PUMA 180","4","019570fc-0046-7a7e-9537-5270ed100c7e","019570fb-3284-7054-952d-80ceda29fee7","019e219b-55fa-7468-bc4e-d29ae327bb0b"
"Trator Agrícola","CASE","PUMA 185","12","019570fc-0046-7a7e-9537-5270ed100c7e","019570fb-3284-7054-952d-80ceda29fee7","01957100-b0de-79ac-8734-96809f0fee64"
"Trator Agrícola","CASE","PUMA 190","1","019570fc-0046-7a7e-9537-5270ed100c7e","019570fb-3284-7054-952d-80ceda29fee7","019e92c9-3ca8-7816-836d-bd84f081aa17"
"Trator Agrícola","CASE","PUMA 195","4","019570fc-0046-7a7e-9537-5270ed100c7e","019570fb-3284-7054-952d-80ceda29fee7","019e219d-bd53-70a0-b314-0fe95b1cdbac"
"Trator Agrícola","CASE","PUMA 200","12","019570fc-0046-7a7e-9537-5270ed100c7e","019570fb-3284-7054-952d-80ceda29fee7","01957100-b0de-7b2f-a009-fc290e8c6938"
"Trator Agrícola","CASE","PUMA 205","10","019570fc-0046-7a7e-9537-5270ed100c7e","019570fb-3284-7054-952d-80ceda29fee7","01957100-b0de-7896-92c8-fef8dd32022e"
"Trator Agrícola","CASE","PUMA 210","4","019570fc-0046-7a7e-9537-5270ed100c7e","019570fb-3284-7054-952d-80ceda29fee7","019e21a1-abc8-7b70-975b-6ba8740dfa82"
"Trator Agrícola","CASE","PUMA 215","12","019570fc-0046-7a7e-9537-5270ed100c7e","019570fb-3284-7054-952d-80ceda29fee7","01957100-b0de-7935-a19f-460e1892c349"
"Trator Agrícola","CASE","PUMA 225","10","019570fc-0046-7a7e-9537-5270ed100c7e","019570fb-3284-7054-952d-80ceda29fee7","0198e2bb-061b-7035-9564-ff4a72e29736"
"Trator Agrícola","CASE","PUMA 230","14","019570fc-0046-7a7e-9537-5270ed100c7e","019570fb-3284-7054-952d-80ceda29fee7","01957100-b0de-72cd-9af9-829c4b21e58f"
"Trator Agrícola","CASE","PUMA 260 CVT","1","019570fc-0046-7a7e-9537-5270ed100c7e","019570fb-3284-7054-952d-80ceda29fee7","0198e2d4-744d-7a4d-8ea5-435555830542"
"Trator Agrícola","CASE","PUMA 260 CVX","1","019570fc-0046-7a7e-9537-5270ed100c7e","019570fb-3284-7054-952d-80ceda29fee7","01963fa1-f424-7b4b-9ea7-1289ffc85c29"
"Trator Agrícola","CASE","STEIGER 350","2","019570fc-0046-7a7e-9537-5270ed100c7e","019570fb-3284-7054-952d-80ceda29fee7","019e188e-2b8e-7e15-9f01-d46caa2195dc"
"Trator Agrícola","CASE","STEIGER 370","4","019570fc-0046-7a7e-9537-5270ed100c7e","019570fb-3284-7054-952d-80ceda29fee7","019669a7-25dd-752f-977b-80e2e2b5d203"
"Trator Agrícola","CASE","STEIGER 400","2","019570fc-0046-7a7e-9537-5270ed100c7e","019570fb-3284-7054-952d-80ceda29fee7","019e188e-cea9-7484-904e-13d44f910c3e"
"Trator Agrícola","CASE","STEIGER 420","4","019570fc-0046-7a7e-9537-5270ed100c7e","019570fb-3284-7054-952d-80ceda29fee7","0195b3ba-39a6-7ac8-8e6d-680c6f973954"
"Trator Agrícola","CASE","STEIGER 420 ROWTRAC","2","019570fc-0046-7a7e-9537-5270ed100c7e","019570fb-3284-7054-952d-80ceda29fee7","019e1891-63fe-7312-86be-76aa9392f492"
"Trator Agrícola","CASE","STEIGER 425","2","019570fc-0046-7a7e-9537-5270ed100c7e","019570fb-3284-7054-952d-80ceda29fee7","01963fa0-1389-7d0c-8bb5-7d5bc94a4fa4"
"Trator Agrícola","CASE","STEIGER 450","2","019570fc-0046-7a7e-9537-5270ed100c7e","019570fb-3284-7054-952d-80ceda29fee7","019e1892-14e8-73f4-a7b8-726a83f6b4b5"
"Trator Agrícola","CASE","STEIGER 470","4","019570fc-0046-7a7e-9537-5270ed100c7e","019570fb-3284-7054-952d-80ceda29fee7","0198e2d5-7629-7c53-9f63-c7e95866a246"
"Trator Agrícola","CASE","STEIGER 470 QUADTRAC","2","019570fc-0046-7a7e-9537-5270ed100c7e","019570fb-3284-7054-952d-80ceda29fee7","019e1893-aeab-7d9e-9746-5d87738b2861"
"Trator Agrícola","CASE","STEIGER 470 ROWTRAC","2","019570fc-0046-7a7e-9537-5270ed100c7e","019570fb-3284-7054-952d-80ceda29fee7","019e1893-3851-762d-97e8-c37ad970c85c"
"Trator Agrícola","CASE","STEIGER 500","4","019570fc-0046-7a7e-9537-5270ed100c7e","019570fb-3284-7054-952d-80ceda29fee7","0196f443-bfa1-752c-a0aa-e14ad4fe8b3b"
"Trator Agrícola","CASE","STEIGER 500 QUADTRAC","2","019570fc-0046-7a7e-9537-5270ed100c7e","019570fb-3284-7054-952d-80ceda29fee7","019e1898-08f1-7040-b6f8-e3cd992ec003"
"Trator Agrícola","CASE","STEIGER 500 ROWTRAC","2","019570fc-0046-7a7e-9537-5270ed100c7e","019570fb-3284-7054-952d-80ceda29fee7","019e1898-765f-7a5f-8898-d26999e54a1b"
"Trator Agrícola","CASE","STEIGER 500 SCRAPER","2","019570fc-0046-7a7e-9537-5270ed100c7e","019570fb-3284-7054-952d-80ceda29fee7","019e1899-bb9b-7886-ba62-35762ba6ea13"
"Trator Agrícola","CASE","STEIGER 540","3","019570fc-0046-7a7e-9537-5270ed100c7e","019570fb-3284-7054-952d-80ceda29fee7","0195b3ba-39a6-7456-83c1-15e4ec6aaa97"
"Trator Agrícola","CASE","STEIGER 540 QUADTRAC","2","019570fc-0046-7a7e-9537-5270ed100c7e","019570fb-3284-7054-952d-80ceda29fee7","019e1899-4c90-76f2-88cc-f2ffd9ad4848"
"Trator Agrícola","CASE","STEIGER 550","2","019570fc-0046-7a7e-9537-5270ed100c7e","019570fb-3284-7054-952d-80ceda29fee7","0198e2d7-b851-796f-aeab-ef6ed4f8f13b"
"Trator Agrícola","CASE","STEIGER 580","4","019570fc-0046-7a7e-9537-5270ed100c7e","019570fb-3284-7054-952d-80ceda29fee7","0195b3ba-39a6-7aa2-ad12-e4dfca267d93"
"Trator Agrícola","CASE","STEIGER 580 QUADTRAC","2","019570fc-0046-7a7e-9537-5270ed100c7e","019570fb-3284-7054-952d-80ceda29fee7","019e189a-a635-7ed9-8a6b-8f1aae871664"
"Trator Agrícola","CASE","STEIGER 600","2","019570fc-0046-7a7e-9537-5270ed100c7e","019570fb-3284-7054-952d-80ceda29fee7","019e189b-12a6-7313-ab0b-5a2c3c4bc90d"
"Trator Agrícola","CASE","STEIGER 620","3","019570fc-0046-7a7e-9537-5270ed100c7e","019570fb-3284-7054-952d-80ceda29fee7","0195b3ba-39a6-74e8-89a6-c38ddc6cd785"
"Trator Agrícola","CASE","STEIGER 620 QUADTRAC Tier 4B","2","019570fc-0046-7a7e-9537-5270ed100c7e","019570fb-3284-7054-952d-80ceda29fee7","019e189b-be70-7a06-9ffc-4d701ebd4ac6"
"Trator Agrícola","FENDT","1038 VARIO","8","019570fc-0046-7a7e-9537-5270ed100c7e","0195b3a9-096a-7252-8cd7-10f77c244790","019e6fd2-5417-7d15-9bd0-749fbdf19e47"
"Trator Agrícola","FENDT","1042 VARIO","8","019570fc-0046-7a7e-9537-5270ed100c7e","0195b3a9-096a-7252-8cd7-10f77c244790","019e6fd2-9dab-7eae-a3e8-61e44daaaac7"
"Trator Agrícola","FENDT","1046 VARIO","8","019570fc-0046-7a7e-9537-5270ed100c7e","0195b3a9-096a-7252-8cd7-10f77c244790","0196aaa3-ef0d-78b5-a29c-9cdfac0f9f18"
"Trator Agrícola","FENDT","1050 VARIO","8","019570fc-0046-7a7e-9537-5270ed100c7e","0195b3a9-096a-7252-8cd7-10f77c244790","0196aaa4-a2b2-77fb-a88e-5c6243d19378"
"Trator Agrícola","FENDT","1151 VARIO MT","2","019570fc-0046-7a7e-9537-5270ed100c7e","0195b3a9-096a-7252-8cd7-10f77c244790","019e6eed-2a0b-7514-a637-0859402f6e27"
"Trator Agrícola","FENDT","1156 VARIO MT","2","019570fc-0046-7a7e-9537-5270ed100c7e","0195b3a9-096a-7252-8cd7-10f77c244790","019e6eee-4cea-78c3-999e-f16218524eec"
"Trator Agrícola","FENDT","1162 VARIO MT","2","019570fc-0046-7a7e-9537-5270ed100c7e","0195b3a9-096a-7252-8cd7-10f77c244790","019e6eee-ba12-7da5-994c-a6083fb9cabe"
"Trator Agrícola","FENDT","1167 VARIO MT","2","019570fc-0046-7a7e-9537-5270ed100c7e","0195b3a9-096a-7252-8cd7-10f77c244790","0196aaa6-8eb6-74fa-ae2c-0988387212cf"
"Trator Agrícola","FENDT","726 VARIO","3","019570fc-0046-7a7e-9537-5270ed100c7e","0195b3a9-096a-7252-8cd7-10f77c244790","0196aabf-3c8f-724f-bcd2-4b1e3a47e8ed"
"Trator Agrícola","FENDT","728 VARIO","3","019570fc-0046-7a7e-9537-5270ed100c7e","0195b3a9-096a-7252-8cd7-10f77c244790","0196aac1-1b88-7bae-9bb5-6e0f435c9094"
"Trator Agrícola","FENDT","930 VARIO","6","019570fc-0046-7a7e-9537-5270ed100c7e","0195b3a9-096a-7252-8cd7-10f77c244790","019e6fd1-4c6a-72d7-a096-83227949b2ff"
"Trator Agrícola","FENDT","933 VARIO","6","019570fc-0046-7a7e-9537-5270ed100c7e","0195b3a9-096a-7252-8cd7-10f77c244790","019e6fd1-b364-7964-8111-1905f23b3665"
"Trator Agrícola","FENDT","936 VARIO","7","019570fc-0046-7a7e-9537-5270ed100c7e","0195b3a9-096a-7252-8cd7-10f77c244790","0196ac22-af7b-7ea4-be9e-fe0685929b63"
"Trator Agrícola","FENDT","939 VARIO","7","019570fc-0046-7a7e-9537-5270ed100c7e","0195b3a9-096a-7252-8cd7-10f77c244790","0196aab5-4c5f-737b-b3f9-3d2816ba2261"
"Trator Agrícola","FENDT","942 VARIO","8","019570fc-0046-7a7e-9537-5270ed100c7e","0195b3a9-096a-7252-8cd7-10f77c244790","0195b3ba-39a6-7e82-8440-5cdcd1da4ab7"
"Trator Agrícola","JOHN DEERE","3025E","1","019570fc-0046-7a7e-9537-5270ed100c7e","019570fb-3284-75bc-a9bf-c6fb7aa8592c","019e3ca1-931e-7fd7-a567-b700c1f579e4"
"Trator Agrícola","JOHN DEERE","3032E","2","019570fc-0046-7a7e-9537-5270ed100c7e","019570fb-3284-75bc-a9bf-c6fb7aa8592c","019e3ca2-aed2-7cd8-9c11-3b90556e5853"
"Trator Agrícola","JOHN DEERE","3036E","7","019570fc-0046-7a7e-9537-5270ed100c7e","019570fb-3284-75bc-a9bf-c6fb7aa8592c","0196f443-bf84-7c1c-b030-6c43a5d65c38"
"Trator Agrícola","JOHN DEERE","5055E","4","019570fc-0046-7a7e-9537-5270ed100c7e","019570fb-3284-75bc-a9bf-c6fb7aa8592c","01957100-b0df-7a4c-937c-8d8b1f31c64e"
"Trator Agrícola","JOHN DEERE","5060E","5","019570fc-0046-7a7e-9537-5270ed100c7e","019570fb-3284-75bc-a9bf-c6fb7aa8592c","01957100-b0df-7aa0-aed7-8b39784f3b03"
"Trator Agrícola","JOHN DEERE","5065E","7","019570fc-0046-7a7e-9537-5270ed100c7e","019570fb-3284-75bc-a9bf-c6fb7aa8592c","01957100-b0df-7070-9031-4962916bf0e5"
"Trator Agrícola","JOHN DEERE","5070E","6","019570fc-0046-7a7e-9537-5270ed100c7e","019570fb-3284-75bc-a9bf-c6fb7aa8592c","01957100-b0df-7489-af0d-b8b14d1033fb"
"Trator Agrícola","JOHN DEERE","5075E","6","019570fc-0046-7a7e-9537-5270ed100c7e","019570fb-3284-75bc-a9bf-c6fb7aa8592c","01957100-b0df-72c8-91a2-af946a1be520"
"Trator Agrícola","JOHN DEERE","5075EF","4","019570fc-0046-7a7e-9537-5270ed100c7e","019570fb-3284-75bc-a9bf-c6fb7aa8592c","01957100-b0df-7c8c-b02d-50fd9bd8c581"
"Trator Agrícola","JOHN DEERE","5078E","5","019570fc-0046-7a7e-9537-5270ed100c7e","019570fb-3284-75bc-a9bf-c6fb7aa8592c","01957100-b0df-7557-bbbd-28f03d7c3120"
"Trator Agrícola","JOHN DEERE","5080E","5","019570fc-0046-7a7e-9537-5270ed100c7e","019570fb-3284-75bc-a9bf-c6fb7aa8592c","01957100-b0df-7a77-a0f3-3ec71352f32f"
"Trator Agrícola","JOHN DEERE","5085E","4","019570fc-0046-7a7e-9537-5270ed100c7e","019570fb-3284-75bc-a9bf-c6fb7aa8592c","01957100-b0df-7e2b-a64d-3569a6f991b7"
"Trator Agrícola","JOHN DEERE","5090E","7","019570fc-0046-7a7e-9537-5270ed100c7e","019570fb-3284-75bc-a9bf-c6fb7aa8592c","01957100-b0df-77b5-ae1d-3eef6e231d1d"
"Trator Agrícola","JOHN DEERE","5303","3","019570fc-0046-7a7e-9537-5270ed100c7e","019570fb-3284-75bc-a9bf-c6fb7aa8592c","01957100-b0df-79ce-876d-131d5c08d4b7"
"Trator Agrícola","JOHN DEERE","5403","3","019570fc-0046-7a7e-9537-5270ed100c7e","019570fb-3284-75bc-a9bf-c6fb7aa8592c","01957100-b0df-7fd3-a6b8-26dc1bad3550"
"Trator Agrícola","JOHN DEERE","5425N","3","019570fc-0046-7a7e-9537-5270ed100c7e","019570fb-3284-75bc-a9bf-c6fb7aa8592c","01957100-b0df-7e20-8e05-8f8d6e589bae"
"Trator Agrícola","JOHN DEERE","5603","2","019570fc-0046-7a7e-9537-5270ed100c7e","019570fb-3284-75bc-a9bf-c6fb7aa8592c","01957100-b0df-76e3-8868-402755169f8b"
"Trator Agrícola","JOHN DEERE","5605","3","019570fc-0046-7a7e-9537-5270ed100c7e","019570fb-3284-75bc-a9bf-c6fb7aa8592c","01957100-b0df-7862-9b95-1265848a40d6"
"Trator Agrícola","JOHN DEERE","5700","2","019570fc-0046-7a7e-9537-5270ed100c7e","019570fb-3284-75bc-a9bf-c6fb7aa8592c","01957100-b0df-7255-aeac-7c9ed59a24a7"
"Trator Agrícola","JOHN DEERE","5705","3","019570fc-0046-7a7e-9537-5270ed100c7e","019570fb-3284-75bc-a9bf-c6fb7aa8592c","01957100-b0df-70b8-8529-e58f06c69a05"
"Trator Agrícola","JOHN DEERE","6100E","8","019570fc-0046-7a7e-9537-5270ed100c7e","019570fb-3284-75bc-a9bf-c6fb7aa8592c","0196f443-bf86-7200-bdb1-5e41a59dfe84"
"Trator Agrícola","JOHN DEERE","6100J","10","019570fc-0046-7a7e-9537-5270ed100c7e","019570fb-3284-75bc-a9bf-c6fb7aa8592c","01957100-b0df-7fb5-bfd9-b6195ffe40d3"
"Trator Agrícola","JOHN DEERE","6110E","6","019570fc-0046-7a7e-9537-5270ed100c7e","019570fb-3284-75bc-a9bf-c6fb7aa8592c","01957100-b0df-7056-aa89-b0298ea94101"
"Trator Agrícola","JOHN DEERE","6110J","8","019570fc-0046-7a7e-9537-5270ed100c7e","019570fb-3284-75bc-a9bf-c6fb7aa8592c","01957100-b0df-701f-bdb8-112a03a365e6"
"Trator Agrícola","JOHN DEERE","6115J","9","019570fc-0046-7a7e-9537-5270ed100c7e","019570fb-3284-75bc-a9bf-c6fb7aa8592c","01957100-b0df-7185-8760-37961adfdc1e"
"Trator Agrícola","JOHN DEERE","6125D","8","019570fc-0046-7a7e-9537-5270ed100c7e","019570fb-3284-75bc-a9bf-c6fb7aa8592c","0195b3ba-39a6-79e6-872d-87a005e5f470"
"Trator Agrícola","JOHN DEERE","6125E","8","019570fc-0046-7a7e-9537-5270ed100c7e","019570fb-3284-75bc-a9bf-c6fb7aa8592c","01957100-b0df-7c67-bba9-f85c3479046c"
"Trator Agrícola","JOHN DEERE","6125J","11","019570fc-0046-7a7e-9537-5270ed100c7e","019570fb-3284-75bc-a9bf-c6fb7aa8592c","01957100-b0df-7dde-b26a-f13e4b694a67"
"Trator Agrícola","JOHN DEERE","6130J","8","019570fc-0046-7a7e-9537-5270ed100c7e","019570fb-3284-75bc-a9bf-c6fb7aa8592c","01957100-b0df-70c2-91b8-21d73e429c31"
"Trator Agrícola","JOHN DEERE","6135J","9","019570fc-0046-7a7e-9537-5270ed100c7e","019570fb-3284-75bc-a9bf-c6fb7aa8592c","01957100-b0df-7678-9bab-6dff431f37ee"
"Trator Agrícola","JOHN DEERE","6135M","2","019570fc-0046-7a7e-9537-5270ed100c7e","019570fb-3284-75bc-a9bf-c6fb7aa8592c","019e5f69-f49e-7127-9b70-fc5bb1a1201c"
"Trator Agrícola","JOHN DEERE","6145J","10","019570fc-0046-7a7e-9537-5270ed100c7e","019570fb-3284-75bc-a9bf-c6fb7aa8592c","01957100-b0df-7a0c-b7c7-bc0a400b661c"
"Trator Agrícola","JOHN DEERE","6150J","8","019570fc-0046-7a7e-9537-5270ed100c7e","019570fb-3284-75bc-a9bf-c6fb7aa8592c","01957100-b0df-71a9-af7d-ed2dda8fb6c2"
"Trator Agrícola","JOHN DEERE","6150M","6","019570fc-0046-7a7e-9537-5270ed100c7e","019570fb-3284-75bc-a9bf-c6fb7aa8592c","0195b3ba-39a6-7c81-a0c8-f7c1f70422c4"
"Trator Agrícola","JOHN DEERE","6165J","10","019570fc-0046-7a7e-9537-5270ed100c7e","019570fb-3284-75bc-a9bf-c6fb7aa8592c","01957100-b0df-7700-a06c-eeb5fbcbc12a"
"Trator Agrícola","JOHN DEERE","6170J","9","019570fc-0046-7a7e-9537-5270ed100c7e","019570fb-3284-75bc-a9bf-c6fb7aa8592c","01957100-b0df-730a-a987-1c51efb67787"
"Trator Agrícola","JOHN DEERE","6170M","3","019570fc-0046-7a7e-9537-5270ed100c7e","019570fb-3284-75bc-a9bf-c6fb7aa8592c","019e5f91-a416-7c06-afe4-7748c44be565"
"Trator Agrícola","JOHN DEERE","6180J","11","019570fc-0046-7a7e-9537-5270ed100c7e","019570fb-3284-75bc-a9bf-c6fb7aa8592c","01957100-b0df-7531-aad7-7338cae4a1d1"
"Trator Agrícola","JOHN DEERE","6190J","9","019570fc-0046-7a7e-9537-5270ed100c7e","019570fb-3284-75bc-a9bf-c6fb7aa8592c","01957100-b0df-7d4e-bcd2-3e60befe693f"
"Trator Agrícola","JOHN DEERE","6190 M","2","019570fc-0046-7a7e-9537-5270ed100c7e","019570fb-3284-75bc-a9bf-c6fb7aa8592c","0196f443-bf87-7b7e-a6f2-655543e38c6c"
"Trator Agrícola","JOHN DEERE","6205J","1","019570fc-0046-7a7e-9537-5270ed100c7e","019570fb-3284-75bc-a9bf-c6fb7aa8592c","019ed103-ea7b-71dc-add3-39e6d901360a"
"Trator Agrícola","JOHN DEERE","6210 J","1","019570fc-0046-7a7e-9537-5270ed100c7e","019570fb-3284-75bc-a9bf-c6fb7aa8592c","01957100-b0df-7398-8b2a-2785bf0ed205"
"Trator Agrícola","JOHN DEERE","6210 M","7","019570fc-0046-7a7e-9537-5270ed100c7e","019570fb-3284-75bc-a9bf-c6fb7aa8592c","01957100-b0df-7608-a974-afb61a961b0c"
"Trator Agrícola","JOHN DEERE","6235J","1","019570fc-0046-7a7e-9537-5270ed100c7e","019570fb-3284-75bc-a9bf-c6fb7aa8592c","019afe6c-4156-7635-8074-ae3a6194840a"
"Trator Agrícola","JOHN DEERE","6300","7","019570fc-0046-7a7e-9537-5270ed100c7e","019570fb-3284-75bc-a9bf-c6fb7aa8592c","0196f443-bf7e-7b4c-bdc8-d767b28255ad"
"Trator Agrícola","JOHN DEERE","6405","4","019570fc-0046-7a7e-9537-5270ed100c7e","019570fb-3284-75bc-a9bf-c6fb7aa8592c","01957100-b0df-7c6c-a4b2-2f5b8b80e961"
"Trator Agrícola","JOHN DEERE","6415","4","019570fc-0046-7a7e-9537-5270ed100c7e","019570fb-3284-75bc-a9bf-c6fb7aa8592c","0195b3ba-39a6-79df-9537-214a2d9f6a4b"
"Trator Agrícola","JOHN DEERE","6500","1","019570fc-0046-7a7e-9537-5270ed100c7e","019570fb-3284-75bc-a9bf-c6fb7aa8592c","019ed7ab-0478-7092-81e7-c26042cef264"
"Trator Agrícola","JOHN DEERE","6600","7","019570fc-0046-7a7e-9537-5270ed100c7e","019570fb-3284-75bc-a9bf-c6fb7aa8592c","0196f443-bf7e-7166-aa24-b41294936f4e"
"Trator Agrícola","JOHN DEERE","6605","4","019570fc-0046-7a7e-9537-5270ed100c7e","019570fb-3284-75bc-a9bf-c6fb7aa8592c","01957100-b0df-7e6c-8dfa-33c0db907e5c"
"Trator Agrícola","JOHN DEERE","6615","4","019570fc-0046-7a7e-9537-5270ed100c7e","019570fb-3284-75bc-a9bf-c6fb7aa8592c","01957100-b0df-7ba4-99dd-af33343790c7"
"Trator Agrícola","JOHN DEERE","7185J","9","019570fc-0046-7a7e-9537-5270ed100c7e","019570fb-3284-75bc-a9bf-c6fb7aa8592c","01957100-b0df-7b8b-a89b-285f3dd53560"
"Trator Agrícola","JOHN DEERE","7195J","8","019570fc-0046-7a7e-9537-5270ed100c7e","019570fb-3284-75bc-a9bf-c6fb7aa8592c","01957100-b0df-7890-9e75-c16ae5904a44"
"Trator Agrícola","JOHN DEERE","7200J","7","019570fc-0046-7a7e-9537-5270ed100c7e","019570fb-3284-75bc-a9bf-c6fb7aa8592c","01957100-b0df-776e-a531-cd8fd5a37811"
"Trator Agrícola","JOHN DEERE","7205J","9","019570fc-0046-7a7e-9537-5270ed100c7e","019570fb-3284-75bc-a9bf-c6fb7aa8592c","0195b3ba-39a6-796d-a256-00a5fee34d76"
"Trator Agrícola","JOHN DEERE","7210J","8","019570fc-0046-7a7e-9537-5270ed100c7e","019570fb-3284-75bc-a9bf-c6fb7aa8592c","01957100-b0df-70c1-80f1-7f3fb2f86756"
"Trator Agrícola","JOHN DEERE","7215J","7","019570fc-0046-7a7e-9537-5270ed100c7e","019570fb-3284-75bc-a9bf-c6fb7aa8592c","0195b3ba-39a6-72d8-99cb-2d276b856522"
"Trator Agrícola","JOHN DEERE","7225J","16","019570fc-0046-7a7e-9537-5270ed100c7e","019570fb-3284-75bc-a9bf-c6fb7aa8592c","01957100-b0df-7c27-9224-e14ac337ef18"
"Trator Agrícola","JOHN DEERE","7230J","7","019570fc-0046-7a7e-9537-5270ed100c7e","019570fb-3284-75bc-a9bf-c6fb7aa8592c","01957100-b0df-7ba8-afc8-a03fe68e2666"
"Trator Agrícola","JOHN DEERE","7500","4","019570fc-0046-7a7e-9537-5270ed100c7e","019570fb-3284-75bc-a9bf-c6fb7aa8592c","0196f443-bf7f-717f-9121-8d00c28e60ea"
"Trator Agrícola","JOHN DEERE","7505","5","019570fc-0046-7a7e-9537-5270ed100c7e","019570fb-3284-75bc-a9bf-c6fb7aa8592c","0196f443-bf7f-7d85-8609-e7e8763b3937"
"Trator Agrícola","JOHN DEERE","7515","5","019570fc-0046-7a7e-9537-5270ed100c7e","019570fb-3284-75bc-a9bf-c6fb7aa8592c","01957100-b0df-7b9c-bbe5-c026c17018b6"
"Trator Agrícola","JOHN DEERE","7715","6","019570fc-0046-7a7e-9537-5270ed100c7e","019570fb-3284-75bc-a9bf-c6fb7aa8592c","0195b3ba-39a6-7415-a3d5-1986c485f90f"
"Trator Agrícola","JOHN DEERE","7815","6","019570fc-0046-7a7e-9537-5270ed100c7e","019570fb-3284-75bc-a9bf-c6fb7aa8592c","01957100-b0df-7f6b-a194-d9c7de422d3f"
"Trator Agrícola","JOHN DEERE","7M200","4","019570fc-0046-7a7e-9537-5270ed100c7e","019570fb-3284-75bc-a9bf-c6fb7aa8592c","019e473b-3592-7fd5-bbfc-dd395b835f93"
"Trator Agrícola","JOHN DEERE","7M215","4","019570fc-0046-7a7e-9537-5270ed100c7e","019570fb-3284-75bc-a9bf-c6fb7aa8592c","019e473a-dfcc-77d1-938f-590d42cff4f7"
"Trator Agrícola","JOHN DEERE","7M230","6","019570fc-0046-7a7e-9537-5270ed100c7e","019570fb-3284-75bc-a9bf-c6fb7aa8592c","0196f443-bf88-7bcd-bfaf-c73695ea2d5c"
"Trator Agrícola","JOHN DEERE","8225R","28","019570fc-0046-7a7e-9537-5270ed100c7e","019570fb-3284-75bc-a9bf-c6fb7aa8592c","019a3265-2498-768f-a78b-26922545763c"
"Trator Agrícola","JOHN DEERE","8235R","27","019570fc-0046-7a7e-9537-5270ed100c7e","019570fb-3284-75bc-a9bf-c6fb7aa8592c","019a3261-b595-74f9-a5be-e76463068c0a"
"Trator Agrícola","JOHN DEERE","8245R","25","019570fc-0046-7a7e-9537-5270ed100c7e","019570fb-3284-75bc-a9bf-c6fb7aa8592c","0195b3ba-39a6-71a5-baa2-92668924753c"
"Trator Agrícola","JOHN DEERE","8260R","24","019570fc-0046-7a7e-9537-5270ed100c7e","019570fb-3284-75bc-a9bf-c6fb7aa8592c","0196f443-bf88-77b0-a83e-3c35bd863a19"
"Trator Agrícola","JOHN DEERE","8270R","27","019570fc-0046-7a7e-9537-5270ed100c7e","019570fb-3284-75bc-a9bf-c6fb7aa8592c","01957100-b0df-70f7-a0bc-a3a5bfbd1976"
"Trator Agrícola","JOHN DEERE","8285R","26","019570fc-0046-7a7e-9537-5270ed100c7e","019570fb-3284-75bc-a9bf-c6fb7aa8592c","019a3766-04b0-7e5d-942a-5610e7fd5c0b"
"Trator Agrícola","JOHN DEERE","8295R","27","019570fc-0046-7a7e-9537-5270ed100c7e","019570fb-3284-75bc-a9bf-c6fb7aa8592c","0195b3ba-39a6-7503-9e59-348abdf4d03d"
"Trator Agrícola","JOHN DEERE","8310R","28","019570fc-0046-7a7e-9537-5270ed100c7e","019570fb-3284-75bc-a9bf-c6fb7aa8592c","019a37a6-80ff-75f4-94d9-c9e339f00ca5"
"Trator Agrícola","JOHN DEERE","8320R","27","019570fc-0046-7a7e-9537-5270ed100c7e","019570fb-3284-75bc-a9bf-c6fb7aa8592c","01957100-b0df-77af-b239-474777f50308"
"Trator Agrícola","JOHN DEERE","8335R","27","019570fc-0046-7a7e-9537-5270ed100c7e","019570fb-3284-75bc-a9bf-c6fb7aa8592c","0195b3ba-39a6-771a-ba95-d00fff0790c0"
"Trator Agrícola","JOHN DEERE","8345R","27","019570fc-0046-7a7e-9537-5270ed100c7e","019570fb-3284-75bc-a9bf-c6fb7aa8592c","01957100-b0df-73d0-b782-f488e33fd5a9"
"Trator Agrícola","JOHN DEERE","8360R","28","019570fc-0046-7a7e-9537-5270ed100c7e","019570fb-3284-75bc-a9bf-c6fb7aa8592c","019a3c48-4246-7b4a-b8c5-871cc5da52da"
"Trator Agrícola","JOHN DEERE","8370R","27","019570fc-0046-7a7e-9537-5270ed100c7e","019570fb-3284-75bc-a9bf-c6fb7aa8592c","01957100-b0df-7090-a269-39323f367422"
"Trator Agrícola","JOHN DEERE","8400R","26","019570fc-0046-7a7e-9537-5270ed100c7e","019570fb-3284-75bc-a9bf-c6fb7aa8592c","0195b3ba-39a6-7698-b8cd-7dc5aaba412d"
"Trator Agrícola","JOHN DEERE","8420","6","019570fc-0046-7a7e-9537-5270ed100c7e","019570fb-3284-75bc-a9bf-c6fb7aa8592c","01957100-b0df-70f2-8679-9b84894bfa63"
"Trator Agrícola","JOHN DEERE","8430","3","019570fc-0046-7a7e-9537-5270ed100c7e","019570fb-3284-75bc-a9bf-c6fb7aa8592c","0195b3ba-39a6-71be-ab8f-0fca573753ea"
"Trator Agrícola","JOHN DEERE","8440","3","019570fc-0046-7a7e-9537-5270ed100c7e","019570fb-3284-75bc-a9bf-c6fb7aa8592c","019a3c57-f0c1-7ca1-a37a-6fb229b69b5e"
"Trator Agrícola","JOHN DEERE","8450","3","019570fc-0046-7a7e-9537-5270ed100c7e","019570fb-3284-75bc-a9bf-c6fb7aa8592c","019a3c58-25c0-7a8e-adef-27127b01b69a"
"Trator Agrícola","JOHN DEERE","8R 230","5","019570fc-0046-7a7e-9537-5270ed100c7e","019570fb-3284-75bc-a9bf-c6fb7aa8592c","019a4116-b1af-7ea7-91d2-c3e87250d8bc"
"Trator Agrícola","JOHN DEERE","8R 250","6","019570fc-0046-7a7e-9537-5270ed100c7e","019570fb-3284-75bc-a9bf-c6fb7aa8592c","019a4116-db1a-7f09-9a09-dedb6ed6959a"
"Trator Agrícola","JOHN DEERE","8R 280","6","019570fc-0046-7a7e-9537-5270ed100c7e","019570fb-3284-75bc-a9bf-c6fb7aa8592c","019a4117-02ce-76e1-ae98-2599b4382b87"
"Trator Agrícola","JOHN DEERE","8R 310","6","019570fc-0046-7a7e-9537-5270ed100c7e","019570fb-3284-75bc-a9bf-c6fb7aa8592c","019a4117-341f-7c63-a023-5fdf10f866e4"
"Trator Agrícola","JOHN DEERE","8R 340","6","019570fc-0046-7a7e-9537-5270ed100c7e","019570fb-3284-75bc-a9bf-c6fb7aa8592c","019a4117-5a3a-798b-afea-89109cd65e30"
"Trator Agrícola","JOHN DEERE","8R 370","6","019570fc-0046-7a7e-9537-5270ed100c7e","019570fb-3284-75bc-a9bf-c6fb7aa8592c","019a4117-7fd9-7d59-9618-b06890fba9ea"
"Trator Agrícola","JOHN DEERE","8R 410","7","019570fc-0046-7a7e-9537-5270ed100c7e","019570fb-3284-75bc-a9bf-c6fb7aa8592c","01967e4b-b7b9-74dd-8f93-01eb55640d9a"
"Trator Agrícola","JOHN DEERE","9620R","6","019570fc-0046-7a7e-9537-5270ed100c7e","019570fb-3284-75bc-a9bf-c6fb7aa8592c","0195b3ba-39a6-703b-9616-ff38c73846b8"
"Trator Agrícola","JOHN DEERE","9R 440","8","019570fc-0046-7a7e-9537-5270ed100c7e","019570fb-3284-75bc-a9bf-c6fb7aa8592c","019e5f91-1264-7d66-8b87-956076591a36"
"Trator Agrícola","JOHN DEERE","9R 490","8","019570fc-0046-7a7e-9537-5270ed100c7e","019570fb-3284-75bc-a9bf-c6fb7aa8592c","019e5f91-799f-7f6e-a520-59c2ca4aee23"
"Trator Agrícola","JOHN DEERE","9R 490 SCRAPER","2","019570fc-0046-7a7e-9537-5270ed100c7e","019570fb-3284-75bc-a9bf-c6fb7aa8592c","019e6462-85e5-78a8-a215-9c07fb8e872d"
"Trator Agrícola","JOHN DEERE","9R 540","8","019570fc-0046-7a7e-9537-5270ed100c7e","019570fb-3284-75bc-a9bf-c6fb7aa8592c","019e5f91-bfde-7928-92ce-0850f4851411"
"Trator Agrícola","JOHN DEERE","9R 590","8","019570fc-0046-7a7e-9537-5270ed100c7e","019570fb-3284-75bc-a9bf-c6fb7aa8592c","019e5f92-9151-785f-991e-e5797570ea7a"
"Trator Agrícola","JOHN DEERE","9R 640","8","019570fc-0046-7a7e-9537-5270ed100c7e","019570fb-3284-75bc-a9bf-c6fb7aa8592c","019e5f92-bfa8-7928-9fa2-bf11f8fd9e81"
"Trator Agrícola","JOHN DEERE","9R 640 SCRAPER","2","019570fc-0046-7a7e-9537-5270ed100c7e","019570fb-3284-75bc-a9bf-c6fb7aa8592c","019e6464-0310-760e-8809-516977104b26"
"Trator Agrícola","JOHN DEERE","9RX 490","7","019570fc-0046-7a7e-9537-5270ed100c7e","019570fb-3284-75bc-a9bf-c6fb7aa8592c","019a4c42-05fd-7adb-8bee-a46e24b0707e"
"Trator Agrícola","JOHN DEERE","9RX 490 SCRAPER","1","019570fc-0046-7a7e-9537-5270ed100c7e","019570fb-3284-75bc-a9bf-c6fb7aa8592c","019e64b0-288e-762a-a554-11316331fe3f"
"Trator Agrícola","JOHN DEERE","9RX 540","7","019570fc-0046-7a7e-9537-5270ed100c7e","019570fb-3284-75bc-a9bf-c6fb7aa8592c","019a4c42-5c72-7cd0-8449-279cd1cc563c"
"Trator Agrícola","JOHN DEERE","9RX 540 SCRAPER","1","019570fc-0046-7a7e-9537-5270ed100c7e","019570fb-3284-75bc-a9bf-c6fb7aa8592c","019e6492-b3b4-7275-b5e7-b4eed13d4965"
"Trator Agrícola","JOHN DEERE","9RX 590","7","019570fc-0046-7a7e-9537-5270ed100c7e","019570fb-3284-75bc-a9bf-c6fb7aa8592c","019a4c42-8cc4-794e-b4ab-b30e3085167a"
"Trator Agrícola","JOHN DEERE","9RX 590 SCRAPER","1","019570fc-0046-7a7e-9537-5270ed100c7e","019570fb-3284-75bc-a9bf-c6fb7aa8592c","019e6493-28ff-7eb0-a968-83ca2c359b60"
"Trator Agrícola","JOHN DEERE","9RX 640","7","019570fc-0046-7a7e-9537-5270ed100c7e","019570fb-3284-75bc-a9bf-c6fb7aa8592c","01967e43-3ccc-7a33-a290-9dc19075038e"
"Trator Agrícola","JOHN DEERE","9RX 710","7","019570fc-0046-7a7e-9537-5270ed100c7e","019570fb-3284-75bc-a9bf-c6fb7aa8592c","019a4c42-b56d-7195-9f9b-ef3aea3df895"
"Trator Agrícola","JOHN DEERE","9RX 710 SCRAPER","1","019570fc-0046-7a7e-9537-5270ed100c7e","019570fb-3284-75bc-a9bf-c6fb7aa8592c","019e6495-9608-7143-9cce-49d0fe405793"
"Trator Agrícola","JOHN DEERE","9RX 770","7","019570fc-0046-7a7e-9537-5270ed100c7e","019570fb-3284-75bc-a9bf-c6fb7aa8592c","019a4c42-f1b0-7778-8deb-b771c0d1f1b3"
"Trator Agrícola","JOHN DEERE","9RX 770 SCRAPER","1","019570fc-0046-7a7e-9537-5270ed100c7e","019570fb-3284-75bc-a9bf-c6fb7aa8592c","019e6495-ff6f-7971-a84a-7d2e36268c41"
"Trator Agrícola","JOHN DEERE","9RX 830","7","019570fc-0046-7a7e-9537-5270ed100c7e","019570fb-3284-75bc-a9bf-c6fb7aa8592c","01967e2b-ce9d-7a0d-b596-030ca7010d43"
"Trator Agrícola","LS TRACTOR","PLUS 100 CABINADO","7","019570fc-0046-7a7e-9537-5270ed100c7e","019570fb-3277-7b5f-88ba-ef8ee28859c9","01957100-b0df-7862-a306-ebacb599b065"
"Trator Agrícola","LS TRACTOR","PLUS 80 CABINADO","7","019570fc-0046-7a7e-9537-5270ed100c7e","019570fb-3277-7b5f-88ba-ef8ee28859c9","019ad650-7094-7db9-a35e-69f589185187"
"Trator Agrícola","LS TRACTOR","PLUS 90 CABINADO","7","019570fc-0046-7a7e-9537-5270ed100c7e","019570fb-3277-7b5f-88ba-ef8ee28859c9","019ad651-b3af-7396-a9d5-06c37ac64b08"
"Trator Agrícola","MASSEY FERGUSON","4665","1","019570fc-0046-7a7e-9537-5270ed100c7e","019570fb-3277-758e-90da-a61c6da10475","019ed6b8-0f99-79ae-a285-f98fa6c96d72"
"Trator Agrícola","MASSEY FERGUSON","8732S","5","019570fc-0046-7a7e-9537-5270ed100c7e","019570fb-3277-758e-90da-a61c6da10475","019ef079-382f-75a4-81ad-66c7210613d4"
"Trator Agrícola","MASSEY FERGUSON","8S.205","6","019570fc-0046-7a7e-9537-5270ed100c7e","019570fb-3277-758e-90da-a61c6da10475","019a1d25-6873-7859-9ad2-fe5cb156f62a"
"Trator Agrícola","MASSEY FERGUSON","8S.225","6","019570fc-0046-7a7e-9537-5270ed100c7e","019570fb-3277-758e-90da-a61c6da10475","019a1d25-174f-767c-91dd-0d5df27a36fd"
"Trator Agrícola","MASSEY FERGUSON","8S.245","6","019570fc-0046-7a7e-9537-5270ed100c7e","019570fb-3277-758e-90da-a61c6da10475","019a1cf6-cff5-7b8b-9841-1d56b9e0316e"
"Trator Agrícola","MASSEY FERGUSON","8S.265","6","019570fc-0046-7a7e-9537-5270ed100c7e","019570fb-3277-758e-90da-a61c6da10475","01991004-5b5e-7b97-9c0c-06f9c7f3be7e"
"Trator Agrícola","MASSEY FERGUSON","8S.265 XTRA","6","019570fc-0046-7a7e-9537-5270ed100c7e","019570fb-3277-758e-90da-a61c6da10475","019eb8b3-4bc2-7341-ba9e-428b491e8a3c"
"Trator Agrícola","MASSEY FERGUSON","8S.285","6","019570fc-0046-7a7e-9537-5270ed100c7e","019570fb-3277-758e-90da-a61c6da10475","019a1cf8-ea0e-79f0-af6f-aab90a69d814"
"Trator Agrícola","MASSEY FERGUSON","8S.285 XTRA","6","019570fc-0046-7a7e-9537-5270ed100c7e","019570fb-3277-758e-90da-a61c6da10475","019eb8b3-aa3a-721d-a594-c183a45a3efd"
"Trator Agrícola","MASSEY FERGUSON","8S.305","4","019570fc-0046-7a7e-9537-5270ed100c7e","019570fb-3277-758e-90da-a61c6da10475","01991006-a97e-7af8-b1aa-2f4a9bb71bc1"
"Trator Agrícola","MASSEY FERGUSON","8S.305 XTRA","4","019570fc-0046-7a7e-9537-5270ed100c7e","019570fb-3277-758e-90da-a61c6da10475","019eb8b3-e97c-762c-adf0-865bcbe60a67"
"Trator Agrícola","MASSEY FERGUSON","MF235","5","019570fc-0046-7a7e-9537-5270ed100c7e","019570fb-3277-758e-90da-a61c6da10475","01957100-b0df-7e09-a504-6cf75dc32670"
"Trator Agrícola","MASSEY FERGUSON","MF250","5","019570fc-0046-7a7e-9537-5270ed100c7e","019570fb-3277-758e-90da-a61c6da10475","0196f443-bf7b-774b-9d75-cbcb23dd8729"
"Trator Agrícola","MASSEY FERGUSON","MF255","5","019570fc-0046-7a7e-9537-5270ed100c7e","019570fb-3277-758e-90da-a61c6da10475","01957100-b0df-7431-843f-b39a1ccb4470"
"Trator Agrícola","MASSEY FERGUSON","MF255 ADVANCED","4","019570fc-0046-7a7e-9537-5270ed100c7e","019570fb-3277-758e-90da-a61c6da10475","01957100-b0df-72e8-9015-dd8ef19c30b2"
"Trator Agrícola","MASSEY FERGUSON","MF265","4","019570fc-0046-7a7e-9537-5270ed100c7e","019570fb-3277-758e-90da-a61c6da10475","01957100-b0df-7324-ac2d-4cb7220c2754"
"Trator Agrícola","MASSEY FERGUSON","MF275","4","019570fc-0046-7a7e-9537-5270ed100c7e","019570fb-3277-758e-90da-a61c6da10475","01957100-b0df-715c-9e32-42e5d7d648a7"
"Trator Agrícola","MASSEY FERGUSON","MF283","4","019570fc-0046-7a7e-9537-5270ed100c7e","019570fb-3277-758e-90da-a61c6da10475","01957100-b0df-7656-8d22-9eb78d887764"
"Trator Agrícola","MASSEY FERGUSON","MF290","10","019570fc-0046-7a7e-9537-5270ed100c7e","019570fb-3277-758e-90da-a61c6da10475","01957100-b0df-7ba9-b178-83c3a6c930fa"
"Trator Agrícola","MASSEY FERGUSON","MF291","4","019570fc-0046-7a7e-9537-5270ed100c7e","019570fb-3277-758e-90da-a61c6da10475","01957100-b0df-7b7f-9738-0187c3452c6e"
"Trator Agrícola","MASSEY FERGUSON","MF292","5","019570fc-0046-7a7e-9537-5270ed100c7e","019570fb-3277-758e-90da-a61c6da10475","01957100-b0df-7563-9ed1-81524bace3cf"
"Trator Agrícola","MASSEY FERGUSON","MF296","4","019570fc-0046-7a7e-9537-5270ed100c7e","019570fb-3277-758e-90da-a61c6da10475","01957100-b0df-7848-ad58-73e1c9838709"
"Trator Agrícola","MASSEY FERGUSON","MF297","4","019570fc-0046-7a7e-9537-5270ed100c7e","019570fb-3277-758e-90da-a61c6da10475","0195b3ba-39a6-7f8c-a3e5-217fe3acbc4a"
"Trator Agrícola","MASSEY FERGUSON","MF299","5","019570fc-0046-7a7e-9537-5270ed100c7e","019570fb-3277-758e-90da-a61c6da10475","01957100-b0df-768e-b77a-c16fd9c168ad"
"Trator Agrícola","MASSEY FERGUSON","MF3306","4","019570fc-0046-7a7e-9537-5270ed100c7e","019570fb-3277-758e-90da-a61c6da10475","0196f443-bf7d-7db4-896d-ab472a336de4"
"Trator Agrícola","MASSEY FERGUSON","MF3306 XTRA","4","019570fc-0046-7a7e-9537-5270ed100c7e","019570fb-3277-758e-90da-a61c6da10475","019ed13b-7a09-704b-953c-00644fff5a57"
"Trator Agrícola","MASSEY FERGUSON","MF3307","4","019570fc-0046-7a7e-9537-5270ed100c7e","019570fb-3277-758e-90da-a61c6da10475","0195b3ba-39a6-776f-8c0e-54f68f3f000b"
"Trator Agrícola","MASSEY FERGUSON","MF3307 XTRA","4","019570fc-0046-7a7e-9537-5270ed100c7e","019570fb-3277-758e-90da-a61c6da10475","019ed13b-b234-7253-98a6-7371eb8785a0"
"Trator Agrícola","MASSEY FERGUSON","MF3308","4","019570fc-0046-7a7e-9537-5270ed100c7e","019570fb-3277-758e-90da-a61c6da10475","0195b3ba-39a6-77d1-ac9a-0ed1f4dbc399"
"Trator Agrícola","MASSEY FERGUSON","MF3308 XTRA","4","019570fc-0046-7a7e-9537-5270ed100c7e","019570fb-3277-758e-90da-a61c6da10475","019ed13b-eecf-72ae-92ed-84231bf13993"
"Trator Agrícola","MASSEY FERGUSON","MF4265","7","019570fc-0046-7a7e-9537-5270ed100c7e","019570fb-3277-758e-90da-a61c6da10475","01957100-b0df-7ea4-9e01-17304013f290"
"Trator Agrícola","MASSEY FERGUSON","MF4275","8","019570fc-0046-7a7e-9537-5270ed100c7e","019570fb-3277-758e-90da-a61c6da10475","0196f443-bf9c-730b-84a1-18eeb22d6881"
"Trator Agrícola","MASSEY FERGUSON","MF4280","5","019570fc-0046-7a7e-9537-5270ed100c7e","019570fb-3277-758e-90da-a61c6da10475","01957100-b0df-7eb8-80ee-6f24c66d8501"
"Trator Agrícola","MASSEY FERGUSON","MF4283","6","019570fc-0046-7a7e-9537-5270ed100c7e","019570fb-3277-758e-90da-a61c6da10475","01957100-b0df-74e0-afa0-96da145784e7"
"Trator Agrícola","MASSEY FERGUSON","MF4290","1","019570fc-0046-7a7e-9537-5270ed100c7e","019570fb-3277-758e-90da-a61c6da10475","01957100-b0df-74f9-a425-67e278522549"
"Trator Agrícola","MASSEY FERGUSON","MF4292","6","019570fc-0046-7a7e-9537-5270ed100c7e","019570fb-3277-758e-90da-a61c6da10475","01957100-b0df-74d8-ab86-f9b69f18f94e"
"Trator Agrícola","MASSEY FERGUSON","MF4297","6","019570fc-0046-7a7e-9537-5270ed100c7e","019570fb-3277-758e-90da-a61c6da10475","01957100-b0df-7095-9ab2-0aff4b8d3063"
"Trator Agrícola","MASSEY FERGUSON","MF4299","6","019570fc-0046-7a7e-9537-5270ed100c7e","019570fb-3277-758e-90da-a61c6da10475","01957100-b0df-742a-b530-e58988254ddf"
"Trator Agrícola","MASSEY FERGUSON","MF4305","3","019570fc-0046-7a7e-9537-5270ed100c7e","019570fb-3277-758e-90da-a61c6da10475","0195b3ba-39a6-7e26-a6d2-49eb2a7b9108"
"Trator Agrícola","MASSEY FERGUSON","MF4307","6","019570fc-0046-7a7e-9537-5270ed100c7e","019570fb-3277-758e-90da-a61c6da10475","01957100-b0df-7258-9760-634a2d4cb15d"
"Trator Agrícola","MASSEY FERGUSON","MF4408","5","019570fc-0046-7a7e-9537-5270ed100c7e","019570fb-3277-758e-90da-a61c6da10475","0195b3ba-39a6-746e-9ce9-962109a96739"
"Trator Agrícola","MASSEY FERGUSON","MF4409","5","019570fc-0046-7a7e-9537-5270ed100c7e","019570fb-3277-758e-90da-a61c6da10475","0196f443-bf7e-7eee-aee6-f8019ab73800"
"Trator Agrícola","MASSEY FERGUSON","MF4410","10","019570fc-0046-7a7e-9537-5270ed100c7e","019570fb-3277-758e-90da-a61c6da10475","0196f443-bf9c-7afb-9488-dc0fae9597ce"
"Trator Agrícola","MASSEY FERGUSON","MF4708","5","019570fc-0046-7a7e-9537-5270ed100c7e","019570fb-3277-758e-90da-a61c6da10475","01957100-b0df-73df-a38e-ccb5449d74e5"
"Trator Agrícola","MASSEY FERGUSON","MF4709","5","019570fc-0046-7a7e-9537-5270ed100c7e","019570fb-3277-758e-90da-a61c6da10475","01957100-b0df-7c76-b252-40aab1b993f4"
"Trator Agrícola","MASSEY FERGUSON","MF50","3","019570fc-0046-7a7e-9537-5270ed100c7e","019570fb-3277-758e-90da-a61c6da10475","01957100-b0df-7497-90eb-ee1df4c6c2f0"
"Trator Agrícola","MASSEY FERGUSON","MF5275","4","019570fc-0046-7a7e-9537-5270ed100c7e","019570fb-3277-758e-90da-a61c6da10475","01957100-b0df-7c27-9da5-b4fed7d43642"
"Trator Agrícola","MASSEY FERGUSON","MF5310","4","019570fc-0046-7a7e-9537-5270ed100c7e","019570fb-3277-758e-90da-a61c6da10475","01957100-b0df-7e69-b365-daad48e2252a"
"Trator Agrícola","MASSEY FERGUSON","MF5320","3","019570fc-0046-7a7e-9537-5270ed100c7e","019570fb-3277-758e-90da-a61c6da10475","01957100-b0df-7727-94e5-744f1ff76c7e"
"Trator Agrícola","MASSEY FERGUSON","MF5709","4","019570fc-0046-7a7e-9537-5270ed100c7e","019570fb-3277-758e-90da-a61c6da10475","01957100-b0df-739c-a182-feb37914af0a"
"Trator Agrícola","MASSEY FERGUSON","MF5710","5","019570fc-0046-7a7e-9537-5270ed100c7e","019570fb-3277-758e-90da-a61c6da10475","0196f443-bf9c-7107-9b37-b5770aadb160"
"Trator Agrícola","MASSEY FERGUSON","MF610","2","019570fc-0046-7a7e-9537-5270ed100c7e","019570fb-3277-758e-90da-a61c6da10475","0196f443-bf7b-7616-ae7c-64aa463e867f"
"Trator Agrícola","MASSEY FERGUSON","MF6350","3","019570fc-0046-7a7e-9537-5270ed100c7e","019570fb-3277-758e-90da-a61c6da10475","01957100-b0df-7055-bad7-e763083d4ba0"
"Trator Agrícola","MASSEY FERGUSON","MF65","3","019570fc-0046-7a7e-9537-5270ed100c7e","019570fb-3277-758e-90da-a61c6da10475","01957100-b0df-77dc-9ebe-ebdc4cf43273"
"Trator Agrícola","MASSEY FERGUSON","MF650","2","019570fc-0046-7a7e-9537-5270ed100c7e","019570fb-3277-758e-90da-a61c6da10475","01957100-b0df-79f2-a544-31745389de76"
"Trator Agrícola","MASSEY FERGUSON","MF660","3","019570fc-0046-7a7e-9537-5270ed100c7e","019570fb-3277-758e-90da-a61c6da10475","0196f443-bf7b-7ddd-93ce-1f4529f6631b"
"Trator Agrícola","MASSEY FERGUSON","MF6700","1","019570fc-0046-7a7e-9537-5270ed100c7e","019570fb-3277-758e-90da-a61c6da10475","019ed6c0-b44c-749a-880d-bbb1f69ed148"
"Trator Agrícola","MASSEY FERGUSON","MF6700-R DYNA-4","1","019570fc-0046-7a7e-9537-5270ed100c7e","019570fb-3277-758e-90da-a61c6da10475","019ed6c1-7a08-7a96-a375-9ea82e7c1986"
"Trator Agrícola","MASSEY FERGUSON","MF6711","5","019570fc-0046-7a7e-9537-5270ed100c7e","019570fb-3277-758e-90da-a61c6da10475","01957100-b0df-780d-a2a4-f05e805f3758"
"Trator Agrícola","MASSEY FERGUSON","MF6712","5","019570fc-0046-7a7e-9537-5270ed100c7e","019570fb-3277-758e-90da-a61c6da10475","0195b3ba-39a6-7493-b94f-be9bdf153235"
"Trator Agrícola","MASSEY FERGUSON","MF6713","5","019570fc-0046-7a7e-9537-5270ed100c7e","019570fb-3277-758e-90da-a61c6da10475","01957100-b0df-7a4f-badd-b7625e544510"
"Trator Agrícola","MASSEY FERGUSON","MF6714","5","019570fc-0046-7a7e-9537-5270ed100c7e","019570fb-3277-758e-90da-a61c6da10475","0195b3ba-39a6-7ba6-8678-a35e18be586f"
"Trator Agrícola","MASSEY FERGUSON","MF680","3","019570fc-0046-7a7e-9537-5270ed100c7e","019570fb-3277-758e-90da-a61c6da10475","01957100-b0df-7ecd-9bcc-2a9575b1d66f"
"Trator Agrícola","MASSEY FERGUSON","MF7000 DYNA-6","1","019570fc-0046-7a7e-9537-5270ed100c7e","019570fb-3277-758e-90da-a61c6da10475","019ed6c3-57fb-7489-8ffe-707007c33a4f"
"Trator Agrícola","MASSEY FERGUSON","MF7100","1","019570fc-0046-7a7e-9537-5270ed100c7e","019570fb-3277-758e-90da-a61c6da10475","019ed6c1-d7ad-7e8a-9d28-4cc2bb524af4"
"Trator Agrícola","MASSEY FERGUSON","MF7140","6","019570fc-0046-7a7e-9537-5270ed100c7e","019570fb-3277-758e-90da-a61c6da10475","01957100-b0df-75de-98ea-29d570e12983"
"Trator Agrícola","MASSEY FERGUSON","MF7150","6","019570fc-0046-7a7e-9537-5270ed100c7e","019570fb-3277-758e-90da-a61c6da10475","01957100-b0df-72a1-b247-bbb41cd48cfb"
"Trator Agrícola","MASSEY FERGUSON","MF7180","6","019570fc-0046-7a7e-9537-5270ed100c7e","019570fb-3277-758e-90da-a61c6da10475","01957100-b0df-7bc6-bf1b-e385aa06fa8a"
"Trator Agrícola","MASSEY FERGUSON","MF7200","1","019570fc-0046-7a7e-9537-5270ed100c7e","019570fb-3277-758e-90da-a61c6da10475","019ed6c2-2ba0-741d-ae8e-7cdbf06ecd64"
"Trator Agrícola","MASSEY FERGUSON","MF7219","3","019570fc-0046-7a7e-9537-5270ed100c7e","019570fb-3277-758e-90da-a61c6da10475","01957100-b0df-77d6-9c09-03f5e888ddb7"
"Trator Agrícola","MASSEY FERGUSON","MF7316","3","019570fc-0046-7a7e-9537-5270ed100c7e","019570fb-3277-758e-90da-a61c6da10475","019ef075-7e40-79d2-a3b7-56a1407a1e3d"
"Trator Agrícola","MASSEY FERGUSON","MF7318","3","019570fc-0046-7a7e-9537-5270ed100c7e","019570fb-3277-758e-90da-a61c6da10475","0195b3ba-39a6-78bb-9574-e8be0ab4b5fd"
"Trator Agrícola","MASSEY FERGUSON","MF7350","3","019570fc-0046-7a7e-9537-5270ed100c7e","019570fb-3277-758e-90da-a61c6da10475","0195b3ba-39a6-7fc8-8c43-fecbf972d40d"
"Trator Agrícola","MASSEY FERGUSON","MF7370","3","019570fc-0046-7a7e-9537-5270ed100c7e","019570fb-3277-758e-90da-a61c6da10475","01957100-b0df-7fea-88df-6c788343a117"
"Trator Agrícola","MASSEY FERGUSON","MF7390","3","019570fc-0046-7a7e-9537-5270ed100c7e","019570fb-3277-758e-90da-a61c6da10475","01957100-b0df-7a98-915b-494823901f82"
"Trator Agrícola","MASSEY FERGUSON","MF7415","3","019570fc-0046-7a7e-9537-5270ed100c7e","019570fb-3277-758e-90da-a61c6da10475","01957100-b0df-7534-b453-a0a6d0573d57"
"Trator Agrícola","MASSEY FERGUSON","MF7700 DYNA-6","1","019570fc-0046-7a7e-9537-5270ed100c7e","019570fb-3277-758e-90da-a61c6da10475","019ed6c4-bf28-7892-bceb-a723e204b657"
"Trator Agrícola","MASSEY FERGUSON","MF7719","5","019570fc-0046-7a7e-9537-5270ed100c7e","019570fb-3277-758e-90da-a61c6da10475","0195b3ba-39a6-7890-b7c8-b709d4cdfada"
"Trator Agrícola","MASSEY FERGUSON","MF7722","4","019570fc-0046-7a7e-9537-5270ed100c7e","019570fb-3277-758e-90da-a61c6da10475","0195b3ba-39a6-7a1a-864b-7b2332d43be6"
"Trator Agrícola","MASSEY FERGUSON","MF7725","4","019570fc-0046-7a7e-9537-5270ed100c7e","019570fb-3277-758e-90da-a61c6da10475","01957100-b0df-7f1c-91d6-fc098989164b"
"Trator Agrícola","MASSEY FERGUSON","MF85","4","019570fc-0046-7a7e-9537-5270ed100c7e","019570fb-3277-758e-90da-a61c6da10475","0196f443-bf7a-78b3-8e6d-106343b0fbc1"
"Trator Agrícola","MASSEY FERGUSON","MF8600 DYNA-VT","1","019570fc-0046-7a7e-9537-5270ed100c7e","019570fb-3277-758e-90da-a61c6da10475","019ed6c5-9b4b-7a26-887e-468f2de68952"
"Trator Agrícola","MASSEY FERGUSON","MF8670","2","019570fc-0046-7a7e-9537-5270ed100c7e","019570fb-3277-758e-90da-a61c6da10475","0195b3ba-39a6-7034-9f8e-3fafe63b817a"
"Trator Agrícola","MASSEY FERGUSON","MF8730S","5","019570fc-0046-7a7e-9537-5270ed100c7e","019570fb-3277-758e-90da-a61c6da10475","019ef079-8644-71f8-a088-9c2bb2e55d65"
"Trator Agrícola","MASSEY FERGUSON","MF8735S","5","019570fc-0046-7a7e-9537-5270ed100c7e","019570fb-3277-758e-90da-a61c6da10475","019ef078-f0e5-7bff-a0e3-ad10cd9f4f2c"
"Trator Agrícola","MASSEY FERGUSON","MF8737","5","019570fc-0046-7a7e-9537-5270ed100c7e","019570fb-3277-758e-90da-a61c6da10475","0195b3ba-39a6-7a70-bf77-0a54cb14fc69"
"Trator Agrícola","MASSEY FERGUSON","MF95","3","019570fc-0046-7a7e-9537-5270ed100c7e","019570fb-3277-758e-90da-a61c6da10475","01957100-b0df-7b8d-84f3-f1b1e5577016"
"Trator Agrícola","NEW HOLLAND","4630","3","019570fc-0046-7a7e-9537-5270ed100c7e","019570fb-3277-7028-89c4-ca09f6983b17","01957100-b0df-7679-9152-f07ce472f752"
"Trator Agrícola","NEW HOLLAND","5030","3","019570fc-0046-7a7e-9537-5270ed100c7e","019570fb-3277-7028-89c4-ca09f6983b17","01957100-b0df-7b69-8070-206b78699663"
"Trator Agrícola","NEW HOLLAND","6630","4","019570fc-0046-7a7e-9537-5270ed100c7e","019570fb-3277-7028-89c4-ca09f6983b17","01957100-b0df-73c5-a782-cb10a10a772a"
"Trator Agrícola","NEW HOLLAND","7630","7","019570fc-0046-7a7e-9537-5270ed100c7e","019570fb-3277-7028-89c4-ca09f6983b17","01957100-b0df-787a-b576-9cc32fb8a5ce"
"Trator Agrícola","NEW HOLLAND","7830","3","019570fc-0046-7a7e-9537-5270ed100c7e","019570fb-3277-7028-89c4-ca09f6983b17","0196f443-bf7f-7bf1-81af-55592dd3624f"
"Trator Agrícola","NEW HOLLAND","8030","7","019570fc-0046-7a7e-9537-5270ed100c7e","019570fb-3277-7028-89c4-ca09f6983b17","01957100-b0df-762d-bcb0-1a5442419ebd"
"Trator Agrícola","NEW HOLLAND","T3.65F","6","019570fc-0046-7a7e-9537-5270ed100c7e","019570fb-3277-7028-89c4-ca09f6983b17","0198f28d-62b4-7e73-8d3e-42ccb40b2113"
"Trator Agrícola","NEW HOLLAND","T3.75F","6","019570fc-0046-7a7e-9537-5270ed100c7e","019570fb-3277-7028-89c4-ca09f6983b17","019e6ab7-0d29-7ad9-ac53-b00e5f570110"
"Trator Agrícola","NEW HOLLAND","T4.75N","6","019570fc-0046-7a7e-9537-5270ed100c7e","019570fb-3277-7028-89c4-ca09f6983b17","0198f291-4183-78c3-9a33-0ac8418a2a58"
"Trator Agrícola","NEW HOLLAND","T4.75S","6","019570fc-0046-7a7e-9537-5270ed100c7e","019570fb-3277-7028-89c4-ca09f6983b17","0198f28e-f044-706b-b36c-8a99284c1426"
"Trator Agrícola","NEW HOLLAND","T4.85F","6","019570fc-0046-7a7e-9537-5270ed100c7e","019570fb-3277-7028-89c4-ca09f6983b17","0198f292-977b-707f-b0e9-60fc6c275009"
"Trator Agrícola","NEW HOLLAND","T5.100 ","5","019570fc-0046-7a7e-9537-5270ed100c7e","019570fb-3277-7028-89c4-ca09f6983b17","0198f295-836b-77c2-98db-b20ca0bf0dd0"
"Trator Agrícola","NEW HOLLAND","T5.110","3","019570fc-0046-7a7e-9537-5270ed100c7e","019570fb-3277-7028-89c4-ca09f6983b17","0198f637-326e-7738-aa70-a4211c312705"
"Trator Agrícola","NEW HOLLAND","T6010","1","019570fc-0046-7a7e-9537-5270ed100c7e","019570fb-3277-7028-89c4-ca09f6983b17","019ed683-d5f3-76e2-b5bf-4103a506a6e8"
"Trator Agrícola","NEW HOLLAND","T6020","1","019570fc-0046-7a7e-9537-5270ed100c7e","019570fb-3277-7028-89c4-ca09f6983b17","019ed684-18b1-7fef-b04c-39171d5836ff"
"Trator Agrícola","NEW HOLLAND","T6030","1","019570fc-0046-7a7e-9537-5270ed100c7e","019570fb-3277-7028-89c4-ca09f6983b17","019ed684-64db-795b-902d-f9f71191736c"
"Trator Agrícola","NEW HOLLAND","T6040","1","019570fc-0046-7a7e-9537-5270ed100c7e","019570fb-3277-7028-89c4-ca09f6983b17","019ed684-9d6d-7992-b7bb-0b799e6fb658"
"Trator Agrícola","NEW HOLLAND","T6050","1","019570fc-0046-7a7e-9537-5270ed100c7e","019570fb-3277-7028-89c4-ca09f6983b17","019ed684-dc5c-7bc3-b42e-d1c07794508b"
"Trator Agrícola","NEW HOLLAND","T6060","1","019570fc-0046-7a7e-9537-5270ed100c7e","019570fb-3277-7028-89c4-ca09f6983b17","019ed685-135e-7e37-93dc-b0e9281bbe91"
"Trator Agrícola","NEW HOLLAND","T6070","1","019570fc-0046-7a7e-9537-5270ed100c7e","019570fb-3277-7028-89c4-ca09f6983b17","019ed685-4cb8-700d-8c0a-bff5c96e641c"
"Trator Agrícola","NEW HOLLAND","T6.110","11","019570fc-0046-7a7e-9537-5270ed100c7e","019570fb-3277-7028-89c4-ca09f6983b17","01957100-b0df-7f5a-9df9-e2643c20bdd0"
"Trator Agrícola","NEW HOLLAND","T6.120","9","019570fc-0046-7a7e-9537-5270ed100c7e","019570fb-3277-7028-89c4-ca09f6983b17","01957100-b0df-715d-a6e3-9ac777e801e8"
"Trator Agrícola","NEW HOLLAND","T6.130","9","019570fc-0046-7a7e-9537-5270ed100c7e","019570fb-3277-7028-89c4-ca09f6983b17","01957100-b0df-7db2-8724-d9e33b3eda80"
"Trator Agrícola","NEW HOLLAND","T6.140 ELETROCOMAND","8","019570fc-0046-7a7e-9537-5270ed100c7e","019570fb-3277-7028-89c4-ca09f6983b17","0198f299-af68-731c-8805-34f33de1d6f5"
"Trator Agrícola","NEW HOLLAND","T6.180","9","019570fc-0046-7a7e-9537-5270ed100c7e","019570fb-3277-7028-89c4-ca09f6983b17","0198f2a0-25eb-720c-8cce-61b99721a3e5"
"Trator Agrícola","NEW HOLLAND","T7030","6","019570fc-0046-7a7e-9537-5270ed100c7e","019570fb-3277-7028-89c4-ca09f6983b17","019e8402-bae4-74f5-8c41-7594d734a927"
"Trator Agrícola","NEW HOLLAND","T7040","5","019570fc-0046-7a7e-9537-5270ed100c7e","019570fb-3277-7028-89c4-ca09f6983b17","0196f443-bfa3-7797-b148-dc5b683fe381"
"Trator Agrícola","NEW HOLLAND","T7050","5","019570fc-0046-7a7e-9537-5270ed100c7e","019570fb-3277-7028-89c4-ca09f6983b17","019e8402-5d60-7be4-851a-badb1aaf6a08"
"Trator Agrícola","NEW HOLLAND","T7060","5","019570fc-0046-7a7e-9537-5270ed100c7e","019570fb-3277-7028-89c4-ca09f6983b17","01957100-b0df-7ed8-9b9d-7755991d3ba5"
"Trator Agrícola","NEW HOLLAND","T7.140","1","019570fc-0046-7a7e-9537-5270ed100c7e","019570fb-3277-7028-89c4-ca09f6983b17","019e92b0-7f9f-7722-b840-2df588f23a6f"
"Trator Agrícola","NEW HOLLAND","T7.150","1","019570fc-0046-7a7e-9537-5270ed100c7e","019570fb-3277-7028-89c4-ca09f6983b17","019e92b0-f330-72f7-8d18-c1d8fc1893d8"
"Trator Agrícola","NEW HOLLAND","T7.165","1","019570fc-0046-7a7e-9537-5270ed100c7e","019570fb-3277-7028-89c4-ca09f6983b17","019e92b1-73d2-7fa0-86fc-7c3523ea4a5b"
"Trator Agrícola","NEW HOLLAND","T7.175","9","019570fc-0046-7a7e-9537-5270ed100c7e","019570fb-3277-7028-89c4-ca09f6983b17","01957100-b0df-7206-8db6-06bdda15ca6f"
"Trator Agrícola","NEW HOLLAND","T7.180","8","019570fc-0046-7a7e-9537-5270ed100c7e","019570fb-3277-7028-89c4-ca09f6983b17","0195b3ba-39a6-704c-a76e-fd34eb55b819"
"Trator Agrícola","NEW HOLLAND","T7.190","9","019570fc-0046-7a7e-9537-5270ed100c7e","019570fb-3277-7028-89c4-ca09f6983b17","01957100-b0df-7642-bdf0-100360333df4"
"Trator Agrícola","NEW HOLLAND","T7.195","9","019570fc-0046-7a7e-9537-5270ed100c7e","019570fb-3277-7028-89c4-ca09f6983b17","0198f2a3-94b0-798f-9247-bef2ea811aed"
"Trator Agrícola","NEW HOLLAND","T7.205","9","019570fc-0046-7a7e-9537-5270ed100c7e","019570fb-3277-7028-89c4-ca09f6983b17","01957100-b0df-75f6-8034-a8c8f88e63bf"
"Trator Agrícola","NEW HOLLAND","T7.220","8","019570fc-0046-7a7e-9537-5270ed100c7e","019570fb-3277-7028-89c4-ca09f6983b17","019e845a-90ad-7589-b942-3ec9d9686dc1"
"Trator Agrícola","NEW HOLLAND","T7.235","8","019570fc-0046-7a7e-9537-5270ed100c7e","019570fb-3277-7028-89c4-ca09f6983b17","019e8459-fc96-7c4c-9a2e-e50b07e3eb10"
"Trator Agrícola","NEW HOLLAND","T7.240","7","019570fc-0046-7a7e-9537-5270ed100c7e","019570fb-3277-7028-89c4-ca09f6983b17","01957100-b0df-78d6-af92-bd1fd1439b32"
"Trator Agrícola","NEW HOLLAND","T7.245","8","019570fc-0046-7a7e-9537-5270ed100c7e","019570fb-3277-7028-89c4-ca09f6983b17","01957100-b0df-70c5-95b5-b0baa3936f4b"
"Trator Agrícola","NEW HOLLAND","T7.250","8","019570fc-0046-7a7e-9537-5270ed100c7e","019570fb-3277-7028-89c4-ca09f6983b17","019e8484-14c6-7d62-b427-f324f4bf8228"
"Trator Agrícola","NEW HOLLAND","T7.260","8","019570fc-0046-7a7e-9537-5270ed100c7e","019570fb-3277-7028-89c4-ca09f6983b17","01957100-b0df-74b5-a13e-76299cc2ccec"
"Trator Agrícola","NEW HOLLAND","T7.270","8","019570fc-0046-7a7e-9537-5270ed100c7e","019570fb-3277-7028-89c4-ca09f6983b17","019e8440-5939-7665-87c7-a5211f77e307"
"Trator Agrícola","NEW HOLLAND","T7.300 CVT","8","019570fc-0046-7a7e-9537-5270ed100c7e","019570fb-3277-7028-89c4-ca09f6983b17","0199108f-1b05-70ac-abd6-2a63e47ebd39"
"Trator Agrícola","NEW HOLLAND","T8.270","10","019570fc-0046-7a7e-9537-5270ed100c7e","019570fb-3277-7028-89c4-ca09f6983b17","0195b3ba-39a6-78bc-858a-3a94b9e4ebc6"
"Trator Agrícola","NEW HOLLAND","T8.275","12","019570fc-0046-7a7e-9537-5270ed100c7e","019570fb-3277-7028-89c4-ca09f6983b17","019e8440-d7b9-7aff-8144-7ea2cc81875e"
"Trator Agrícola","NEW HOLLAND","T8.295","11","019570fc-0046-7a7e-9537-5270ed100c7e","019570fb-3277-7028-89c4-ca09f6983b17","01957100-b0df-73a1-9da5-d70f9674339f"
"Trator Agrícola","NEW HOLLAND","T8.320","8","019570fc-0046-7a7e-9537-5270ed100c7e","019570fb-3277-7028-89c4-ca09f6983b17","0198f2a5-9598-7871-be20-d24d36a03f1d"
"Trator Agrícola","NEW HOLLAND","T8.325","10","019570fc-0046-7a7e-9537-5270ed100c7e","019570fb-3277-7028-89c4-ca09f6983b17","0195b3ba-39a6-7a7f-8b94-1c3ca3293756"
"Trator Agrícola","NEW HOLLAND","T8.330","6","019570fc-0046-7a7e-9537-5270ed100c7e","019570fb-3277-7028-89c4-ca09f6983b17","019e8441-7de6-7ca9-af73-c92fa06edc3e"
"Trator Agrícola","NEW HOLLAND","T8.350","7","019570fc-0046-7a7e-9537-5270ed100c7e","019570fb-3277-7028-89c4-ca09f6983b17","0198f2a6-4183-7d17-80af-be94b1f160db"
"Trator Agrícola","NEW HOLLAND","T8.355","11","019570fc-0046-7a7e-9537-5270ed100c7e","019570fb-3277-7028-89c4-ca09f6983b17","0198f2a9-476c-7d79-81d8-beffc3173653"
"Trator Agrícola","NEW HOLLAND","T8.360","6","019570fc-0046-7a7e-9537-5270ed100c7e","019570fb-3277-7028-89c4-ca09f6983b17","019e8442-2450-7d83-9868-5bb23458a130"
"Trator Agrícola","NEW HOLLAND","T8.380","7","019570fc-0046-7a7e-9537-5270ed100c7e","019570fb-3277-7028-89c4-ca09f6983b17","0198f2a9-f7f5-708b-8421-2bafd9fdfcbc"
"Trator Agrícola","NEW HOLLAND","T8.385","11","019570fc-0046-7a7e-9537-5270ed100c7e","019570fb-3277-7028-89c4-ca09f6983b17","01957100-b0e0-7192-bc8d-d398c9f7cac3"
"Trator Agrícola","NEW HOLLAND","T8.390","6","019570fc-0046-7a7e-9537-5270ed100c7e","019570fb-3277-7028-89c4-ca09f6983b17","019e8442-8d03-7b84-a182-b29f4b25db43"
"Trator Agrícola","NEW HOLLAND","T8.410","7","019570fc-0046-7a7e-9537-5270ed100c7e","019570fb-3277-7028-89c4-ca09f6983b17","0198f2ab-9a36-719f-a91e-b6fb1e719994"
"Trator Agrícola","NEW HOLLAND","T8.430","7","019570fc-0046-7a7e-9537-5270ed100c7e","019570fb-3277-7028-89c4-ca09f6983b17","019e8442-f27a-7068-abf2-85652fe0d227"
"Trator Agrícola","NEW HOLLAND","T8.440","7","019570fc-0046-7a7e-9537-5270ed100c7e","019570fb-3277-7028-89c4-ca09f6983b17","0198f64d-4a6c-7fbf-b40b-7f4f230221bc"
"Trator Agrícola","NEW HOLLAND","T9.350","5","019570fc-0046-7a7e-9537-5270ed100c7e","019570fb-3277-7028-89c4-ca09f6983b17","019e8ee1-3130-7cb8-99c5-1141683943fa"
"Trator Agrícola","NEW HOLLAND","T9.450","5","019570fc-0046-7a7e-9537-5270ed100c7e","019570fb-3277-7028-89c4-ca09f6983b17","019e8ee1-622d-7e1b-a97f-336c623828d6"
"Trator Agrícola","NEW HOLLAND","T9.470 - COM LEVANTE","5","019570fc-0046-7a7e-9537-5270ed100c7e","019570fb-3277-7028-89c4-ca09f6983b17","01991091-3cd6-7e38-9c4f-f743da18c850"
"Trator Agrícola","NEW HOLLAND","T9.470 - PIVOT","5","019570fc-0046-7a7e-9537-5270ed100c7e","019570fb-3277-7028-89c4-ca09f6983b17","01991090-977e-7dc9-b327-600454da3c46"
"Trator Agrícola","NEW HOLLAND","T9.480","5","019570fc-0046-7a7e-9537-5270ed100c7e","019570fb-3277-7028-89c4-ca09f6983b17","0196f443-bfa3-7c38-aa9b-bba8c6ebd617"
"Trator Agrícola","NEW HOLLAND","T9.505","5","019570fc-0046-7a7e-9537-5270ed100c7e","019570fb-3277-7028-89c4-ca09f6983b17","019e8ee1-f5ec-7017-9da2-708d834b29be"
"Trator Agrícola","NEW HOLLAND","T9.520 - COM LEVANTE","5","019570fc-0046-7a7e-9537-5270ed100c7e","019570fb-3277-7028-89c4-ca09f6983b17","01991093-8f97-7741-844d-a7621118089a"
"Trator Agrícola","NEW HOLLAND","T9.520  - PIVOT","5","019570fc-0046-7a7e-9537-5270ed100c7e","019570fb-3277-7028-89c4-ca09f6983b17","01991092-54ec-7d04-87c1-563e1a0dad0b"
"Trator Agrícola","NEW HOLLAND","T9.560","5","019570fc-0046-7a7e-9537-5270ed100c7e","019570fb-3277-7028-89c4-ca09f6983b17","019e8ee2-26e9-712a-906e-d427dfbb6d1b"
"Trator Agrícola","NEW HOLLAND","T9.565","5","019570fc-0046-7a7e-9537-5270ed100c7e","019570fb-3277-7028-89c4-ca09f6983b17","0195b3ba-39a6-779c-90b1-66bcea6f7e9a"
"Trator Agrícola","NEW HOLLAND","T9.580 - COM LEVANTE","5","019570fc-0046-7a7e-9537-5270ed100c7e","019570fb-3277-7028-89c4-ca09f6983b17","01991094-dbaa-72c5-a871-e491712547c5"
"Trator Agrícola","NEW HOLLAND","T9.580 - PIVOT","5","019570fc-0046-7a7e-9537-5270ed100c7e","019570fb-3277-7028-89c4-ca09f6983b17","01991094-7805-7bc1-9c0e-520d5175f1b0"
"Trator Agrícola","NEW HOLLAND","T9.615 - COM LEVANTE","6","019570fc-0046-7a7e-9537-5270ed100c7e","019570fb-3277-7028-89c4-ca09f6983b17","01991096-2c7d-7267-882a-5836c56fedec"
"Trator Agrícola","NEW HOLLAND","T9.615 - PIVOT","6","019570fc-0046-7a7e-9537-5270ed100c7e","019570fb-3277-7028-89c4-ca09f6983b17","01991095-bcdf-7471-b8c0-555a32587a55"
"Trator Agrícola","NEW HOLLAND","T9.700 - PIVOT","8","019570fc-0046-7a7e-9537-5270ed100c7e","019570fb-3277-7028-89c4-ca09f6983b17","01991096-dacf-79f5-b264-1c71b6a44496"
"Trator Agrícola","NEW HOLLAND","TK4.100","4","019570fc-0046-7a7e-9537-5270ed100c7e","019570fb-3277-7028-89c4-ca09f6983b17","019ea8ab-83d3-7ce8-8ee3-c0693f66f59a"
"Trator Agrícola","NEW HOLLAND","TK4.80","4","019570fc-0046-7a7e-9537-5270ed100c7e","019570fb-3277-7028-89c4-ca09f6983b17","0198f64e-07c3-7ce2-a66c-45e2d720a1b3"
"Trator Agrícola","NEW HOLLAND","TK4.90","4","019570fc-0046-7a7e-9537-5270ed100c7e","019570fb-3277-7028-89c4-ca09f6983b17","019ea8ab-3e1c-7b9b-a0fb-e11661e1b0ec"
"Trator Agrícola","NEW HOLLAND","TL100","5","019570fc-0046-7a7e-9537-5270ed100c7e","019570fb-3277-7028-89c4-ca09f6983b17","01957100-b0e0-744e-9a84-1022fbb7b8e9"
"Trator Agrícola","NEW HOLLAND","TL5.100","7","019570fc-0046-7a7e-9537-5270ed100c7e","019570fb-3277-7028-89c4-ca09f6983b17","01957100-b0e0-78fe-bb6f-a7f6b6aa3b61"
"Trator Agrícola","NEW HOLLAND","TL5.80","7","019570fc-0046-7a7e-9537-5270ed100c7e","019570fb-3277-7028-89c4-ca09f6983b17","01957100-b0e0-7fc5-876a-00b7219d4ed9"
"Trator Agrícola","NEW HOLLAND","TL5.90","7","019570fc-0046-7a7e-9537-5270ed100c7e","019570fb-3277-7028-89c4-ca09f6983b17","01957100-b0e0-7bee-8548-ca76773346fe"
"Trator Agrícola","NEW HOLLAND","TL60E","8","019570fc-0046-7a7e-9537-5270ed100c7e","019570fb-3277-7028-89c4-ca09f6983b17","01957100-b0e0-7465-8411-b1bf9bd7f624"
"Trator Agrícola","NEW HOLLAND","TL65","6","019570fc-0046-7a7e-9537-5270ed100c7e","019570fb-3277-7028-89c4-ca09f6983b17","01957100-b0e0-709a-9fa2-8181c9acebb2"
"Trator Agrícola","NEW HOLLAND","TL70","5","019570fc-0046-7a7e-9537-5270ed100c7e","019570fb-3277-7028-89c4-ca09f6983b17","01957100-b0e0-7c87-a317-3a70a499f1a2"
"Trator Agrícola","NEW HOLLAND","TL75","7","019570fc-0046-7a7e-9537-5270ed100c7e","019570fb-3277-7028-89c4-ca09f6983b17","01957100-b0e0-773d-8f7e-7fa2e6eb9bac"
"Trator Agrícola","NEW HOLLAND","TL75E","7","019570fc-0046-7a7e-9537-5270ed100c7e","019570fb-3277-7028-89c4-ca09f6983b17","01957100-b0e0-7444-805f-64f0736b52ec"
"Trator Agrícola","NEW HOLLAND","TL80","5","019570fc-0046-7a7e-9537-5270ed100c7e","019570fb-3277-7028-89c4-ca09f6983b17","01957100-b0e0-792d-b828-7207353cc075"
"Trator Agrícola","NEW HOLLAND","TL85","7","019570fc-0046-7a7e-9537-5270ed100c7e","019570fb-3277-7028-89c4-ca09f6983b17","01957100-b0e0-7e34-8c75-540878eab38f"
"Trator Agrícola","NEW HOLLAND","TL85E","7","019570fc-0046-7a7e-9537-5270ed100c7e","019570fb-3277-7028-89c4-ca09f6983b17","01957100-b0e0-7852-ab09-2bb6f09ed9b3"
"Trator Agrícola","NEW HOLLAND","TL90","6","019570fc-0046-7a7e-9537-5270ed100c7e","019570fb-3277-7028-89c4-ca09f6983b17","01957100-b0e0-72c1-98e7-d7471257893c"
"Trator Agrícola","NEW HOLLAND","TL95","6","019570fc-0046-7a7e-9537-5270ed100c7e","019570fb-3277-7028-89c4-ca09f6983b17","0196f443-bfa3-72ac-9999-e969247b512e"
"Trator Agrícola","NEW HOLLAND","TL95E","7","019570fc-0046-7a7e-9537-5270ed100c7e","019570fb-3277-7028-89c4-ca09f6983b17","01957100-b0e0-7015-9210-0473b815fcc7"
"Trator Agrícola","NEW HOLLAND","TM120","3","019570fc-0046-7a7e-9537-5270ed100c7e","019570fb-3277-7028-89c4-ca09f6983b17","01957100-b0e0-7e60-a067-05bc041d7d8b"
"Trator Agrícola","NEW HOLLAND","TM135","4","019570fc-0046-7a7e-9537-5270ed100c7e","019570fb-3277-7028-89c4-ca09f6983b17","01957100-b0e0-7592-8573-0f2b4813cad0"
"Trator Agrícola","NEW HOLLAND","TM140","3","019570fc-0046-7a7e-9537-5270ed100c7e","019570fb-3277-7028-89c4-ca09f6983b17","01957100-b0e0-784d-b585-000fcb455437"
"Trator Agrícola","NEW HOLLAND","TM150","4","019570fc-0046-7a7e-9537-5270ed100c7e","019570fb-3277-7028-89c4-ca09f6983b17","01957100-b0e0-7110-a7ae-6ec6be766601"
"Trator Agrícola","NEW HOLLAND","TM165","4","019570fc-0046-7a7e-9537-5270ed100c7e","019570fb-3277-7028-89c4-ca09f6983b17","01957100-b0e0-74f3-ae89-c89ed69fab2a"
"Trator Agrícola","NEW HOLLAND","TM180","4","019570fc-0046-7a7e-9537-5270ed100c7e","019570fb-3277-7028-89c4-ca09f6983b17","019ea8ac-8f4c-7514-9dd1-534ab194c617"
"Trator Agrícola","NEW HOLLAND","TM7010","5","019570fc-0046-7a7e-9537-5270ed100c7e","019570fb-3277-7028-89c4-ca09f6983b17","01957100-b0e0-7e76-aa1e-c9a703751832"
"Trator Agrícola","NEW HOLLAND","TM.7010 EXITUS","5","019570fc-0046-7a7e-9537-5270ed100c7e","019570fb-3277-7028-89c4-ca09f6983b17","019ea8df-4342-7a51-b4c6-415666db6d8b"
"Trator Agrícola","NEW HOLLAND","TM.7020","5","019570fc-0046-7a7e-9537-5270ed100c7e","019570fb-3277-7028-89c4-ca09f6983b17","0196f443-bfa4-76e0-9eb4-b55a20f73b75"
"Trator Agrícola","NEW HOLLAND","TM.7020 EXITUS","5","019570fc-0046-7a7e-9537-5270ed100c7e","019570fb-3277-7028-89c4-ca09f6983b17","019ea8df-6d1e-7025-b74b-d8f5932c54b1"
"Trator Agrícola","NEW HOLLAND","TM7030","1","019570fc-0046-7a7e-9537-5270ed100c7e","019570fb-3277-7028-89c4-ca09f6983b17","019f045e-32ac-79a0-9234-1c2d2c4f4762"
"Trator Agrícola","NEW HOLLAND","TM.7030 EXITUS","5","019570fc-0046-7a7e-9537-5270ed100c7e","019570fb-3277-7028-89c4-ca09f6983b17","019ea8df-9d4e-7eb7-ba0a-3320bde09c91"
"Trator Agrícola","NEW HOLLAND","TM.7040","5","019570fc-0046-7a7e-9537-5270ed100c7e","019570fb-3277-7028-89c4-ca09f6983b17","0196f443-bfa4-743d-bd25-45dd30643b94"
"Trator Agrícola","NEW HOLLAND","TM.7040 EXITUS","5","019570fc-0046-7a7e-9537-5270ed100c7e","019570fb-3277-7028-89c4-ca09f6983b17","019ea8df-ca61-70e2-9bce-4bb93685c53c"
"Trator Agrícola","NEW HOLLAND","TS100","4","019570fc-0046-7a7e-9537-5270ed100c7e","019570fb-3277-7028-89c4-ca09f6983b17","01957100-b0e0-7e5c-99ed-00d7d40529e9"
"Trator Agrícola","NEW HOLLAND","TS110","4","019570fc-0046-7a7e-9537-5270ed100c7e","019570fb-3277-7028-89c4-ca09f6983b17","01957100-b0e0-7766-9a46-83aa5b2622ea"
"Trator Agrícola","NEW HOLLAND","TS120","4","019570fc-0046-7a7e-9537-5270ed100c7e","019570fb-3277-7028-89c4-ca09f6983b17","01957100-b0e0-7123-aaae-99bbaa07ff38"
"Trator Agrícola","NEW HOLLAND","TS6020","3","019570fc-0046-7a7e-9537-5270ed100c7e","019570fb-3277-7028-89c4-ca09f6983b17","01957100-b0e0-7216-9cc7-858cc8c6d3f6"
"Trator Agrícola","NEW HOLLAND","TS6040","3","019570fc-0046-7a7e-9537-5270ed100c7e","019570fb-3277-7028-89c4-ca09f6983b17","01957100-b0e0-77ba-92c3-382b6547469b"
"Trator Agrícola","NEW HOLLAND","TT3.50","4","019570fc-0046-7a7e-9537-5270ed100c7e","019570fb-3277-7028-89c4-ca09f6983b17","0198f659-2f8a-7d3d-ac68-2bf9c2f9435c"
"Trator Agrícola","NEW HOLLAND","TT3840","5","019570fc-0046-7a7e-9537-5270ed100c7e","019570fb-3277-7028-89c4-ca09f6983b17","01957100-b0e0-7590-b625-74c7b3b34d7d"
"Trator Agrícola","NEW HOLLAND","TT3880","5","019570fc-0046-7a7e-9537-5270ed100c7e","019570fb-3277-7028-89c4-ca09f6983b17","0195b3ba-39a6-70bb-9d17-7c1ddfecb046"
"Trator Agrícola","NEW HOLLAND","TT3880F","5","019570fc-0046-7a7e-9537-5270ed100c7e","019570fb-3277-7028-89c4-ca09f6983b17","0195b3ba-39a6-7181-98df-e2986560c774"
"Trator Agrícola","NEW HOLLAND","TT4030","5","019570fc-0046-7a7e-9537-5270ed100c7e","019570fb-3277-7028-89c4-ca09f6983b17","01957100-b0e0-7951-9bd5-a6df8f8fca8e"
"Trator Agrícola","NEW HOLLAND","TT4.55","6","019570fc-0046-7a7e-9537-5270ed100c7e","019570fb-3277-7028-89c4-ca09f6983b17","019ea8fb-45f9-79a9-990c-3d1e0c9035dc"
"Trator Agrícola","NEW HOLLAND","TT4.65","6","019570fc-0046-7a7e-9537-5270ed100c7e","019570fb-3277-7028-89c4-ca09f6983b17","019ea8fc-04b1-7c3c-94cf-a5e8e5caa2a3"
"Trator Agrícola","NEW HOLLAND","TT4.75","6","019570fc-0046-7a7e-9537-5270ed100c7e","019570fb-3277-7028-89c4-ca09f6983b17","01957100-b0e0-739a-81ca-8dae4138774d"
"Trator Agrícola","NEW HOLLAND","TT4.80","5","019570fc-0046-7a7e-9537-5270ed100c7e","019570fb-3277-7028-89c4-ca09f6983b17","019ea8fc-2bf1-7b50-88ab-be84416266e3"
"Trator Agrícola","NEW HOLLAND","TT4.90","5","019570fc-0046-7a7e-9537-5270ed100c7e","019570fb-3277-7028-89c4-ca09f6983b17","0198f65c-86c2-73f0-94e3-075d8ebcc2e8"
"Trator Agrícola","NEW HOLLAND","TT55F","5","019570fc-0046-7a7e-9537-5270ed100c7e","019570fb-3277-7028-89c4-ca09f6983b17","0195b3ba-39a6-74d5-b4f1-88ba052ff5bb"
"Trator Agrícola","NEW HOLLAND","TT65F","5","019570fc-0046-7a7e-9537-5270ed100c7e","019570fb-3277-7028-89c4-ca09f6983b17","0195b3ba-39a6-7e49-b320-28afe81a1e43"
"Trator Agrícola","NEW HOLLAND","TT75F","5","019570fc-0046-7a7e-9537-5270ed100c7e","019570fb-3277-7028-89c4-ca09f6983b17","01957100-b0e0-7d2a-84d0-669ab69b61f7"
"Trator Agrícola","VALTRA","1280","4","019570fc-0046-7a7e-9537-5270ed100c7e","019570fb-3277-7051-b46d-e3f1b3f31d86","0196f443-bf7d-74f4-b9d2-eb1f88ce1455"
"Trator Agrícola","VALTRA","1380 S","4","019570fc-0046-7a7e-9537-5270ed100c7e","019570fb-3277-7051-b46d-e3f1b3f31d86","0196f443-bf81-78eb-a8d0-b5dec6c92d02"
"Trator Agrícola","VALTRA","1780","4","019570fc-0046-7a7e-9537-5270ed100c7e","019570fb-3277-7051-b46d-e3f1b3f31d86","0196f443-bf7d-7bd7-bac1-053e4c3989c4"
"Trator Agrícola","VALTRA","585","5","019570fc-0046-7a7e-9537-5270ed100c7e","019570fb-3277-7051-b46d-e3f1b3f31d86","0196f443-bf7b-7886-843b-7ab8e17028e6"
"Trator Agrícola","VALTRA","685","5","019570fc-0046-7a7e-9537-5270ed100c7e","019570fb-3277-7051-b46d-e3f1b3f31d86","0196f443-bf7c-72e2-aa09-37daff951cec"
"Trator Agrícola","VALTRA","785","5","019570fc-0046-7a7e-9537-5270ed100c7e","019570fb-3277-7051-b46d-e3f1b3f31d86","0196f443-bf7c-71bc-82da-eb776308d068"
"Trator Agrícola","VALTRA","800","4","019570fc-0046-7a7e-9537-5270ed100c7e","019570fb-3277-7051-b46d-e3f1b3f31d86","0196f443-bf7c-75dc-a4a7-ad916d53663f"
"Trator Agrícola","VALTRA","885","4","019570fc-0046-7a7e-9537-5270ed100c7e","019570fb-3277-7051-b46d-e3f1b3f31d86","01957100-b0e0-77b0-8710-4b0047a123d2"
"Trator Agrícola","VALTRA","985","4","019570fc-0046-7a7e-9537-5270ed100c7e","019570fb-3277-7051-b46d-e3f1b3f31d86","01957100-b0e0-7570-a168-32f7e5dec48c"
"Trator Agrícola","VALTRA","A104","7","019570fc-0046-7a7e-9537-5270ed100c7e","019570fb-3277-7051-b46d-e3f1b3f31d86","01957100-b0e0-7303-a2e7-46ff728f4eb9"
"Trator Agrícola","VALTRA","A105","5","019570fc-0046-7a7e-9537-5270ed100c7e","019570fb-3277-7051-b46d-e3f1b3f31d86","019f135e-7e8d-71ba-9f2e-8ad3a6ed0354"
"Trator Agrícola","VALTRA","A114","7","019570fc-0046-7a7e-9537-5270ed100c7e","019570fb-3277-7051-b46d-e3f1b3f31d86","01957100-b0e0-7494-9166-38599682a455"
"Trator Agrícola","VALTRA","A114LP","4","019570fc-0046-7a7e-9537-5270ed100c7e","019570fb-3277-7051-b46d-e3f1b3f31d86","0198b3dc-f8e7-776f-a627-9760e62b0111"
"Trator Agrícola","VALTRA","A115","5","019570fc-0046-7a7e-9537-5270ed100c7e","019570fb-3277-7051-b46d-e3f1b3f31d86","019f135e-ff60-7953-aa35-168430e46b30"
"Trator Agrícola","VALTRA","A124","7","019570fc-0046-7a7e-9537-5270ed100c7e","019570fb-3277-7051-b46d-e3f1b3f31d86","019aa853-b89f-7a5f-ac3f-6a5b3329a727"
"Trator Agrícola","VALTRA","A124H","5","019570fc-0046-7a7e-9537-5270ed100c7e","019570fb-3277-7051-b46d-e3f1b3f31d86","0196f443-bf8b-740e-b583-5c2eeaf84201"
"Trator Agrícola","VALTRA","A124LC","4","019570fc-0046-7a7e-9537-5270ed100c7e","019570fb-3277-7051-b46d-e3f1b3f31d86","0198b3de-21fd-7ee6-8830-c3d2b111a237"
"Trator Agrícola","VALTRA","A124LP","4","019570fc-0046-7a7e-9537-5270ed100c7e","019570fb-3277-7051-b46d-e3f1b3f31d86","01957100-b0e0-78f0-bbbb-ef9692830291"
"Trator Agrícola","VALTRA","A125","5","019570fc-0046-7a7e-9537-5270ed100c7e","019570fb-3277-7051-b46d-e3f1b3f31d86","019f135f-618e-7010-961a-cb2b6eb4c9c6"
"Trator Agrícola","VALTRA","A125H","5","019570fc-0046-7a7e-9537-5270ed100c7e","019570fb-3277-7051-b46d-e3f1b3f31d86","019f135f-afeb-71f9-8709-3b3598d2cd7c"
"Trator Agrícola","VALTRA","A134","7","019570fc-0046-7a7e-9537-5270ed100c7e","019570fb-3277-7051-b46d-e3f1b3f31d86","019aa864-cbe1-7863-8141-576a4ffb272c"
"Trator Agrícola","VALTRA","A134H","5","019570fc-0046-7a7e-9537-5270ed100c7e","019570fb-3277-7051-b46d-e3f1b3f31d86","01957100-b0e0-77d6-b52b-4956f9531fcf"
"Trator Agrícola","VALTRA","A135","5","019570fc-0046-7a7e-9537-5270ed100c7e","019570fb-3277-7051-b46d-e3f1b3f31d86","019f1465-1aef-7812-8eff-27aa04a1cd47"
"Trator Agrícola","VALTRA","A135H","5","019570fc-0046-7a7e-9537-5270ed100c7e","019570fb-3277-7051-b46d-e3f1b3f31d86","019f1465-4d88-7a29-9bc7-962caa818aeb"
"Trator Agrícola","VALTRA","A144","5","019570fc-0046-7a7e-9537-5270ed100c7e","019570fb-3277-7051-b46d-e3f1b3f31d86","019aa86b-4639-79bb-a966-8e29d9e0b514"
"Trator Agrícola","VALTRA","A144H","5","019570fc-0046-7a7e-9537-5270ed100c7e","019570fb-3277-7051-b46d-e3f1b3f31d86","0198b3df-3429-7848-9ed3-97d8adf8dea8"
"Trator Agrícola","VALTRA","A144L","4","019570fc-0046-7a7e-9537-5270ed100c7e","019570fb-3277-7051-b46d-e3f1b3f31d86","0198b391-b592-7fa1-af3c-dd95f400b686"
"Trator Agrícola","VALTRA","A144LC","4","019570fc-0046-7a7e-9537-5270ed100c7e","019570fb-3277-7051-b46d-e3f1b3f31d86","0195b3ba-39a6-78d5-962d-cb7f746800d8"
"Trator Agrícola","VALTRA","A145","5","019570fc-0046-7a7e-9537-5270ed100c7e","019570fb-3277-7051-b46d-e3f1b3f31d86","019f1372-a868-7c0b-99d0-22c4b076b7c8"
"Trator Agrícola","VALTRA","A145H","5","019570fc-0046-7a7e-9537-5270ed100c7e","019570fb-3277-7051-b46d-e3f1b3f31d86","019f1372-d10a-7180-9329-add7593b4408"
"Trator Agrícola","VALTRA","A52s","5","019570fc-0046-7a7e-9537-5270ed100c7e","019570fb-3277-7051-b46d-e3f1b3f31d86","019a99e1-3cbe-7d8c-9d2a-4965ab082778"
"Trator Agrícola","VALTRA","A550","4","019570fc-0046-7a7e-9537-5270ed100c7e","019570fb-3277-7051-b46d-e3f1b3f31d86","01957100-b0e0-70e4-b45b-e3213489e0a6"
"Trator Agrícola","VALTRA","A62s","5","019570fc-0046-7a7e-9537-5270ed100c7e","019570fb-3277-7051-b46d-e3f1b3f31d86","01991010-8ccf-70e3-9e77-76a2f25810ed"
"Trator Agrícola","VALTRA","A63F","6","019570fc-0046-7a7e-9537-5270ed100c7e","019570fb-3277-7051-b46d-e3f1b3f31d86","0195b3ba-39a6-73f4-9cd4-6d2203d8dea3"
"Trator Agrícola","VALTRA","A73F","5","019570fc-0046-7a7e-9537-5270ed100c7e","019570fb-3277-7051-b46d-e3f1b3f31d86","0195b3ba-39a6-75fd-9643-aa5043998dd7"
"Trator Agrícola","VALTRA","A74","4","019570fc-0046-7a7e-9537-5270ed100c7e","019570fb-3277-7051-b46d-e3f1b3f31d86","01957100-b0e0-7153-9546-17d293632d46"
"Trator Agrícola","VALTRA","A74s","7","019570fc-0046-7a7e-9537-5270ed100c7e","019570fb-3277-7051-b46d-e3f1b3f31d86","019a99fc-5f83-72f0-98a6-3f8cbe81bf8f"
"Trator Agrícola","VALTRA","A74SC","3","019570fc-0046-7a7e-9537-5270ed100c7e","019570fb-3277-7051-b46d-e3f1b3f31d86","0198b3dc-3e96-7e1b-9e71-37db432c3533"
"Trator Agrícola","VALTRA","A750","8","019570fc-0046-7a7e-9537-5270ed100c7e","019570fb-3277-7051-b46d-e3f1b3f31d86","01957100-b0e0-730e-a23e-4ab9109568c7"
"Trator Agrícola","VALTRA","A83F","6","019570fc-0046-7a7e-9537-5270ed100c7e","019570fb-3277-7051-b46d-e3f1b3f31d86","019a99f3-a1d4-783e-939a-15b1394fcc29"
"Trator Agrícola","VALTRA","A84","4","019570fc-0046-7a7e-9537-5270ed100c7e","019570fb-3277-7051-b46d-e3f1b3f31d86","0196f443-bf8b-7538-b432-c1f420005820"
"Trator Agrícola","VALTRA","A84s","7","019570fc-0046-7a7e-9537-5270ed100c7e","019570fb-3277-7051-b46d-e3f1b3f31d86","019a9a01-022e-763a-a8a7-039cbbe2421c"
"Trator Agrícola","VALTRA","A850F","5","019570fc-0046-7a7e-9537-5270ed100c7e","019570fb-3277-7051-b46d-e3f1b3f31d86","0195b3ba-39a6-7ac3-a7df-c747c64b1c28"
"Trator Agrícola","VALTRA","A93F","6","019570fc-0046-7a7e-9537-5270ed100c7e","019570fb-3277-7051-b46d-e3f1b3f31d86","019a99f4-283b-7f31-a881-aec8455c7819"
"Trator Agrícola","VALTRA","A94","7","019570fc-0046-7a7e-9537-5270ed100c7e","019570fb-3277-7051-b46d-e3f1b3f31d86","0195b3ba-39a6-7bf2-9a02-afd41dc3fded"
"Trator Agrícola","VALTRA","A94S","7","019570fc-0046-7a7e-9537-5270ed100c7e","019570fb-3277-7051-b46d-e3f1b3f31d86","0196f443-bf8b-7c5e-860e-7cb51b995f02"
"Trator Agrícola","VALTRA","BF75","5","019570fc-0046-7a7e-9537-5270ed100c7e","019570fb-3277-7051-b46d-e3f1b3f31d86","01957100-b0e0-7a9a-9ae5-d979dd62b00f"
"Trator Agrícola","VALTRA","BH140","5","019570fc-0046-7a7e-9537-5270ed100c7e","019570fb-3277-7051-b46d-e3f1b3f31d86","0196f443-bf8d-73ba-abe6-b9051dd7706f"
"Trator Agrícola","VALTRA","BH144","7","019570fc-0046-7a7e-9537-5270ed100c7e","019570fb-3277-7051-b46d-e3f1b3f31d86","019effbf-2ae4-79ff-8808-870035401abe"
"Trator Agrícola","VALTRA","BH145","6","019570fc-0046-7a7e-9537-5270ed100c7e","019570fb-3277-7051-b46d-e3f1b3f31d86","01957100-b0e0-78c8-b32f-0074cd22c4d0"
"Trator Agrícola","VALTRA","BH154","6","019570fc-0046-7a7e-9537-5270ed100c7e","019570fb-3277-7051-b46d-e3f1b3f31d86","019aa883-33e8-712e-a09b-814ecfefbc33"
"Trator Agrícola","VALTRA","BH154H","7","019570fc-0046-7a7e-9537-5270ed100c7e","019570fb-3277-7051-b46d-e3f1b3f31d86","019aa8a8-b5d5-7308-ae8a-ddff35ba0db5"
"Trator Agrícola","VALTRA","BH160","6","019570fc-0046-7a7e-9537-5270ed100c7e","019570fb-3277-7051-b46d-e3f1b3f31d86","01957100-b0e0-78cc-896e-671178ab9800"
"Trator Agrícola","VALTRA","BH165","7","019570fc-0046-7a7e-9537-5270ed100c7e","019570fb-3277-7051-b46d-e3f1b3f31d86","01957100-b0e0-7144-b195-d1b048c9251e"
"Trator Agrícola","VALTRA","BH174","7","019570fc-0046-7a7e-9537-5270ed100c7e","019570fb-3277-7051-b46d-e3f1b3f31d86","0195b3ba-39a6-7323-9eff-65935113a9fe"
"Trator Agrícola","VALTRA","BH174H","6","019570fc-0046-7a7e-9537-5270ed100c7e","019570fb-3277-7051-b46d-e3f1b3f31d86","019aa8bb-0e49-7203-930c-70311158ee7e"
"Trator Agrícola","VALTRA","BH180","7","019570fc-0046-7a7e-9537-5270ed100c7e","019570fb-3277-7051-b46d-e3f1b3f31d86","01957100-b0e0-7211-9785-c47575af390e"
"Trator Agrícola","VALTRA","BH184","6","019570fc-0046-7a7e-9537-5270ed100c7e","019570fb-3277-7051-b46d-e3f1b3f31d86","0195b3ba-39a6-729e-bc2a-9ea948e5ef39"
"Trator Agrícola","VALTRA","BH184H","5","019570fc-0046-7a7e-9537-5270ed100c7e","019570fb-3277-7051-b46d-e3f1b3f31d86","019aa8c1-2c89-7d45-adc8-ce9f559898b9"
"Trator Agrícola","VALTRA","BH185i","8","019570fc-0046-7a7e-9537-5270ed100c7e","019570fb-3277-7051-b46d-e3f1b3f31d86","01957100-b0e0-7aa8-b961-2edc9f646022"
"Trator Agrícola","VALTRA","BH194","7","019570fc-0046-7a7e-9537-5270ed100c7e","019570fb-3277-7051-b46d-e3f1b3f31d86","01957100-b0e0-75d6-8812-5cec01287957"
"Trator Agrícola","VALTRA","BH194H","6","019570fc-0046-7a7e-9537-5270ed100c7e","019570fb-3277-7051-b46d-e3f1b3f31d86","0196f443-bf8d-7b52-a9ef-2f43fa23429f"
"Trator Agrícola","VALTRA","BH205i","6","019570fc-0046-7a7e-9537-5270ed100c7e","019570fb-3277-7051-b46d-e3f1b3f31d86","01957100-b0e0-7c6d-bfb8-2a214e566f04"
"Trator Agrícola","VALTRA","BH214","7","019570fc-0046-7a7e-9537-5270ed100c7e","019570fb-3277-7051-b46d-e3f1b3f31d86","019aa88c-71ba-7da8-b2f7-bed1f525227a"
"Trator Agrícola","VALTRA","BH214H","6","019570fc-0046-7a7e-9537-5270ed100c7e","019570fb-3277-7051-b46d-e3f1b3f31d86","019aa8c5-2ea6-7cc4-88a4-4513cbf2a33c"
"Trator Agrícola","VALTRA","BH224","7","019570fc-0046-7a7e-9537-5270ed100c7e","019570fb-3277-7051-b46d-e3f1b3f31d86","019aa88f-bf61-75cb-9c4c-a3fab38aa8a0"
"Trator Agrícola","VALTRA","BH224H","6","019570fc-0046-7a7e-9537-5270ed100c7e","019570fb-3277-7051-b46d-e3f1b3f31d86","01957100-b0e0-7598-9118-1d039c1c801b"
"Trator Agrícola","VALTRA","BL77","4","019570fc-0046-7a7e-9537-5270ed100c7e","019570fb-3277-7051-b46d-e3f1b3f31d86","01957100-b0e0-72e7-a0a5-1862accbf7f7"
"Trator Agrícola","VALTRA","BL88","4","019570fc-0046-7a7e-9537-5270ed100c7e","019570fb-3277-7051-b46d-e3f1b3f31d86","01957100-b0e0-775a-98a3-035101aa7d62"
"Trator Agrícola","VALTRA","BM100","5","019570fc-0046-7a7e-9537-5270ed100c7e","019570fb-3277-7051-b46d-e3f1b3f31d86","01957100-b0e0-7c98-bef1-6ce4cd694f8c"
"Trator Agrícola","VALTRA","BM110","6","019570fc-0046-7a7e-9537-5270ed100c7e","019570fb-3277-7051-b46d-e3f1b3f31d86","01957100-b0e0-75d8-bb05-03cc35e92854"
"Trator Agrícola","VALTRA","BM120","5","019570fc-0046-7a7e-9537-5270ed100c7e","019570fb-3277-7051-b46d-e3f1b3f31d86","01957100-b0e0-7004-b826-a0ef03e8a135"
"Trator Agrícola","VALTRA","BM125","5","019570fc-0046-7a7e-9537-5270ed100c7e","019570fb-3277-7051-b46d-e3f1b3f31d86","01957100-b0e0-78ca-85c7-52bdfbcbbcae"
"Trator Agrícola","VALTRA","BM85","5","019570fc-0046-7a7e-9537-5270ed100c7e","019570fb-3277-7051-b46d-e3f1b3f31d86","01957100-b0e0-7745-8e13-5ed4c2101cc7"
"Trator Agrícola","VALTRA","M165","5","019570fc-0046-7a7e-9537-5270ed100c7e","019570fb-3277-7051-b46d-e3f1b3f31d86","019f1373-538f-7ec0-919f-2a68fcfa5320"
"Trator Agrícola","VALTRA","M185","5","019570fc-0046-7a7e-9537-5270ed100c7e","019570fb-3277-7051-b46d-e3f1b3f31d86","019f1373-8146-75b0-8a95-c382ffa9cd4d"
"Trator Agrícola","VALTRA","M205","5","019570fc-0046-7a7e-9537-5270ed100c7e","019570fb-3277-7051-b46d-e3f1b3f31d86","019f1373-a8d0-77db-9f05-c9db69ea1361"
"Trator Agrícola","VALTRA","T120","4","019570fc-0046-7a7e-9537-5270ed100c7e","019570fb-3277-7051-b46d-e3f1b3f31d86","019a70a0-6626-7d1d-9330-06c2a971c059"
