"marca","modelo","total_manuais_admin","tem_manual_operador","tem_manual_servico_oficina","tem_catalogo_pecas","tem_manual_manutencao","tem_manual_eletrico_hidraulico","tem_ficha_tecnica_folheto","tem_treinamento_diagnostico","faltam_prioritarios","candidatos_parecidos","titulos_admin"
"NEW HOLLAND","T9.470 - COM LEVANTE","5","False","False","True","False","False","True","False","manual_operador; manual_servico_oficina","","CATALOGO DE PEÇAS E FILTROS PARA OS TRATORES NEW HOLLAND | ESPECIFICAÇÕES DOS TRATORES NEW HOLLAND T9.470 T9.520 T9.580 T9.615 T9.700 | FOLHETO DOS TRATORES NEW HOLLAND T9 | INSTRUÇÕES DE LUBRIFICAÇÃO PARA TRATORES NEW HOLLAND | LUZES DO PAINEL DOS TRATORES NEW HOLLAND"
"NEW HOLLAND","T9.470 - PIVOT","5","False","False","True","False","False","True","False","manual_operador; manual_servico_oficina","","CATALOGO DE PEÇAS E FILTROS PARA OS TRATORES NEW HOLLAND | ESPECIFICAÇÕES DOS TRATORES NEW HOLLAND T9.470 T9.520 T9.580 T9.615 T9.700 | FOLHETO DOS TRATORES NEW HOLLAND T9 | INSTRUÇÕES DE LUBRIFICAÇÃO PARA TRATORES NEW HOLLAND | LUZES DO PAINEL DOS TRATORES NEW HOLLAND"
"NEW HOLLAND","T9.480","5","True","False","True","False","False","True","False","manual_servico_oficina","","CATALOGO DE PEÇAS E FILTROS PARA OS TRATORES NEW HOLLAND | FOLHETO DOS TRATORES NEW HOLLAND T9 | INSTRUÇÕES DE LUBRIFICAÇÃO PARA TRATORES NEW HOLLAND | LUZES DO PAINEL DOS TRATORES NEW HOLLAND | MANUAL DO OPERADOR DOS TRATORES AGRICOLA T9.435 T9.480 T9.530 T9.565 T9.600 T9.645 T9.700"
"NEW HOLLAND","T9.520 - COM LEVANTE","5","False","False","True","False","False","True","False","manual_operador; manual_servico_oficina","","CATALOGO DE PEÇAS E FILTROS PARA OS TRATORES NEW HOLLAND | ESPECIFICAÇÕES DOS TRATORES NEW HOLLAND T9.470 T9.520 T9.580 T9.615 T9.700 | FOLHETO DOS TRATORES NEW HOLLAND T9 | INSTRUÇÕES DE LUBRIFICAÇÃO PARA TRATORES NEW HOLLAND | LUZES DO PAINEL DOS TRATORES NEW HOLLAND"
"NEW HOLLAND","T9.520 - PIVOT","5","False","False","True","False","False","True","False","manual_operador; manual_servico_oficina","","CATALOGO DE PEÇAS E FILTROS PARA OS TRATORES NEW HOLLAND | ESPECIFICAÇÕES DOS TRATORES NEW HOLLAND T9.470 T9.520 T9.580 T9.615 T9.700 | FOLHETO DOS TRATORES NEW HOLLAND T9 | INSTRUÇÕES DE LUBRIFICAÇÃO PARA TRATORES NEW HOLLAND | LUZES DO PAINEL DOS TRATORES NEW HOLLAND"
"NEW HOLLAND","T9.565","5","True","False","True","False","False","True","False","manual_servico_oficina","","CATALOGO DE PEÇAS E FILTROS PARA OS TRATORES NEW HOLLAND | ESPECIFICAÇÕES DOS TRATORES NEW HOLLAND T9 BX | INSTRUÇÕES DE LUBRIFICAÇÃO PARA TRATORES NEW HOLLAND | LUZES DO PAINEL DOS TRATORES NEW HOLLAND | MANUAL DO OPERADOR DOS TRATORES AGRICOLA T9.435 T9.480 T9.530 T9.565 T9.600 T9.645 T9.700"
"NEW HOLLAND","T9.580 - COM LEVANTE","5","False","False","True","False","False","True","False","manual_operador; manual_servico_oficina","","CATALOGO DE PEÇAS E FILTROS PARA OS TRATORES NEW HOLLAND | ESPECIFICAÇÕES DOS TRATORES NEW HOLLAND T9.470 T9.520 T9.580 T9.615 T9.700 | FOLHETO DOS TRATORES NEW HOLLAND T9 | INSTRUÇÕES DE LUBRIFICAÇÃO PARA TRATORES NEW HOLLAND | LUZES DO PAINEL DOS TRATORES NEW HOLLAND"
"NEW HOLLAND","T9.580 - PIVOT","5","False","False","True","False","False","True","False","manual_operador; manual_servico_oficina","","CATALOGO DE PEÇAS E FILTROS PARA OS TRATORES NEW HOLLAND | ESPECIFICAÇÕES DOS TRATORES NEW HOLLAND T9.470 T9.520 T9.580 T9.615 T9.700 | FOLHETO DOS TRATORES NEW HOLLAND T9 | INSTRUÇÕES DE LUBRIFICAÇÃO PARA TRATORES NEW HOLLAND | LUZES DO PAINEL DOS TRATORES NEW HOLLAND"
"NEW HOLLAND","T9.615 - COM LEVANTE","6","True","False","True","False","False","True","False","manual_servico_oficina","","CATALOGO DE PEÇAS E FILTROS PARA OS TRATORES NEW HOLLAND | ESPECIFICAÇÕES DOS TRATORES NEW HOLLAND T9.470 T9.520 T9.580 T9.615 T9.700 | FOLHETO DOS TRATORES NEW HOLLAND T9 | INSTRUÇÕES DE LUBRIFICAÇÃO PARA TRATORES NEW HOLLAND | LUZES DO PAINEL DOS TRATORES NEW HOLLAND | MANUAL DO OPERADOR DOS TRATORES AGRICOLA T9.390 T9.450 T9.505 T9.560 T9.615 T9.670 EM INGLES"
"NEW HOLLAND","T9.615 - PIVOT","6","True","False","True","False","False","True","False","manual_servico_oficina","","CATALOGO DE PEÇAS E FILTROS PARA OS TRATORES NEW HOLLAND | ESPECIFICAÇÕES DOS TRATORES NEW HOLLAND T9.470 T9.520 T9.580 T9.615 T9.700 | FOLHETO DOS TRATORES NEW HOLLAND T9 | INSTRUÇÕES DE LUBRIFICAÇÃO PARA TRATORES NEW HOLLAND | LUZES DO PAINEL DOS TRATORES NEW HOLLAND | MANUAL DO OPERADOR DOS TRATORES AGRICOLA T9.390 T9.450 T9.505 T9.560 T9.615 T9.670 EM INGLES"
"NEW HOLLAND","T9.700 - PIVOT","8","True","False","True","False","False","True","False","manual_servico_oficina","","CATALOGO DE PEÇAS E FILTROS PARA OS TRATORES NEW HOLLAND | ESPECIFICAÇÕES DOS TRATORES NEW HOLLAND T9.470 T9.520 T9.580 T9.615 T9.700 | FICHA TÉCNICA TRATOR NEW HOLLAND T9.700 | FOLHETO DOS TRATORES NEW HOLLAND T9 | INSTRUÇÕES DE LUBRIFICAÇÃO PARA TRATORES NEW HOLLAND | LUZES DO PAINEL DOS TRATORES NEW HOLLAND | MANUAL DO OPERADOR DOS TRATORES AGRICOLA T9.390 T9.450 T9.505 T9.560 T9.615 T9.670 EM INGLES | MANUAL DO OPERADOR DOS TRATORES AGRICOLA T9.435 T9.480 T9.530 T9.565 T9.600 T9.645 T9.700"
"NEW HOLLAND","TL100","5","False","False","True","False","False","False","False","manual_operador; manual_servico_oficina","","CATÁLOGO DE PEÇAS DO TRATOR NEW HOLLAND T3-T8, TD, TL, E TV TRACTOR SERIES EM INGLES | CATALOGO DE PEÇAS E FILTROS PARA OS TRATORES NEW HOLLAND | INSTRUÇÕES DE LUBRIFICAÇÃO PARA TRATORES NEW HOLLAND | LUZES DO PAINEL DOS TRATORES NEW HOLLAND | SISTEMA DE DIREÇÃO DOS TRATORES NEW HOLLAND - TT-TL-TT4-T4-T3-T5S-S30-T6"
"NEW HOLLAND","TL5.100","7","True","False","True","False","False","True","False","manual_servico_oficina","","CATÁLOGO DE PEÇAS DO TRATOR NEW HOLLAND T3-T8, TD, TL, E TV TRACTOR SERIES EM INGLES | CATALOGO DE PEÇAS E FILTROS PARA OS TRATORES NEW HOLLAND | FICHA TÉCNICA TRATOR NEW HOLLAND TL5 | INSTRUÇÕES DE LUBRIFICAÇÃO PARA TRATORES NEW HOLLAND | LUZES DO PAINEL DOS TRATORES NEW HOLLAND | MANUAL DO OPERADOR DOS TRATORES NEW HOLLAND TL5 EM ESPANHOL | SISTEMA DE DIREÇÃO DOS TRATORES NEW HOLLAND - TT-TL-TT4-T4-T3-T5S-S30-T6"
"NEW HOLLAND","TL5.80","7","True","False","True","False","False","True","False","manual_servico_oficina","","CATÁLOGO DE PEÇAS DO TRATOR NEW HOLLAND T3-T8, TD, TL, E TV TRACTOR SERIES EM INGLES | CATALOGO DE PEÇAS E FILTROS PARA OS TRATORES NEW HOLLAND | FICHA TÉCNICA TRATOR NEW HOLLAND TL5 | INSTRUÇÕES DE LUBRIFICAÇÃO PARA TRATORES NEW HOLLAND | LUZES DO PAINEL DOS TRATORES NEW HOLLAND | MANUAL DO OPERADOR DOS TRATORES NEW HOLLAND TL5 EM ESPANHOL | SISTEMA DE DIREÇÃO DOS TRATORES NEW HOLLAND - TT-TL-TT4-T4-T3-T5S-S30-T6"
"NEW HOLLAND","TL5.90","7","True","False","True","False","False","True","False","manual_servico_oficina","","CATÁLOGO DE PEÇAS DO TRATOR NEW HOLLAND T3-T8, TD, TL, E TV TRACTOR SERIES EM INGLES | CATALOGO DE PEÇAS E FILTROS PARA OS TRATORES NEW HOLLAND | FICHA TÉCNICA TRATOR NEW HOLLAND TL5 | INSTRUÇÕES DE LUBRIFICAÇÃO PARA TRATORES NEW HOLLAND | LUZES DO PAINEL DOS TRATORES NEW HOLLAND | MANUAL DO OPERADOR DOS TRATORES NEW HOLLAND TL5 EM ESPANHOL | SISTEMA DE DIREÇÃO DOS TRATORES NEW HOLLAND - TT-TL-TT4-T4-T3-T5S-S30-T6"
"NEW HOLLAND","TL60E","8","True","False","True","False","False","True","False","manual_servico_oficina","","CATÁLOGO DE PEÇAS DO TRATOR NEW HOLLAND T3-T8, TD, TL, E TV TRACTOR SERIES EM INGLES | CATALOGO DE PEÇAS E FILTROS PARA OS TRATORES NEW HOLLAND | FICHA TÉCNICA TRATOR NEW HOLLAND TL | INSTRUÇÕES DE LUBRIFICAÇÃO PARA TRATORES NEW HOLLAND | LUZES DO PAINEL DOS TRATORES NEW HOLLAND | MANUAL DO OPERADOR DOS TRATORES NEW HOLLAND TL E TLE | MANUAL DO OPERADOR TRATORES NEW HOLLAND MODELO TL 60 TL 75 TL 85 E TL 90 | SISTEMA DE DIREÇÃO DOS TRATORES NEW HOLLAND - TT-TL-TT4-T4-T3-T5S-S30-T6"
"NEW HOLLAND","TL65","6","True","False","True","False","False","False","False","manual_servico_oficina","","CATÁLOGO DE PEÇAS DO TRATOR NEW HOLLAND T3-T8, TD, TL, E TV TRACTOR SERIES EM INGLES | CATALOGO DE PEÇAS E FILTROS PARA OS TRATORES NEW HOLLAND | INSTRUÇÕES DE LUBRIFICAÇÃO PARA TRATORES NEW HOLLAND | LUZES DO PAINEL DOS TRATORES NEW HOLLAND | MANUAL DO OPERADOR DOS TRATORES NEW HOLLAND TL E TLE | SISTEMA DE DIREÇÃO DOS TRATORES NEW HOLLAND - TT-TL-TT4-T4-T3-T5S-S30-T6"
"NEW HOLLAND","TL70","5","False","False","True","False","False","False","False","manual_operador; manual_servico_oficina","","CATÁLOGO DE PEÇAS DO TRATOR NEW HOLLAND T3-T8, TD, TL, E TV TRACTOR SERIES EM INGLES | CATALOGO DE PEÇAS E FILTROS PARA OS TRATORES NEW HOLLAND | INSTRUÇÕES DE LUBRIFICAÇÃO PARA TRATORES NEW HOLLAND | LUZES DO PAINEL DOS TRATORES NEW HOLLAND | SISTEMA DE DIREÇÃO DOS TRATORES NEW HOLLAND - TT-TL-TT4-T4-T3-T5S-S30-T6"
"NEW HOLLAND","TL75","7","True","False","True","False","False","False","False","manual_servico_oficina","","CATÁLOGO DE PEÇAS DO TRATOR NEW HOLLAND T3-T8, TD, TL, E TV TRACTOR SERIES EM INGLES | CATALOGO DE PEÇAS E FILTROS PARA OS TRATORES NEW HOLLAND | INSTRUÇÕES DE LUBRIFICAÇÃO PARA TRATORES NEW HOLLAND | LUZES DO PAINEL DOS TRATORES NEW HOLLAND | MANUAL DO OPERADOR DOS TRATORES NEW HOLLAND TL E TLE | MANUAL DO OPERADOR TRATORES NEW HOLLAND MODELO TL 60 TL 75 TL 85 E TL 90 | SISTEMA DE DIREÇÃO DOS TRATORES NEW HOLLAND - TT-TL-TT4-T4-T3-T5S-S30-T6"
"NEW HOLLAND","TL75E","7","True","False","True","False","False","True","False","manual_servico_oficina","","CATÁLOGO DE PEÇAS DO TRATOR NEW HOLLAND T3-T8, TD, TL, E TV TRACTOR SERIES EM INGLES | CATALOGO DE PEÇAS E FILTROS PARA OS TRATORES NEW HOLLAND | FICHA TÉCNICA TRATOR NEW HOLLAND TL | INSTRUÇÕES DE LUBRIFICAÇÃO PARA TRATORES NEW HOLLAND | LUZES DO PAINEL DOS TRATORES NEW HOLLAND | MANUAL DO OPERADOR DOS TRATORES NEW HOLLAND TL E TLE | SISTEMA DE DIREÇÃO DOS TRATORES NEW HOLLAND - TT-TL-TT4-T4-T3-T5S-S30-T6"
"NEW HOLLAND","TL80","5","False","False","True","False","False","False","False","manual_operador; manual_servico_oficina","","CATÁLOGO DE PEÇAS DO TRATOR NEW HOLLAND T3-T8, TD, TL, E TV TRACTOR SERIES EM INGLES | CATALOGO DE PEÇAS E FILTROS PARA OS TRATORES NEW HOLLAND | INSTRUÇÕES DE LUBRIFICAÇÃO PARA TRATORES NEW HOLLAND | LUZES DO PAINEL DOS TRATORES NEW HOLLAND | SISTEMA DE DIREÇÃO DOS TRATORES NEW HOLLAND - TT-TL-TT4-T4-T3-T5S-S30-T6"
"NEW HOLLAND","TL85","7","True","False","True","False","False","False","False","manual_servico_oficina","","CATÁLOGO DE PEÇAS DO TRATOR NEW HOLLAND T3-T8, TD, TL, E TV TRACTOR SERIES EM INGLES | CATALOGO DE PEÇAS E FILTROS PARA OS TRATORES NEW HOLLAND | INSTRUÇÕES DE LUBRIFICAÇÃO PARA TRATORES NEW HOLLAND | LUZES DO PAINEL DOS TRATORES NEW HOLLAND | MANUAL DO OPERADOR DOS TRATORES NEW HOLLAND TL E TLE | MANUAL DO OPERADOR TRATORES NEW HOLLAND MODELO TL 60 TL 75 TL 85 E TL 90 | SISTEMA DE DIREÇÃO DOS TRATORES NEW HOLLAND - TT-TL-TT4-T4-T3-T5S-S30-T6"
"NEW HOLLAND","TL85E","7","True","False","True","False","False","True","False","manual_servico_oficina","","CATÁLOGO DE PEÇAS DO TRATOR NEW HOLLAND T3-T8, TD, TL, E TV TRACTOR SERIES EM INGLES | CATALOGO DE PEÇAS E FILTROS PARA OS TRATORES NEW HOLLAND | FICHA TÉCNICA TRATOR NEW HOLLAND TL | INSTRUÇÕES DE LUBRIFICAÇÃO PARA TRATORES NEW HOLLAND | LUZES DO PAINEL DOS TRATORES NEW HOLLAND | MANUAL DO OPERADOR DOS TRATORES NEW HOLLAND TL E TLE | SISTEMA DE DIREÇÃO DOS TRATORES NEW HOLLAND - TT-TL-TT4-T4-T3-T5S-S30-T6"
"NEW HOLLAND","TL90","6","True","False","True","False","False","False","False","manual_servico_oficina","","CATÁLOGO DE PEÇAS DO TRATOR NEW HOLLAND T3-T8, TD, TL, E TV TRACTOR SERIES EM INGLES | CATALOGO DE PEÇAS E FILTROS PARA OS TRATORES NEW HOLLAND | INSTRUÇÕES DE LUBRIFICAÇÃO PARA TRATORES NEW HOLLAND | LUZES DO PAINEL DOS TRATORES NEW HOLLAND | MANUAL DO OPERADOR TRATORES NEW HOLLAND MODELO TL 60 TL 75 TL 85 E TL 90 | SISTEMA DE DIREÇÃO DOS TRATORES NEW HOLLAND - TT-TL-TT4-T4-T3-T5S-S30-T6"
"NEW HOLLAND","TL95","6","True","False","True","False","False","False","False","manual_servico_oficina","","CATÁLOGO DE PEÇAS DO TRATOR NEW HOLLAND T3-T8, TD, TL, E TV TRACTOR SERIES EM INGLES | CATALOGO DE PEÇAS E FILTROS PARA OS TRATORES NEW HOLLAND | INSTRUÇÕES DE LUBRIFICAÇÃO PARA TRATORES NEW HOLLAND | LUZES DO PAINEL DOS TRATORES NEW HOLLAND | MANUAL DO OPERADOR DOS TRATORES NEW HOLLAND TL E TLE | SISTEMA DE DIREÇÃO DOS TRATORES NEW HOLLAND - TT-TL-TT4-T4-T3-T5S-S30-T6"
"NEW HOLLAND","TL95E","7","True","False","True","False","False","True","False","manual_servico_oficina","","CATÁLOGO DE PEÇAS DO TRATOR NEW HOLLAND T3-T8, TD, TL, E TV TRACTOR SERIES EM INGLES | CATALOGO DE PEÇAS E FILTROS PARA OS TRATORES NEW HOLLAND | FICHA TÉCNICA TRATOR NEW HOLLAND TL | INSTRUÇÕES DE LUBRIFICAÇÃO PARA TRATORES NEW HOLLAND | LUZES DO PAINEL DOS TRATORES NEW HOLLAND | MANUAL DO OPERADOR DOS TRATORES NEW HOLLAND TL E TLE | SISTEMA DE DIREÇÃO DOS TRATORES NEW HOLLAND - TT-TL-TT4-T4-T3-T5S-S30-T6"
"NEW HOLLAND","TK4.80N","0","False","False","False","False","False","False","False","manual_operador; manual_servico_oficina; catalogo_pecas","TK4.80",""
"NEW HOLLAND","TM120","3","False","False","True","False","False","False","False","manual_operador; manual_servico_oficina","","CATALOGO DE PEÇAS E FILTROS PARA OS TRATORES NEW HOLLAND | INSTRUÇÕES DE LUBRIFICAÇÃO PARA TRATORES NEW HOLLAND | LUZES DO PAINEL DOS TRATORES NEW HOLLAND"
"NEW HOLLAND","TM135","4","False","False","True","False","False","True","False","manual_operador; manual_servico_oficina","","CATALOGO DE PEÇAS E FILTROS PARA OS TRATORES NEW HOLLAND | ESPECIFICAÇÕES DOS TRATORES AGRICOLAS TM135 TM135E TM150 TM150E TM165 TM180 | INSTRUÇÕES DE LUBRIFICAÇÃO PARA TRATORES NEW HOLLAND | LUZES DO PAINEL DOS TRATORES NEW HOLLAND"
"NEW HOLLAND","TM140","3","False","False","True","False","False","False","False","manual_operador; manual_servico_oficina","","CATALOGO DE PEÇAS E FILTROS PARA OS TRATORES NEW HOLLAND | INSTRUÇÕES DE LUBRIFICAÇÃO PARA TRATORES NEW HOLLAND | LUZES DO PAINEL DOS TRATORES NEW HOLLAND"
"NEW HOLLAND","TM150","4","False","False","True","False","False","True","False","manual_operador; manual_servico_oficina","","CATALOGO DE PEÇAS E FILTROS PARA OS TRATORES NEW HOLLAND | ESPECIFICAÇÕES DOS TRATORES AGRICOLAS TM135 TM135E TM150 TM150E TM165 TM180 | INSTRUÇÕES DE LUBRIFICAÇÃO PARA TRATORES NEW HOLLAND | LUZES DO PAINEL DOS TRATORES NEW HOLLAND"
"NEW HOLLAND","TM165","4","False","False","True","False","False","True","False","manual_operador; manual_servico_oficina","","CATALOGO DE PEÇAS E FILTROS PARA OS TRATORES NEW HOLLAND | ESPECIFICAÇÕES DOS TRATORES AGRICOLAS TM135 TM135E TM150 TM150E TM165 TM180 | INSTRUÇÕES DE LUBRIFICAÇÃO PARA TRATORES NEW HOLLAND | LUZES DO PAINEL DOS TRATORES NEW HOLLAND"
"NEW HOLLAND","TM7010","5","False","False","True","False","False","True","False","manual_operador; manual_servico_oficina","","CATALOGO DE PEÇAS E FILTROS PARA OS TRATORES NEW HOLLAND | FOLHETO E ESPECIFICAÇÕES DOS TRATORES TM | INSTRUÇÕES DE LUBRIFICAÇÃO PARA TRATORES NEW HOLLAND | LUZES DO PAINEL DOS TRATORES NEW HOLLAND | MANUAL DE REPARAÇÕES TRATOR NEW HOLLAND - TM 7010 -7020 -7030 - 7040 -"
"NEW HOLLAND","TM.7020","5","False","False","True","False","False","True","False","manual_operador; manual_servico_oficina","","CATALOGO DE PEÇAS E FILTROS PARA OS TRATORES NEW HOLLAND | FOLHETO E ESPECIFICAÇÕES DOS TRATORES TM | INSTRUÇÕES DE LUBRIFICAÇÃO PARA TRATORES NEW HOLLAND | LUZES DO PAINEL DOS TRATORES NEW HOLLAND | MANUAL DE REPARAÇÕES TRATOR NEW HOLLAND - TM 7010 -7020 -7030 - 7040 -"
"NEW HOLLAND","TM.7040","5","False","False","True","False","False","True","False","manual_operador; manual_servico_oficina","","CATALOGO DE PEÇAS E FILTROS PARA OS TRATORES NEW HOLLAND | FOLHETO E ESPECIFICAÇÕES DOS TRATORES TM | INSTRUÇÕES DE LUBRIFICAÇÃO PARA TRATORES NEW HOLLAND | LUZES DO PAINEL DOS TRATORES NEW HOLLAND | MANUAL DE REPARAÇÕES TRATOR NEW HOLLAND - TM 7010 -7020 -7030 - 7040 -"
"NEW HOLLAND","TS100","4","False","False","True","False","False","False","False","manual_operador; manual_servico_oficina","","CATALOGO DE PEÇAS E FILTROS PARA OS TRATORES NEW HOLLAND | INSTRUÇÕES DE LUBRIFICAÇÃO PARA TRATORES NEW HOLLAND | LUZES DO PAINEL DOS TRATORES NEW HOLLAND | MANUAL DO TRATOR NEW HOLLAND TS90, TS100, TS110, TS120"
"NEW HOLLAND","TS110","4","False","False","True","False","False","False","False","manual_operador; manual_servico_oficina","","CATALOGO DE PEÇAS E FILTROS PARA OS TRATORES NEW HOLLAND | INSTRUÇÕES DE LUBRIFICAÇÃO PARA TRATORES NEW HOLLAND | LUZES DO PAINEL DOS TRATORES NEW HOLLAND | MANUAL DO TRATOR NEW HOLLAND TS90, TS100, TS110, TS120"
"NEW HOLLAND","TS120","4","False","False","True","False","False","False","False","manual_operador; manual_servico_oficina","","CATALOGO DE PEÇAS E FILTROS PARA OS TRATORES NEW HOLLAND | INSTRUÇÕES DE LUBRIFICAÇÃO PARA TRATORES NEW HOLLAND | LUZES DO PAINEL DOS TRATORES NEW HOLLAND | MANUAL DO TRATOR NEW HOLLAND TS90, TS100, TS110, TS120"
"NEW HOLLAND","TS6020","3","False","False","True","False","False","False","False","manual_operador; manual_servico_oficina","","CATALOGO DE PEÇAS E FILTROS PARA OS TRATORES NEW HOLLAND | INSTRUÇÕES DE LUBRIFICAÇÃO PARA TRATORES NEW HOLLAND | LUZES DO PAINEL DOS TRATORES NEW HOLLAND"
"NEW HOLLAND","TS6040","3","False","False","True","False","False","False","False","manual_operador; manual_servico_oficina","","CATALOGO DE PEÇAS E FILTROS PARA OS TRATORES NEW HOLLAND | INSTRUÇÕES DE LUBRIFICAÇÃO PARA TRATORES NEW HOLLAND | LUZES DO PAINEL DOS TRATORES NEW HOLLAND"
"NEW HOLLAND","TT3.50","4","False","False","True","False","False","False","False","manual_operador; manual_servico_oficina","","CATALOGO DE PEÇAS E FILTROS PARA OS TRATORES NEW HOLLAND | EFICIÊNCIA E VERSATILIDADE DOS TRATORES NEW HOLLAND SÉRIE TT | INSTRUÇÕES DE LUBRIFICAÇÃO PARA TRATORES NEW HOLLAND | LUZES DO PAINEL DOS TRATORES NEW HOLLAND"
"NEW HOLLAND","TT3840","5","True","False","True","False","False","False","False","manual_servico_oficina","","CATALOGO DE PEÇAS E FILTROS PARA OS TRATORES NEW HOLLAND | EFICIÊNCIA E VERSATILIDADE DOS TRATORES NEW HOLLAND SÉRIE TT | INSTRUÇÕES DE LUBRIFICAÇÃO PARA TRATORES NEW HOLLAND | LUZES DO PAINEL DOS TRATORES NEW HOLLAND | MANUAL DO OPERADOR DOS TRATORES AGRICOLAS NEW HOLLAND TT3840 TT3840F TT3880F"
"NEW HOLLAND","TT3880","5","True","False","True","False","False","False","False","manual_servico_oficina","","CATALOGO DE PEÇAS E FILTROS PARA OS TRATORES NEW HOLLAND | EFICIÊNCIA E VERSATILIDADE DOS TRATORES NEW HOLLAND SÉRIE TT | INSTRUÇÕES DE LUBRIFICAÇÃO PARA TRATORES NEW HOLLAND | LUZES DO PAINEL DOS TRATORES NEW HOLLAND | MANUAL DO OPERADOR DOS TRATORES AGRICOLAS NEW HOLLAND TT3840 TT3840F TT3880F"
"NEW HOLLAND","TT3880F","5","True","False","True","False","False","False","False","manual_servico_oficina","","CATALOGO DE PEÇAS E FILTROS PARA OS TRATORES NEW HOLLAND | EFICIÊNCIA E VERSATILIDADE DOS TRATORES NEW HOLLAND SÉRIE TT | INSTRUÇÕES DE LUBRIFICAÇÃO PARA TRATORES NEW HOLLAND | LUZES DO PAINEL DOS TRATORES NEW HOLLAND | MANUAL DO OPERADOR DOS TRATORES AGRICOLAS NEW HOLLAND TT3840 TT3840F TT3880F"
"NEW HOLLAND","TT4030","5","False","False","True","False","False","True","False","manual_operador; manual_servico_oficina","","CATALOGO DE PEÇAS E FILTROS PARA OS TRATORES NEW HOLLAND | EFICIÊNCIA E VERSATILIDADE DOS TRATORES NEW HOLLAND SÉRIE TT | FOLHETO DE POTÊNCIA E VERSATILIDADE DO TRATOR NEW HOLLAND TT4030 | INSTRUÇÕES DE LUBRIFICAÇÃO PARA TRATORES NEW HOLLAND | LUZES DO PAINEL DOS TRATORES NEW HOLLAND"
"NEW HOLLAND","TT4.75","6","False","True","True","False","False","True","False","manual_operador","","CATALOGO DE PEÇAS E FILTROS PARA OS TRATORES NEW HOLLAND | EFICIÊNCIA E VERSATILIDADE DOS TRATORES NEW HOLLAND SÉRIE TT | ESPECIFICAÇÕES DOS TRATORES NEW HOLLAND TT.55 TT.65 TT.75 TT.55F TT.65F TT.75F | INSTRUÇÕES DE LUBRIFICAÇÃO PARA TRATORES NEW HOLLAND | LUZES DO PAINEL DOS TRATORES NEW HOLLAND | MANUAL DE SERVIÇO DOS TRATORES NEW HOLLAND TT4.55 - TT4.65 - TT4.75"
"NEW HOLLAND","TT4.90","5","False","True","True","False","False","False","False","manual_operador","","CATALOGO DE PEÇAS E FILTROS PARA OS TRATORES NEW HOLLAND | EFICIÊNCIA E VERSATILIDADE DOS TRATORES NEW HOLLAND SÉRIE TT | INSTRUÇÕES DE LUBRIFICAÇÃO PARA TRATORES NEW HOLLAND | LUZES DO PAINEL DOS TRATORES NEW HOLLAND | MANUAL DE SERVIÇO DO TRATOR NEW HOLLAND TT4.80 E TT4.90"
"NEW HOLLAND","TT55","0","False","False","False","False","False","False","False","manual_operador; manual_servico_oficina; catalogo_pecas","TT55F",""
"NEW HOLLAND","TT65F","5","False","False","True","False","False","True","False","manual_operador; manual_servico_oficina","","CATALOGO DE PEÇAS E FILTROS PARA OS TRATORES NEW HOLLAND | EFICIÊNCIA E VERSATILIDADE DOS TRATORES NEW HOLLAND SÉRIE TT | ESPECIFICAÇÕES DOS TRATORES NEW HOLLAND TT.55 TT.65 TT.75 TT.55F TT.65F TT.75F | INSTRUÇÕES DE LUBRIFICAÇÃO PARA TRATORES NEW HOLLAND | LUZES DO PAINEL DOS TRATORES NEW HOLLAND"
"NEW HOLLAND","TT75","0","False","False","False","False","False","False","False","manual_operador; manual_servico_oficina; catalogo_pecas","TT75F",""
"MASSEY FERGUSON","8S.205","6","True","True","True","True","True","True","False","","","CATALOGO DE PEÇAS DE BOMBA HIDRAULICA MASSEY FERGUNSON E OUTRAS MARCAS. | CURSO DE OPERAÇÃO E MANUTENÇÃO DE TRATORES MASSEY FERGUNSON | FOLHETO DOS TRATORES AGRICOLA MASSEY FERGUNSON 205 - 305 HP | FOLHETO DOS TRATORES AGRICOLAS MASSEY FERGUNSON | MANUAL DE OFICINA DO TRATOR MF SÉRIE 200 | MANUAL DO OPERADOR MASSEY FERGUSON SÉRIE 200"
"MASSEY FERGUSON","8S.225","6","True","True","True","True","True","True","False","","","CATALOGO DE PEÇAS DE BOMBA HIDRAULICA MASSEY FERGUNSON E OUTRAS MARCAS. | CURSO DE OPERAÇÃO E MANUTENÇÃO DE TRATORES MASSEY FERGUNSON | FOLHETO DOS TRATORES AGRICOLA MASSEY FERGUNSON 205 - 305 HP | FOLHETO DOS TRATORES AGRICOLAS MASSEY FERGUNSON | MANUAL DE OFICINA DO TRATOR MF SÉRIE 200 | MANUAL DO OPERADOR MASSEY FERGUSON SÉRIE 200"
"MASSEY FERGUSON","8S.245","6","True","True","True","True","True","True","False","","","CATALOGO DE PEÇAS DE BOMBA HIDRAULICA MASSEY FERGUNSON E OUTRAS MARCAS. | CURSO DE OPERAÇÃO E MANUTENÇÃO DE TRATORES MASSEY FERGUNSON | FOLHETO DOS TRATORES AGRICOLA MASSEY FERGUNSON 205 - 305 HP | FOLHETO DOS TRATORES AGRICOLAS MASSEY FERGUNSON | MANUAL DE OFICINA DO TRATOR MF SÉRIE 200 | MANUAL DO OPERADOR MASSEY FERGUSON SÉRIE 200"
"MASSEY FERGUSON","8S.265","6","True","True","True","True","True","True","False","","","CATALOGO DE PEÇAS DE BOMBA HIDRAULICA MASSEY FERGUNSON E OUTRAS MARCAS. | CURSO DE OPERAÇÃO E MANUTENÇÃO DE TRATORES MASSEY FERGUNSON | FOLHETO DOS TRATORES AGRICOLA MASSEY FERGUNSON 205 - 305 HP | FOLHETO DOS TRATORES AGRICOLAS MASSEY FERGUNSON | MANUAL DE OFICINA DO TRATOR MF SÉRIE 200 | MANUAL DO OPERADOR MASSEY FERGUSON SÉRIE 200"
"MASSEY FERGUSON","8S.285","6","True","True","True","True","True","True","False","","","CATALOGO DE PEÇAS DE BOMBA HIDRAULICA MASSEY FERGUNSON E OUTRAS MARCAS. | CURSO DE OPERAÇÃO E MANUTENÇÃO DE TRATORES MASSEY FERGUNSON | FOLHETO DOS TRATORES AGRICOLA MASSEY FERGUNSON 205 - 305 HP | FOLHETO DOS TRATORES AGRICOLAS MASSEY FERGUNSON | MANUAL DE OFICINA DO TRATOR MF SÉRIE 200 | MANUAL DO OPERADOR MASSEY FERGUSON SÉRIE 200"
"MASSEY FERGUSON","8S.305","4","True","False","True","True","True","True","False","manual_servico_oficina","","CATALOGO DE PEÇAS DE BOMBA HIDRAULICA MASSEY FERGUNSON E OUTRAS MARCAS. | CURSO DE OPERAÇÃO E MANUTENÇÃO DE TRATORES MASSEY FERGUNSON | FOLHETO DOS TRATORES AGRICOLA MASSEY FERGUNSON 205 - 305 HP | FOLHETO DOS TRATORES AGRICOLAS MASSEY FERGUNSON"
"MASSEY FERGUSON","MF235","5","True","True","True","True","True","False","False","","","CATALOGO DE PEÇAS DE BOMBA HIDRAULICA MASSEY FERGUNSON E OUTRAS MARCAS. | CATALOGO DE PEÇAS MASSEY FERGUSON MF 235 | CURSO DE OPERAÇÃO E MANUTENÇÃO DE TRATORES MASSEY FERGUNSON | MANUAL DE OFICINA DO TRATOR MF SÉRIE 200 | MANUAL DO OPERADOR MASSEY FERGUSON SÉRIE 200"
"MASSEY FERGUSON","MF250","5","True","True","True","True","True","False","False","","","CATALOGO DE PEÇAS DE BOMBA HIDRAULICA MASSEY FERGUNSON E OUTRAS MARCAS. | CURSO DE OPERAÇÃO E MANUTENÇÃO DE TRATORES MASSEY FERGUNSON | MANUAL DE OFICINA DO TRATOR MF SÉRIE 200 | MANUAL DO OPERADOR MASSEY FERGUSON SÉRIE 200 | TABELA DE LUBRIFICAÇÃO TRATORES - MASSEY FERGUSSON"
"MASSEY FERGUSON","MF255","5","True","True","True","True","True","False","False","","","CATALOGO DE PEÇAS DE BOMBA HIDRAULICA MASSEY FERGUNSON E OUTRAS MARCAS. | CURSO DE OPERAÇÃO E MANUTENÇÃO DE TRATORES MASSEY FERGUNSON | MANUAL DE OFICINA DO TRATOR MF SÉRIE 200 | MANUAL DO OPERADOR MASSEY FERGUSON SÉRIE 200 | TABELA DE LUBRIFICAÇÃO TRATORES - MASSEY FERGUSSON"
"MASSEY FERGUSON","MF255 ADVANCED","4","True","True","True","True","True","False","False","","","CATALOGO DE PEÇAS DE BOMBA HIDRAULICA MASSEY FERGUNSON E OUTRAS MARCAS. | CURSO DE OPERAÇÃO E MANUTENÇÃO DE TRATORES MASSEY FERGUNSON | MANUAL DE OFICINA DO TRATOR MF SÉRIE 200 | MANUAL DO OPERADOR MASSEY FERGUSON SÉRIE 200"
"MASSEY FERGUSON","MF265","4","True","True","True","True","True","False","False","","","CATALOGO DE PEÇAS DE BOMBA HIDRAULICA MASSEY FERGUNSON E OUTRAS MARCAS. | CURSO DE OPERAÇÃO E MANUTENÇÃO DE TRATORES MASSEY FERGUNSON | MANUAL DE OFICINA DO TRATOR MF SÉRIE 200 | MANUAL DO OPERADOR MASSEY FERGUSON SÉRIE 200"
"MASSEY FERGUSON","MF275","4","True","True","True","True","True","False","False","","","CATALOGO DE PEÇAS DE BOMBA HIDRAULICA MASSEY FERGUNSON E OUTRAS MARCAS. | CURSO DE OPERAÇÃO E MANUTENÇÃO DE TRATORES MASSEY FERGUNSON | MANUAL DE OFICINA DO TRATOR MF SÉRIE 200 | MANUAL DO OPERADOR MASSEY FERGUSON SÉRIE 200"
"MASSEY FERGUSON","MF283","4","True","True","True","True","True","False","False","","","CATALOGO DE PEÇAS DE BOMBA HIDRAULICA MASSEY FERGUNSON E OUTRAS MARCAS. | CURSO DE OPERAÇÃO E MANUTENÇÃO DE TRATORES MASSEY FERGUNSON | MANUAL DE OFICINA DO TRATOR MF SÉRIE 200 | MANUAL DO OPERADOR MASSEY FERGUSON SÉRIE 200"
"MASSEY FERGUSON","MF290","10","True","True","True","True","True","True","False","","","CATALOGO DE PEÇAS DE BOMBA HIDRAULICA MASSEY FERGUNSON E OUTRAS MARCAS. | CATALOGO DE PEÇAS DE BOMBA HIDRAULICA MASSEY FERGUNSON E OUTRAS MARCAS. | CURSO DE OPERAÇÃO E MANUTENÇÃO DE TRATORES MASSEY FERGUNSON | CURSO DE OPERAÇÃO E MANUTENÇÃO DE TRATORES MASSEY FERGUNSON | FOLHETO DOS TRATORES MF 4200 | MANUAL DE OFICINA DO TRATOR MF SÉRIE 200 | MANUAL DE PEÇAS MASSEY FERGUSON MF290 | MANUAL DO OPERADOR DOS TRATORES MF4200 | MANUAL DO OPERADOR MASSEY FERGUSON SÉRIE 200 | MANUAL TECNICOS DOS TRATORES AGRICOLAS MF4200 ESPANHOL"
"MASSEY FERGUSON","MF291","4","True","True","True","True","True","False","False","","","CATALOGO DE PEÇAS DE BOMBA HIDRAULICA MASSEY FERGUNSON E OUTRAS MARCAS. | CURSO DE OPERAÇÃO E MANUTENÇÃO DE TRATORES MASSEY FERGUNSON | MANUAL DE OFICINA DO TRATOR MF SÉRIE 200 | MANUAL DO OPERADOR MASSEY FERGUSON SÉRIE 200"
"MASSEY FERGUSON","MF292","5","True","True","True","True","True","True","False","","","CATALOGO DE PEÇAS DE BOMBA HIDRAULICA MASSEY FERGUNSON E OUTRAS MARCAS. | CURSO DE OPERAÇÃO E MANUTENÇÃO DE TRATORES MASSEY FERGUNSON | FICHA TÉCNICA DO TRATOR MF 292 | MANUAL DE OFICINA DO TRATOR MF SÉRIE 200 | MANUAL DO OPERADOR MASSEY FERGUSON SÉRIE 200"
"MASSEY FERGUSON","MF296","4","True","True","True","True","True","False","False","","","CATALOGO DE PEÇAS DE BOMBA HIDRAULICA MASSEY FERGUNSON E OUTRAS MARCAS. | CURSO DE OPERAÇÃO E MANUTENÇÃO DE TRATORES MASSEY FERGUNSON | MANUAL DE OFICINA DO TRATOR MF SÉRIE 200 | MANUAL DO OPERADOR MASSEY FERGUSON SÉRIE 200"
"MASSEY FERGUSON","MF297","4","True","True","True","True","True","False","False","","","CATALOGO DE PEÇAS DE BOMBA HIDRAULICA MASSEY FERGUNSON E OUTRAS MARCAS. | CURSO DE OPERAÇÃO E MANUTENÇÃO DE TRATORES MASSEY FERGUNSON | MANUAL DE OFICINA DO TRATOR MF SÉRIE 200 | MANUAL DO OPERADOR MASSEY FERGUSON SÉRIE 200"
"MASSEY FERGUSON","MF299","5","True","True","True","True","True","True","False","","","CATALOGO DE PEÇAS DE BOMBA HIDRAULICA MASSEY FERGUNSON E OUTRAS MARCAS. | CURSO DE OPERAÇÃO E MANUTENÇÃO DE TRATORES MASSEY FERGUNSON | ESPECIFICAÇÕES DO TRATOR MF 299 | MANUAL DE OFICINA DO TRATOR MF SÉRIE 200 | MANUAL DO OPERADOR MASSEY FERGUSON SÉRIE 200"
"MASSEY FERGUSON","MF3306","4","True","False","True","True","True","True","False","manual_servico_oficina","","CATALOGO DE PEÇAS DE BOMBA HIDRAULICA MASSEY FERGUNSON E OUTRAS MARCAS. | CURSO DE OPERAÇÃO E MANUTENÇÃO DE TRATORES MASSEY FERGUNSON | FOLHETO DOS TRATORES MF3300 | MANUTENÇÃO PERIÓDICA TRATORES MF3300"
"MASSEY FERGUSON","MF3307","4","True","False","True","True","True","True","False","manual_servico_oficina","","CATALOGO DE PEÇAS DE BOMBA HIDRAULICA MASSEY FERGUNSON E OUTRAS MARCAS. | CURSO DE OPERAÇÃO E MANUTENÇÃO DE TRATORES MASSEY FERGUNSON | FOLHETO DOS TRATORES MF3300 | MANUTENÇÃO PERIÓDICA TRATORES MF3300"
"MASSEY FERGUSON","MF3308","4","True","False","True","True","True","True","False","manual_servico_oficina","","CATALOGO DE PEÇAS DE BOMBA HIDRAULICA MASSEY FERGUNSON E OUTRAS MARCAS. | CURSO DE OPERAÇÃO E MANUTENÇÃO DE TRATORES MASSEY FERGUNSON | FOLHETO DOS TRATORES MF3300 | MANUTENÇÃO PERIÓDICA TRATORES MF3300"
"MASSEY FERGUSON","MF4265","7","True","False","True","True","True","True","False","manual_servico_oficina","","CATALOGO DE PEÇAS DE BOMBA HIDRAULICA MASSEY FERGUNSON E OUTRAS MARCAS. | CURSO DE OPERAÇÃO E MANUTENÇÃO DE TRATORES MASSEY FERGUNSON | ESPECIFICAÇÕES DO TRATOR 4265 | FOLHETO DOS TRATORES MF 4200 | MANUAL DO OPERADOR DOS TRATORES MF4200 | MANUAL TECNICOS DOS TRATORES AGRICOLAS MF4200 ESPANHOL | TABELA DE LUBRIFICAÇÃO TRATORES - MASSEY FERGUSSON"
"MASSEY FERGUSON","MF4275","8","True","False","True","True","True","True","False","manual_servico_oficina","","CATALOGO DE PEÇAS DA CAIXA DE MACHA DO TRATOR MF4275 | CATALOGO DE PEÇAS DE BOMBA HIDRAULICA MASSEY FERGUNSON E OUTRAS MARCAS. | CURSO DE OPERAÇÃO E MANUTENÇÃO DE TRATORES MASSEY FERGUNSON | ESPECIFICAÇÕES DO TRATOR MF 4275 | FOLHETO DOS TRATORES MF 4200 | MANUAL DO OPERADOR DOS TRATORES MF4200 | MANUAL TECNICOS DOS TRATORES AGRICOLAS MF4200 ESPANHOL | TABELA DE LUBRIFICAÇÃO TRATORES - MASSEY FERGUSSON"
"MASSEY FERGUSON","MF4280","5","True","False","True","True","True","True","False","manual_servico_oficina","","CATALOGO DE PEÇAS DE BOMBA HIDRAULICA MASSEY FERGUNSON E OUTRAS MARCAS. | CURSO DE OPERAÇÃO E MANUTENÇÃO DE TRATORES MASSEY FERGUNSON | FOLHETO DOS TRATORES MF 4200 | MANUAL DO OPERADOR DOS TRATORES MF4200 | MANUAL TECNICOS DOS TRATORES AGRICOLAS MF4200 ESPANHOL"
"MASSEY FERGUSON","MF4283","6","True","False","True","True","True","True","False","manual_servico_oficina","","CATALOGO DE PEÇAS DE BOMBA HIDRAULICA MASSEY FERGUNSON E OUTRAS MARCAS. | CURSO DE OPERAÇÃO E MANUTENÇÃO DE TRATORES MASSEY FERGUNSON | FOLHETO DOS TRATORES MF 4200 | MANUAL DO OPERADOR DOS TRATORES MF4200 | MANUAL TECNICOS DOS TRATORES AGRICOLAS MF4200 ESPANHOL | TABELA DE LUBRIFICAÇÃO TRATORES - MASSEY FERGUSSON"
"MASSEY FERGUSON","MF4290","1","False","False","False","False","False","False","False","manual_operador; manual_servico_oficina; catalogo_pecas","","TABELA DE LUBRIFICAÇÃO TRATORES - MASSEY FERGUSSON"
"MASSEY FERGUSON","MF4292","6","True","False","True","True","True","True","False","manual_servico_oficina","","CATALOGO DE PEÇAS DE BOMBA HIDRAULICA MASSEY FERGUNSON E OUTRAS MARCAS. | CURSO DE OPERAÇÃO E MANUTENÇÃO DE TRATORES MASSEY FERGUNSON | FOLHETO DOS TRATORES MF 4200 | MANUAL DO OPERADOR DOS TRATORES MF4200 | MANUAL TECNICOS DOS TRATORES AGRICOLAS MF4200 ESPANHOL | TABELA DE LUBRIFICAÇÃO TRATORES - MASSEY FERGUSSON"
"MASSEY FERGUSON","MF4297","6","True","False","True","True","True","True","False","manual_servico_oficina","","CATALOGO DE PEÇAS DE BOMBA HIDRAULICA MASSEY FERGUNSON E OUTRAS MARCAS. | CURSO DE OPERAÇÃO E MANUTENÇÃO DE TRATORES MASSEY FERGUNSON | FOLHETO DOS TRATORES MF 4200 | MANUAL DO OPERADOR DOS TRATORES MF4200 | MANUAL TECNICOS DOS TRATORES AGRICOLAS MF4200 ESPANHOL | TABELA DE LUBRIFICAÇÃO TRATORES - MASSEY FERGUSSON"
"MASSEY FERGUSON","MF4299","6","True","False","True","True","True","True","False","manual_servico_oficina","","CATALOGO DE PEÇAS DE BOMBA HIDRAULICA MASSEY FERGUNSON E OUTRAS MARCAS. | CURSO DE OPERAÇÃO E MANUTENÇÃO DE TRATORES MASSEY FERGUNSON | FOLHETO DOS TRATORES MF 4200 | MANUAL DO OPERADOR DOS TRATORES MF4200 | MANUAL TECNICOS DOS TRATORES AGRICOLAS MF4200 ESPANHOL | TABELA DE LUBRIFICAÇÃO TRATORES - MASSEY FERGUSSON"
"MASSEY FERGUSON","MF4305","3","True","False","True","True","True","True","False","manual_servico_oficina","","CATALOGO DE PEÇAS DE BOMBA HIDRAULICA MASSEY FERGUNSON E OUTRAS MARCAS. | CURSO DE OPERAÇÃO E MANUTENÇÃO DE TRATORES MASSEY FERGUNSON | FOLHETO DOS TRATORES MF4300"
"MASSEY FERGUSON","MF4307","6","True","False","True","True","True","True","False","manual_servico_oficina","","CATALOGO DE PEÇAS DE BOMBA HIDRAULICA MASSEY FERGUNSON E OUTRAS MARCAS. | CATALOGO DE PEÇAS DE BOMBA HIDRAULICA MASSEY FERGUNSON E OUTRAS MARCAS. | CURSO DE OPERAÇÃO E MANUTENÇÃO DE TRATORES MASSEY FERGUNSON | CURSO DE OPERAÇÃO E MANUTENÇÃO DE TRATORES MASSEY FERGUNSON | FOLHETO DOS TRATORES MF4300 | FOLHETO DOS TRATORES MF4300"
"MASSEY FERGUSON","MF4408","5","True","False","True","True","True","True","False","manual_servico_oficina","","CATALOGO DE PEÇAS DE BOMBA HIDRAULICA MASSEY FERGUNSON E OUTRAS MARCAS. | CURSO DE OPERAÇÃO E MANUTENÇÃO DE TRATORES MASSEY FERGUNSON | FOLHETO DOS TRATORES MASSEY FERGUNSON 4400 | MANUAL DO SISTEMAS HIDRÁULICOS E ELÉTRICOS DOS TRATORES MASSEY FERGUNSON MF3400 E MF4400 | MANUTENÇÃO PERIÓDICA TRATORES MF4400"
"MASSEY FERGUSON","MF4409","5","True","False","True","True","True","True","False","manual_servico_oficina","","CATALOGO DE PEÇAS DE BOMBA HIDRAULICA MASSEY FERGUNSON E OUTRAS MARCAS. | CURSO DE OPERAÇÃO E MANUTENÇÃO DE TRATORES MASSEY FERGUNSON | FOLHETO DOS TRATORES MASSEY FERGUNSON 4400 | MANUAL DO SISTEMAS HIDRÁULICOS E ELÉTRICOS DOS TRATORES MASSEY FERGUNSON MF3400 E MF4400 | MANUTENÇÃO PERIÓDICA TRATORES MF4400"
"MASSEY FERGUSON","MF4410","10","True","False","True","True","True","True","False","manual_servico_oficina","","CATALOGO DE PEÇAS DE BOMBA HIDRAULICA MASSEY FERGUNSON E OUTRAS MARCAS. | CATALOGO DE PEÇAS DE BOMBA HIDRAULICA MASSEY FERGUNSON E OUTRAS MARCAS. | CURSO DE OPERAÇÃO E MANUTENÇÃO DE TRATORES MASSEY FERGUNSON | CURSO DE OPERAÇÃO E MANUTENÇÃO DE TRATORES MASSEY FERGUNSON | FOLHETO DOS TRATORES MASSEY FERGUNSON 4400 | FOLHETO DOS TRATORES MASSEY FERGUNSON 4400 | MANUAL DO SISTEMAS HIDRÁULICOS E ELÉTRICOS DOS TRATORES MASSEY FERGUNSON MF3400 E MF4400 | MANUAL DO SISTEMAS HIDRÁULICOS E ELÉTRICOS DOS TRATORES MASSEY FERGUNSON MF3400 E MF4400 | MANUTENÇÃO PERIÓDICA TRATORES MF4400 | MANUTENÇÃO PERIÓDICA TRATORES MF4400"
"MASSEY FERGUSON","MF4707","0","False","False","False","False","False","False","False","manual_operador; manual_servico_oficina; catalogo_pecas","",""
"MASSEY FERGUSON","MF4708","5","True","False","True","True","True","True","False","manual_servico_oficina","","CATALOGO DE PEÇAS DE BOMBA HIDRAULICA MASSEY FERGUNSON E OUTRAS MARCAS. | CONCEITOS OPERACIONAIS TRATORES MF 4700 | CURSO DE OPERAÇÃO E MANUTENÇÃO DE TRATORES MASSEY FERGUNSON | ESPECIFICAÇÕES DO TRATOR MF 4700, MF 5700 e MF 6700 | FOLHETO DOS TRATORES MASSEY FERGUNSON 4700"
"MASSEY FERGUSON","MF4709","5","True","False","True","True","True","True","False","manual_servico_oficina","","CATALOGO DE PEÇAS DE BOMBA HIDRAULICA MASSEY FERGUNSON E OUTRAS MARCAS. | CONCEITOS OPERACIONAIS TRATORES MF 4700 | CURSO DE OPERAÇÃO E MANUTENÇÃO DE TRATORES MASSEY FERGUNSON | ESPECIFICAÇÕES DO TRATOR MF 4700, MF 5700 e MF 6700 | FOLHETO DOS TRATORES MASSEY FERGUNSON 4700"
"MASSEY FERGUSON","MF50","3","True","False","True","True","True","False","False","manual_servico_oficina","","CATALOGO DE PEÇAS DE BOMBA HIDRAULICA MASSEY FERGUNSON E OUTRAS MARCAS. | CURSO DE OPERAÇÃO E MANUTENÇÃO DE TRATORES MASSEY FERGUNSON | MANUAL DO OPERADOR DO TRATOR AGRICOLA MF50"
"VALTRA","800","4","True","False","True","True","True","False","True","manual_servico_oficina","","CATALOGO DE PEÇAS DOS TRATORES VALTRA-VALMET | MANUAL COM INSTRUÇÕES PARA TRATORES VALTRA | MANUAL COM INSTRUÇÕES SOBRE OPERAÇÃO, MANUTENÇÃO E SEGURANÇA PARA TRATORES VALTRA | MANUAL DE ELÉTRICA E HIDRÁULICA DOS TRATORES VALTRA A4S, A4 E A4 HITECH, INCLUINDO DIAGNÓSTICO DE FALHAS"
"VALTRA","885","4","True","False","True","True","True","False","True","manual_servico_oficina","","CATALOGO DE PEÇAS DOS TRATORES VALTRA-VALMET | MANUAL COM INSTRUÇÕES PARA TRATORES VALTRA | MANUAL COM INSTRUÇÕES SOBRE OPERAÇÃO, MANUTENÇÃO E SEGURANÇA PARA TRATORES VALTRA | MANUAL DE ELÉTRICA E HIDRÁULICA DOS TRATORES VALTRA A4S, A4 E A4 HITECH, INCLUINDO DIAGNÓSTICO DE FALHAS"
"VALTRA","985","4","True","False","True","True","True","False","True","manual_servico_oficina","","CATALOGO DE PEÇAS DOS TRATORES VALTRA-VALMET | MANUAL COM INSTRUÇÕES PARA TRATORES VALTRA | MANUAL COM INSTRUÇÕES SOBRE OPERAÇÃO, MANUTENÇÃO E SEGURANÇA PARA TRATORES VALTRA | MANUAL DE ELÉTRICA E HIDRÁULICA DOS TRATORES VALTRA A4S, A4 E A4 HITECH, INCLUINDO DIAGNÓSTICO DE FALHAS"
"VALTRA","1280","4","True","False","True","True","True","False","True","manual_servico_oficina","","CATALOGO DE PEÇAS DOS TRATORES VALTRA-VALMET | MANUAL COM INSTRUÇÕES PARA TRATORES VALTRA | MANUAL COM INSTRUÇÕES SOBRE OPERAÇÃO, MANUTENÇÃO E SEGURANÇA PARA TRATORES VALTRA | MANUAL DE ELÉTRICA E HIDRÁULICA DOS TRATORES VALTRA A4S, A4 E A4 HITECH, INCLUINDO DIAGNÓSTICO DE FALHAS"
"VALTRA","1780","4","True","False","True","True","True","False","True","manual_servico_oficina","","CATALOGO DE PEÇAS DOS TRATORES VALTRA-VALMET | MANUAL COM INSTRUÇÕES PARA TRATORES VALTRA | MANUAL COM INSTRUÇÕES SOBRE OPERAÇÃO, MANUTENÇÃO E SEGURANÇA PARA TRATORES VALTRA | MANUAL DE ELÉTRICA E HIDRÁULICA DOS TRATORES VALTRA A4S, A4 E A4 HITECH, INCLUINDO DIAGNÓSTICO DE FALHAS"
"VALTRA","1380 S","4","True","False","True","True","True","False","True","manual_servico_oficina","","CATALOGO DE PEÇAS DOS TRATORES VALTRA-VALMET | MANUAL COM INSTRUÇÕES PARA TRATORES VALTRA | MANUAL COM INSTRUÇÕES SOBRE OPERAÇÃO, MANUTENÇÃO E SEGURANÇA PARA TRATORES VALTRA | MANUAL DE ELÉTRICA E HIDRÁULICA DOS TRATORES VALTRA A4S, A4 E A4 HITECH, INCLUINDO DIAGNÓSTICO DE FALHAS"
"VALTRA","585","5","True","False","True","True","True","True","True","manual_servico_oficina","","CATALOGO DE PEÇAS DOS TRATORES VALTRA-VALMET | ESPECIFICAÇÕES DO TRATOR VALTRA 585-785 e BF65 BF75 | MANUAL COM INSTRUÇÕES PARA TRATORES VALTRA | MANUAL COM INSTRUÇÕES SOBRE OPERAÇÃO, MANUTENÇÃO E SEGURANÇA PARA TRATORES VALTRA | MANUAL DE ELÉTRICA E HIDRÁULICA DOS TRATORES VALTRA A4S, A4 E A4 HITECH, INCLUINDO DIAGNÓSTICO DE FALHAS"
"VALTRA","685","5","True","False","True","True","True","True","True","manual_servico_oficina","","CATALOGO DE PEÇAS DOS TRATORES VALTRA-VALMET | ESPECIFICAÇÕES DO TRATOR VALTRA 585-785 e BF65 BF75 | MANUAL COM INSTRUÇÕES PARA TRATORES VALTRA | MANUAL COM INSTRUÇÕES SOBRE OPERAÇÃO, MANUTENÇÃO E SEGURANÇA PARA TRATORES VALTRA | MANUAL DE ELÉTRICA E HIDRÁULICA DOS TRATORES VALTRA A4S, A4 E A4 HITECH, INCLUINDO DIAGNÓSTICO DE FALHAS"
"VALTRA","785","5","True","False","True","True","True","True","True","manual_servico_oficina","","CATALOGO DE PEÇAS DOS TRATORES VALTRA-VALMET | ESPECIFICAÇÕES DO TRATOR VALTRA 585-785 e BF65 BF75 | MANUAL COM INSTRUÇÕES PARA TRATORES VALTRA | MANUAL COM INSTRUÇÕES SOBRE OPERAÇÃO, MANUTENÇÃO E SEGURANÇA PARA TRATORES VALTRA | MANUAL DE ELÉTRICA E HIDRÁULICA DOS TRATORES VALTRA A4S, A4 E A4 HITECH, INCLUINDO DIAGNÓSTICO DE FALHAS"
"VALTRA","T120","4","True","False","True","True","True","False","True","manual_servico_oficina","","CATALOGO DE PEÇAS DOS TRATORES VALTRA-VALMET | MANUAL COM INSTRUÇÕES PARA TRATORES VALTRA | MANUAL COM INSTRUÇÕES SOBRE OPERAÇÃO, MANUTENÇÃO E SEGURANÇA PARA TRATORES VALTRA | MANUAL DE ELÉTRICA E HIDRÁULICA DOS TRATORES VALTRA A4S, A4 E A4 HITECH, INCLUINDO DIAGNÓSTICO DE FALHAS"
"VALTRA","BF75","5","True","False","True","True","True","False","True","manual_servico_oficina","","CATALOGO DE PEÇAS DOS TRATORES VALTRA-VALMET | INSTRUÇÕES SOBRE O PLANO DE MANUTENÇÃO DO TRATOR VALTRA BF75 | MANUAL COM INSTRUÇÕES PARA TRATORES VALTRA | MANUAL COM INSTRUÇÕES SOBRE OPERAÇÃO, MANUTENÇÃO E SEGURANÇA PARA TRATORES VALTRA | MANUAL DE ELÉTRICA E HIDRÁULICA DOS TRATORES VALTRA A4S, A4 E A4 HITECH, INCLUINDO DIAGNÓSTICO DE FALHAS"
"VALTRA","BL77","4","True","False","True","True","True","False","True","manual_servico_oficina","","CATALOGO DE PEÇAS DOS TRATORES VALTRA-VALMET | MANUAL COM INSTRUÇÕES PARA TRATORES VALTRA | MANUAL COM INSTRUÇÕES SOBRE OPERAÇÃO, MANUTENÇÃO E SEGURANÇA PARA TRATORES VALTRA | MANUAL DE ELÉTRICA E HIDRÁULICA DOS TRATORES VALTRA A4S, A4 E A4 HITECH, INCLUINDO DIAGNÓSTICO DE FALHAS"
"VALTRA","BL88","4","True","False","True","True","True","False","True","manual_servico_oficina","","CATALOGO DE PEÇAS DOS TRATORES VALTRA-VALMET | MANUAL COM INSTRUÇÕES PARA TRATORES VALTRA | MANUAL COM INSTRUÇÕES SOBRE OPERAÇÃO, MANUTENÇÃO E SEGURANÇA PARA TRATORES VALTRA | MANUAL DE ELÉTRICA E HIDRÁULICA DOS TRATORES VALTRA A4S, A4 E A4 HITECH, INCLUINDO DIAGNÓSTICO DE FALHAS"
"VALTRA","BM85","5","True","True","True","True","True","False","True","","","CATALOGO DE PEÇAS DOS TRATORES VALTRA-VALMET | MANUAL COM INSTRUÇÕES PARA TRATORES VALTRA | MANUAL COM INSTRUÇÕES SOBRE OPERAÇÃO, MANUTENÇÃO E SEGURANÇA PARA TRATORES VALTRA | MANUAL DE ELÉTRICA E HIDRÁULICA DOS TRATORES VALTRA A4S, A4 E A4 HITECH, INCLUINDO DIAGNÓSTICO DE FALHAS | MANUAL DE SERVIÇO DO TRATOR BM85 BM100 BM110 BM120 BM125I"
"VALTRA","BM100","5","True","True","True","True","True","False","True","","","CATALOGO DE PEÇAS DOS TRATORES VALTRA-VALMET | MANUAL COM INSTRUÇÕES PARA TRATORES VALTRA | MANUAL COM INSTRUÇÕES SOBRE OPERAÇÃO, MANUTENÇÃO E SEGURANÇA PARA TRATORES VALTRA | MANUAL DE ELÉTRICA E HIDRÁULICA DOS TRATORES VALTRA A4S, A4 E A4 HITECH, INCLUINDO DIAGNÓSTICO DE FALHAS | MANUAL DE SERVIÇO DO TRATOR BM85 BM100 BM110 BM120 BM125I"
"VALTRA","BM110","6","True","True","True","True","True","False","True","","","CATALOGO DE PEÇAS DOS TRATORES VALTRA-VALMET | MANUAL COM INSTRUÇÕES PARA TRATORES VALTRA | MANUAL COM INSTRUÇÕES SOBRE OPERAÇÃO, MANUTENÇÃO E SEGURANÇA PARA TRATORES VALTRA | MANUAL DE ELÉTRICA E HIDRÁULICA DOS TRATORES VALTRA A4S, A4 E A4 HITECH, INCLUINDO DIAGNÓSTICO DE FALHAS | MANUAL DE SERVIÇO DO TRATOR BM85 BM100 BM110 BM120 BM125I | MANUAL DO OPERADOR DOS TRATORES VALTRA BM110 E BM125i"
"VALTRA","BM120","5","True","True","True","True","True","False","True","","","CATALOGO DE PEÇAS DOS TRATORES VALTRA-VALMET | MANUAL COM INSTRUÇÕES PARA TRATORES VALTRA | MANUAL COM INSTRUÇÕES SOBRE OPERAÇÃO, MANUTENÇÃO E SEGURANÇA PARA TRATORES VALTRA | MANUAL DE ELÉTRICA E HIDRÁULICA DOS TRATORES VALTRA A4S, A4 E A4 HITECH, INCLUINDO DIAGNÓSTICO DE FALHAS | MANUAL DE SERVIÇO DO TRATOR BM85 BM100 BM110 BM120 BM125I"
"VALTRA","BM125","5","True","True","True","True","True","False","True","","","CATALOGO DE PEÇAS DOS TRATORES VALTRA-VALMET | MANUAL COM INSTRUÇÕES PARA TRATORES VALTRA | MANUAL COM INSTRUÇÕES SOBRE OPERAÇÃO, MANUTENÇÃO E SEGURANÇA PARA TRATORES VALTRA | MANUAL DE ELÉTRICA E HIDRÁULICA DOS TRATORES VALTRA A4S, A4 E A4 HITECH, INCLUINDO DIAGNÓSTICO DE FALHAS | MANUAL DE SERVIÇO DO TRATOR BM85 BM100 BM110 BM120 BM125I"
"VALTRA","BH140","5","True","False","True","True","True","False","True","manual_servico_oficina","","CATALOGO DE PEÇAS DOS TRATORES VALTRA-VALMET | MANUAL COM INSTRUÇÕES PARA TRATORES VALTRA | MANUAL COM INSTRUÇÕES SOBRE OPERAÇÃO, MANUTENÇÃO E SEGURANÇA PARA TRATORES VALTRA | MANUAL DE ELÉTRICA E HIDRÁULICA DOS TRATORES VALTRA A4S, A4 E A4 HITECH, INCLUINDO DIAGNÓSTICO DE FALHAS | MANUAL DE TREINAMENTO PARA OS TRATORES VALTRA BH"
"VALTRA","BH160","6","True","False","True","True","True","True","True","manual_servico_oficina","","CATALOGO DE PEÇAS DOS TRATORES VALTRA-VALMET | FOLHETO DOS TRATORES VALTRA BH | MANUAL COM INSTRUÇÕES PARA TRATORES VALTRA | MANUAL COM INSTRUÇÕES SOBRE OPERAÇÃO, MANUTENÇÃO E SEGURANÇA PARA TRATORES VALTRA | MANUAL DE ELÉTRICA E HIDRÁULICA DOS TRATORES VALTRA A4S, A4 E A4 HITECH, INCLUINDO DIAGNÓSTICO DE FALHAS | MANUAL DE TREINAMENTO PARA OS TRATORES VALTRA BH"
"VALTRA","BH180","7","True","False","True","True","True","True","True","manual_servico_oficina","","CATALOGO DE PEÇAS DOS TRATORES VALTRA-VALMET | FOLHETO DOS TRATORES VALTRA BH | MANUAL COM INSTRUÇÕES PARA TRATORES VALTRA | MANUAL COM INSTRUÇÕES SOBRE OPERAÇÃO, MANUTENÇÃO E SEGURANÇA PARA TRATORES VALTRA | MANUAL DE ELÉTRICA E HIDRÁULICA DOS TRATORES VALTRA A4S, A4 E A4 HITECH, INCLUINDO DIAGNÓSTICO DE FALHAS | MANUAL DE TREINAMENTO PARA OS TRATORES VALTRA BH | MANUAL DO OPERADOR DOS TRATORES VALTRA SERIE BH145 BH165 BH180 BH185I BH205I"
"VALTRA","BH145","6","True","False","True","True","True","False","True","manual_servico_oficina","","CATALOGO DE PEÇAS DOS TRATORES VALTRA-VALMET | MANUAL COM INSTRUÇÕES PARA TRATORES VALTRA | MANUAL COM INSTRUÇÕES SOBRE OPERAÇÃO, MANUTENÇÃO E SEGURANÇA PARA TRATORES VALTRA | MANUAL DE ELÉTRICA E HIDRÁULICA DOS TRATORES VALTRA A4S, A4 E A4 HITECH, INCLUINDO DIAGNÓSTICO DE FALHAS | MANUAL DE TREINAMENTO PARA OS TRATORES VALTRA BH | MANUAL DO OPERADOR DOS TRATORES VALTRA SERIE BH145 BH165 BH180 BH185I BH205I"
"VALTRA","BH165","7","True","False","True","True","True","True","True","manual_servico_oficina","","CATALOGO DE PEÇAS DOS TRATORES VALTRA-VALMET | FOLHETO DOS TRATORES VALTRA BH | MANUAL COM INSTRUÇÕES PARA TRATORES VALTRA | MANUAL COM INSTRUÇÕES SOBRE OPERAÇÃO, MANUTENÇÃO E SEGURANÇA PARA TRATORES VALTRA | MANUAL DE ELÉTRICA E HIDRÁULICA DOS TRATORES VALTRA A4S, A4 E A4 HITECH, INCLUINDO DIAGNÓSTICO DE FALHAS | MANUAL DE TREINAMENTO PARA OS TRATORES VALTRA BH | MANUAL DO OPERADOR DOS TRATORES VALTRA SERIE BH145 BH165 BH180 BH185I BH205I"
"VALTRA","BH185i","8","True","False","True","True","True","True","True","manual_servico_oficina","","CATALOGO DE PEÇAS DOS TRATORES VALTRA BH185i | CATALOGO DE PEÇAS DOS TRATORES VALTRA-VALMET | FOLHETO DOS TRATORES VALTRA BH | MANUAL COM INSTRUÇÕES PARA TRATORES VALTRA | MANUAL COM INSTRUÇÕES SOBRE OPERAÇÃO, MANUTENÇÃO E SEGURANÇA PARA TRATORES VALTRA | MANUAL DE ELÉTRICA E HIDRÁULICA DOS TRATORES VALTRA A4S, A4 E A4 HITECH, INCLUINDO DIAGNÓSTICO DE FALHAS | MANUAL DE TREINAMENTO PARA OS TRATORES VALTRA BH | MANUAL DO OPERADOR DOS TRATORES VALTRA SERIE BH145 BH165 BH180 BH185I BH205I"
"VALTRA","BH205i","6","True","False","True","True","True","False","True","manual_servico_oficina","","CATALOGO DE PEÇAS DOS TRATORES VALTRA-VALMET | MANUAL COM INSTRUÇÕES PARA TRATORES VALTRA | MANUAL COM INSTRUÇÕES SOBRE OPERAÇÃO, MANUTENÇÃO E SEGURANÇA PARA TRATORES VALTRA | MANUAL DE ELÉTRICA E HIDRÁULICA DOS TRATORES VALTRA A4S, A4 E A4 HITECH, INCLUINDO DIAGNÓSTICO DE FALHAS | MANUAL DE TREINAMENTO PARA OS TRATORES VALTRA BH | MANUAL DO OPERADOR DOS TRATORES VALTRA SERIE BH145 BH165 BH180 BH185I BH205I"
"VALTRA","A52s","5","True","False","True","True","False","True","False","manual_servico_oficina","","CATALOGO DE PEÇAS DOS TRATORES VALTRA-VALMET | FOLHETO COM INFORMAÇÕES SOBRE ECONOMIA DE COMBUSTÍVEL, CONFORTO, VERSATILIDADE E TECNOLOGIA AVANÇADA DE TODOS TRATORES VALTRA. | FOLHETO DOS TRATORES AGRICOLAS A2s | MANUAL COM INSTRUÇÕES PARA TRATORES VALTRA | MANUAL COM INSTRUÇÕES SOBRE OPERAÇÃO, MANUTENÇÃO E SEGURANÇA PARA TRATORES VALTRA"
"VALTRA","A62s","5","True","False","True","True","False","True","False","manual_servico_oficina","","CATALOGO DE PEÇAS DOS TRATORES VALTRA-VALMET | FOLHETO COM INFORMAÇÕES SOBRE ECONOMIA DE COMBUSTÍVEL, CONFORTO, VERSATILIDADE E TECNOLOGIA AVANÇADA DE TODOS TRATORES VALTRA. | FOLHETO DOS TRATORES AGRICOLAS A2s | MANUAL COM INSTRUÇÕES PARA TRATORES VALTRA | MANUAL COM INSTRUÇÕES SOBRE OPERAÇÃO, MANUTENÇÃO E SEGURANÇA PARA TRATORES VALTRA"
"VALTRA","A63F","6","True","False","True","True","False","True","False","manual_servico_oficina","","CATALOGO DE PEÇAS DOS TRATORES VALTRA-VALMET | FOLHETO COM INFORMAÇÕES SOBRE ECONOMIA DE COMBUSTÍVEL, CONFORTO, VERSATILIDADE E TECNOLOGIA AVANÇADA DE TODOS TRATORES VALTRA. | MANUAL COM INSTRUÇÕES PARA TRATORES VALTRA | MANUAL COM INSTRUÇÕES SOBRE OPERAÇÃO, MANUTENÇÃO E SEGURANÇA PARA TRATORES VALTRA | MANUAL DO OPERADOR TRATOR VALTRA A3F | MANUAL DO OPERADOR TRATOR VALTRA SERIE A3F EM ESPANHOL"
"VALTRA","A73F","5","True","False","True","True","False","False","False","manual_servico_oficina","","CATALOGO DE PEÇAS DOS TRATORES VALTRA-VALMET | MANUAL COM INSTRUÇÕES PARA TRATORES VALTRA | MANUAL COM INSTRUÇÕES SOBRE OPERAÇÃO, MANUTENÇÃO E SEGURANÇA PARA TRATORES VALTRA | MANUAL DO OPERADOR TRATOR VALTRA A3F | MANUAL DO OPERADOR TRATOR VALTRA SERIE A3F EM ESPANHOL"
"VALTRA","A74","4","True","False","True","True","False","True","False","manual_servico_oficina","","CATALOGO DE PEÇAS DOS TRATORES VALTRA-VALMET | FOLHETO COM INFORMAÇÕES SOBRE ECONOMIA DE COMBUSTÍVEL, CONFORTO, VERSATILIDADE E TECNOLOGIA AVANÇADA DE TODOS TRATORES VALTRA. | MANUAL COM INSTRUÇÕES PARA TRATORES VALTRA | MANUAL COM INSTRUÇÕES SOBRE OPERAÇÃO, MANUTENÇÃO E SEGURANÇA PARA TRATORES VALTRA"
"VALTRA","A74s","7","True","True","True","True","False","True","False","","","CATALOGO DE PEÇAS DOS TRATORES VALTRA-VALMET | FOLHETO COM INFORMAÇÕES SOBRE ECONOMIA DE COMBUSTÍVEL, CONFORTO, VERSATILIDADE E TECNOLOGIA AVANÇADA DE TODOS TRATORES VALTRA._compressed | FOLHETO SOBRE POTÊNCIA E VERSATILIDADE TRATORES VALTRA SÉRIE A4 E A4S | MANUAL COM INSTRUÇÕES PARA TRATORES VALTRA | MANUAL COM INSTRUÇÕES SOBRE OPERAÇÃO, MANUTENÇÃO E SEGURANÇA PARA TRATORES VALTRA | MANUAL DE SERVIÇO DOS TRATORES VALTRA SERIE A4S - A74S A84S A94S | MANUTENÇÃO PERIÓDICA TRATORES VALTRA A4S"
"VALTRA","A74SC","3","True","False","True","True","False","False","False","manual_servico_oficina","","CATALOGO DE PEÇAS DOS TRATORES VALTRA-VALMET | MANUAL COM INSTRUÇÕES PARA TRATORES VALTRA | MANUAL COM INSTRUÇÕES SOBRE OPERAÇÃO, MANUTENÇÃO E SEGURANÇA PARA TRATORES VALTRA"
"VALTRA","A83F","6","True","False","True","True","False","True","False","manual_servico_oficina","","CATALOGO DE PEÇAS DOS TRATORES VALTRA-VALMET | FOLHETO COM INFORMAÇÕES SOBRE ECONOMIA DE COMBUSTÍVEL, CONFORTO, VERSATILIDADE E TECNOLOGIA AVANÇADA DE TODOS TRATORES VALTRA._compressed | MANUAL COM INSTRUÇÕES PARA TRATORES VALTRA | MANUAL COM INSTRUÇÕES SOBRE OPERAÇÃO, MANUTENÇÃO E SEGURANÇA PARA TRATORES VALTRA | MANUAL DO OPERADOR TRATOR VALTRA A3F | MANUAL DO OPERADOR TRATOR VALTRA SERIE A3F EM ESPANHOL"
"VALTRA","A84","4","True","False","True","True","False","True","False","manual_servico_oficina","","CATALOGO DE PEÇAS DOS TRATORES VALTRA-VALMET | FOLHETO COM INFORMAÇÕES SOBRE ECONOMIA DE COMBUSTÍVEL, CONFORTO, VERSATILIDADE E TECNOLOGIA AVANÇADA DE TODOS TRATORES VALTRA._compressed | MANUAL COM INSTRUÇÕES PARA TRATORES VALTRA | MANUAL COM INSTRUÇÕES SOBRE OPERAÇÃO, MANUTENÇÃO E SEGURANÇA PARA TRATORES VALTRA"
"VALTRA","A84s","7","True","True","True","True","False","True","False","","","CATALOGO DE PEÇAS DOS TRATORES VALTRA-VALMET | FOLHETO COM INFORMAÇÕES SOBRE ECONOMIA DE COMBUSTÍVEL, CONFORTO, VERSATILIDADE E TECNOLOGIA AVANÇADA DE TODOS TRATORES VALTRA._compressed | FOLHETO SOBRE POTÊNCIA E VERSATILIDADE TRATORES VALTRA SÉRIE A4 E A4S | MANUAL COM INSTRUÇÕES PARA TRATORES VALTRA | MANUAL COM INSTRUÇÕES SOBRE OPERAÇÃO, MANUTENÇÃO E SEGURANÇA PARA TRATORES VALTRA | MANUAL DE SERVIÇO DOS TRATORES VALTRA SERIE A4S - A74S A84S A94S | MANUTENÇÃO PERIÓDICA TRATORES VALTRA A4S"
"VALTRA","A93F","6","True","False","True","True","False","True","False","manual_servico_oficina","","CATALOGO DE PEÇAS DOS TRATORES VALTRA-VALMET | FOLHETO COM INFORMAÇÕES SOBRE ECONOMIA DE COMBUSTÍVEL, CONFORTO, VERSATILIDADE E TECNOLOGIA AVANÇADA DE TODOS TRATORES VALTRA._compressed | MANUAL COM INSTRUÇÕES PARA TRATORES VALTRA | MANUAL COM INSTRUÇÕES SOBRE OPERAÇÃO, MANUTENÇÃO E SEGURANÇA PARA TRATORES VALTRA | MANUAL DO OPERADOR TRATOR VALTRA A3F | MANUAL DO OPERADOR TRATOR VALTRA SERIE A3F EM ESPANHOL"
"VALTRA","A94","7","True","False","True","True","False","True","False","manual_servico_oficina","","CATALOGO DE PEÇAS DOS TRATORES VALTRA-VALMET | FOLHETO COM INFORMAÇÕES SOBRE ECONOMIA DE COMBUSTÍVEL, CONFORTO, VERSATILIDADE E TECNOLOGIA AVANÇADA DE TODOS TRATORES VALTRA._compressed | FOLHETO DOS TRATORES AGRICOLAS A94 E A104 | FOLHETO SOBRE POTÊNCIA E VERSATILIDADE TRATORES VALTRA SÉRIE A4 E A4S | MANUAL COM INSTRUÇÕES PARA TRATORES VALTRA | MANUAL COM INSTRUÇÕES SOBRE OPERAÇÃO, MANUTENÇÃO E SEGURANÇA PARA TRATORES VALTRA | MANUTENÇÃO PERIÓDICA TRATORES VALTRA A4 E BH G2"
"VALTRA","A94S","7","True","True","True","True","False","True","False","","","CATALOGO DE PEÇAS DOS TRATORES VALTRA-VALMET | FOLHETO COM INFORMAÇÕES SOBRE ECONOMIA DE COMBUSTÍVEL, CONFORTO, VERSATILIDADE E TECNOLOGIA AVANÇADA DE TODOS TRATORES VALTRA._compressed | FOLHETO SOBRE POTÊNCIA E VERSATILIDADE TRATORES VALTRA SÉRIE A4 E A4S | MANUAL COM INSTRUÇÕES PARA TRATORES VALTRA | MANUAL COM INSTRUÇÕES SOBRE OPERAÇÃO, MANUTENÇÃO E SEGURANÇA PARA TRATORES VALTRA | MANUAL DE SERVIÇO DOS TRATORES VALTRA SERIE A4S - A74S A84S A94S | MANUTENÇÃO PERIÓDICA TRATORES VALTRA A4S"
"VALTRA","A104","7","True","False","True","True","False","True","False","manual_servico_oficina","","CATALOGO DE PEÇAS DOS TRATORES VALTRA-VALMET | FOLHETO COM INFORMAÇÕES SOBRE ECONOMIA DE COMBUSTÍVEL, CONFORTO, VERSATILIDADE E TECNOLOGIA AVANÇADA DE TODOS TRATORES VALTRA._compressed | FOLHETO DOS TRATORES AGRICOLAS A94 E A104 | FOLHETO SOBRE POTÊNCIA E VERSATILIDADE TRATORES VALTRA SÉRIE A4 E A4S | MANUAL COM INSTRUÇÕES PARA TRATORES VALTRA | MANUAL COM INSTRUÇÕES SOBRE OPERAÇÃO, MANUTENÇÃO E SEGURANÇA PARA TRATORES VALTRA | MANUTENÇÃO PERIÓDICA TRATORES VALTRA A4 E BH G2"
"VALTRA","A114","7","True","False","True","True","False","True","False","manual_servico_oficina","","CATALOGO DE PEÇAS DOS TRATORES VALTRA-VALMET | FOLHETO COM INFORMAÇÕES SOBRE ECONOMIA DE COMBUSTÍVEL, CONFORTO, VERSATILIDADE E TECNOLOGIA AVANÇADA DE TODOS TRATORES VALTRA._compressed | FOLHETO DOS TRATORES AGRICOLAS A4 | FOLHETO SOBRE POTÊNCIA E VERSATILIDADE TRATORES VALTRA SÉRIE A4 E A4S | MANUAL COM INSTRUÇÕES PARA TRATORES VALTRA | MANUAL COM INSTRUÇÕES SOBRE OPERAÇÃO, MANUTENÇÃO E SEGURANÇA PARA TRATORES VALTRA | MANUTENÇÃO PERIÓDICA TRATORES VALTRA A4 E BH G2"
"VALTRA","A114LP","4","True","False","True","True","False","True","False","manual_servico_oficina","","CATALOGO DE PEÇAS DOS TRATORES VALTRA-VALMET | FOLHETO COM INFORMAÇÕES SOBRE ECONOMIA DE COMBUSTÍVEL, CONFORTO, VERSATILIDADE E TECNOLOGIA AVANÇADA DE TODOS TRATORES VALTRA._compressed | MANUAL COM INSTRUÇÕES PARA TRATORES VALTRA | MANUAL COM INSTRUÇÕES SOBRE OPERAÇÃO, MANUTENÇÃO E SEGURANÇA PARA TRATORES VALTRA"
"VALTRA","A124","7","True","False","True","True","False","True","False","manual_servico_oficina","","CATALOGO DE PEÇAS DOS TRATORES VALTRA-VALMET | FOLHETO COM INFORMAÇÕES SOBRE ECONOMIA DE COMBUSTÍVEL, CONFORTO, VERSATILIDADE E TECNOLOGIA AVANÇADA DE TODOS TRATORES VALTRA._compressed | FOLHETO DOS TRATORES AGRICOLAS A4 | FOLHETO SOBRE POTÊNCIA E VERSATILIDADE TRATORES VALTRA SÉRIE A4 E A4S | MANUAL COM INSTRUÇÕES PARA TRATORES VALTRA | MANUAL COM INSTRUÇÕES SOBRE OPERAÇÃO, MANUTENÇÃO E SEGURANÇA PARA TRATORES VALTRA | MANUTENÇÃO PERIÓDICA TRATORES VALTRA A4 E BH G2"
"VALTRA","A124H","5","True","False","True","True","False","True","False","manual_servico_oficina","","CATALOGO DE PEÇAS DOS TRATORES VALTRA-VALMET | FOLHETO COM INFORMAÇÕES SOBRE ECONOMIA DE COMBUSTÍVEL, CONFORTO, VERSATILIDADE E TECNOLOGIA AVANÇADA DE TODOS TRATORES VALTRA._compressed | FOLHETO DOS TRATORES AGRICOLAS A4 HITECH | MANUAL COM INSTRUÇÕES PARA TRATORES VALTRA | MANUAL COM INSTRUÇÕES SOBRE OPERAÇÃO, MANUTENÇÃO E SEGURANÇA PARA TRATORES VALTRA"
"VALTRA","A124LC","4","True","False","True","True","False","True","False","manual_servico_oficina","","CATALOGO DE PEÇAS DOS TRATORES VALTRA-VALMET | FOLHETO COM INFORMAÇÕES SOBRE ECONOMIA DE COMBUSTÍVEL, CONFORTO, VERSATILIDADE E TECNOLOGIA AVANÇADA DE TODOS TRATORES VALTRA._compressed | MANUAL COM INSTRUÇÕES PARA TRATORES VALTRA | MANUAL COM INSTRUÇÕES SOBRE OPERAÇÃO, MANUTENÇÃO E SEGURANÇA PARA TRATORES VALTRA"
"VALTRA","A124LP","4","True","False","True","True","False","True","False","manual_servico_oficina","","CATALOGO DE PEÇAS DOS TRATORES VALTRA-VALMET | FOLHETO COM INFORMAÇÕES SOBRE ECONOMIA DE COMBUSTÍVEL, CONFORTO, VERSATILIDADE E TECNOLOGIA AVANÇADA DE TODOS TRATORES VALTRA._compressed | MANUAL COM INSTRUÇÕES PARA TRATORES VALTRA | MANUAL COM INSTRUÇÕES SOBRE OPERAÇÃO, MANUTENÇÃO E SEGURANÇA PARA TRATORES VALTRA"
"VALTRA","A134","7","True","False","True","True","False","True","False","manual_servico_oficina","","CATALOGO DE PEÇAS DOS TRATORES VALTRA-VALMET | FOLHETO COM INFORMAÇÕES SOBRE ECONOMIA DE COMBUSTÍVEL, CONFORTO, VERSATILIDADE E TECNOLOGIA AVANÇADA DE TODOS TRATORES VALTRA._compressed | FOLHETO DOS TRATORES AGRICOLAS A4 | FOLHETO SOBRE POTÊNCIA E VERSATILIDADE TRATORES VALTRA SÉRIE A4 E A4S | MANUAL COM INSTRUÇÕES PARA TRATORES VALTRA | MANUAL COM INSTRUÇÕES SOBRE OPERAÇÃO, MANUTENÇÃO E SEGURANÇA PARA TRATORES VALTRA | MANUTENÇÃO PERIÓDICA TRATORES VALTRA A4 E BH G2"
"VALTRA","A134H","5","True","False","True","True","False","True","False","manual_servico_oficina","","CATALOGO DE PEÇAS DOS TRATORES VALTRA-VALMET | FOLHETO COM INFORMAÇÕES SOBRE ECONOMIA DE COMBUSTÍVEL, CONFORTO, VERSATILIDADE E TECNOLOGIA AVANÇADA DE TODOS TRATORES VALTRA._compressed | FOLHETO DOS TRATORES AGRICOLAS A4 HITECH | MANUAL COM INSTRUÇÕES PARA TRATORES VALTRA | MANUAL COM INSTRUÇÕES SOBRE OPERAÇÃO, MANUTENÇÃO E SEGURANÇA PARA TRATORES VALTRA"
"VALTRA","A144","5","True","False","True","True","False","True","False","manual_servico_oficina","","CATALOGO DE PEÇAS DOS TRATORES VALTRA-VALMET | FOLHETO COM INFORMAÇÕES SOBRE ECONOMIA DE COMBUSTÍVEL, CONFORTO, VERSATILIDADE E TECNOLOGIA AVANÇADA DE TODOS TRATORES VALTRA._compressed | FOLHETO DOS TRATORES AGRICOLAS A4 | MANUAL COM INSTRUÇÕES PARA TRATORES VALTRA | MANUAL COM INSTRUÇÕES SOBRE OPERAÇÃO, MANUTENÇÃO E SEGURANÇA PARA TRATORES VALTRA"
"VALTRA","A144H","5","True","False","True","True","False","True","False","manual_servico_oficina","","CATALOGO DE PEÇAS DOS TRATORES VALTRA-VALMET | FOLHETO COM INFORMAÇÕES SOBRE ECONOMIA DE COMBUSTÍVEL, CONFORTO, VERSATILIDADE E TECNOLOGIA AVANÇADA DE TODOS TRATORES VALTRA._compressed | FOLHETO DOS TRATORES AGRICOLAS A4 HITECH | MANUAL COM INSTRUÇÕES PARA TRATORES VALTRA | MANUAL COM INSTRUÇÕES SOBRE OPERAÇÃO, MANUTENÇÃO E SEGURANÇA PARA TRATORES VALTRA"
"VALTRA","A144L","4","True","False","True","True","False","True","False","manual_servico_oficina","","CATALOGO DE PEÇAS DOS TRATORES VALTRA-VALMET | FOLHETO COM INFORMAÇÕES SOBRE ECONOMIA DE COMBUSTÍVEL, CONFORTO, VERSATILIDADE E TECNOLOGIA AVANÇADA DE TODOS TRATORES VALTRA._compressed | MANUAL COM INSTRUÇÕES PARA TRATORES VALTRA | MANUAL COM INSTRUÇÕES SOBRE OPERAÇÃO, MANUTENÇÃO E SEGURANÇA PARA TRATORES VALTRA"
"VALTRA","A144LC","4","True","False","True","True","False","True","False","manual_servico_oficina","","CATALOGO DE PEÇAS DOS TRATORES VALTRA-VALMET | FOLHETO COM INFORMAÇÕES SOBRE ECONOMIA DE COMBUSTÍVEL, CONFORTO, VERSATILIDADE E TECNOLOGIA AVANÇADA DE TODOS TRATORES VALTRA._compressed | MANUAL COM INSTRUÇÕES PARA TRATORES VALTRA | MANUAL COM INSTRUÇÕES SOBRE OPERAÇÃO, MANUTENÇÃO E SEGURANÇA PARA TRATORES VALTRA"
"VALTRA","A550","4","True","False","True","True","False","True","False","manual_servico_oficina","","CATALOGO DE PEÇAS DOS TRATORES VALTRA-VALMET | FOLHETO COM INFORMAÇÕES SOBRE ECONOMIA DE COMBUSTÍVEL, CONFORTO, VERSATILIDADE E TECNOLOGIA AVANÇADA DE TODOS TRATORES VALTRA._compressed | MANUAL COM INSTRUÇÕES PARA TRATORES VALTRA | MANUAL COM INSTRUÇÕES SOBRE OPERAÇÃO, MANUTENÇÃO E SEGURANÇA PARA TRATORES VALTRA"
"VALTRA","A750","8","True","False","True","True","False","True","False","manual_servico_oficina","","CATALOGO DE PEÇAS DOS TRATORES VALTRA-VALMET | CATALOGO DE PEÇAS DOS TRATORES VALTRA-VALMET | FOLHETO COM INFORMAÇÕES SOBRE ECONOMIA DE COMBUSTÍVEL, CONFORTO, VERSATILIDADE E TECNOLOGIA AVANÇADA DE TODOS TRATORES VALTRA._compressed | FOLHETO COM INFORMAÇÕES SOBRE ECONOMIA DE COMBUSTÍVEL, CONFORTO, VERSATILIDADE E TECNOLOGIA AVANÇADA DE TODOS TRATORES VALTRA._compressed | MANUAL COM INSTRUÇÕES PARA TRATORES VALTRA | MANUAL COM INSTRUÇÕES PARA TRATORES VALTRA | MANUAL COM INSTRUÇÕES SOBRE OPERAÇÃO, MANUTENÇÃO E SEGURANÇA PARA TRATORES VALTRA | MANUAL COM INSTRUÇÕES SOBRE OPERAÇÃO, MANUTENÇÃO E SEGURANÇA PARA TRATORES VALTRA"
"VALTRA","A800C","0","False","False","False","False","False","False","False","manual_operador; manual_servico_oficina; catalogo_pecas","",""
"VALTRA","A800P","0","False","False","False","False","False","False","False","manual_operador; manual_servico_oficina; catalogo_pecas","",""
"VALTRA","A800R","0","False","False","False","False","False","False","False","manual_operador; manual_servico_oficina; catalogo_pecas","",""
"VALTRA","A850","0","False","False","False","False","False","False","False","manual_operador; manual_servico_oficina; catalogo_pecas","A850F",""
"VALTRA","A850C","0","False","False","False","False","False","False","False","manual_operador; manual_servico_oficina; catalogo_pecas","",""
"VALTRA","A850F","5","True","False","True","True","False","True","False","manual_servico_oficina","","CATALOGO DE PEÇAS DOS TRATORES VALTRA-VALMET | ESPECIFICAÇÕES DO TRATOR VALTRA A850F | FOLHETO COM INFORMAÇÕES SOBRE ECONOMIA DE COMBUSTÍVEL, CONFORTO, VERSATILIDADE E TECNOLOGIA AVANÇADA DE TODOS TRATORES VALTRA._compressed | MANUAL COM INSTRUÇÕES PARA TRATORES VALTRA | MANUAL COM INSTRUÇÕES SOBRE OPERAÇÃO, MANUTENÇÃO E SEGURANÇA PARA TRATORES VALTRA"
"VALTRA","A850R","0","False","False","False","False","False","False","False","manual_operador; manual_servico_oficina; catalogo_pecas","",""
"VALTRA","A950","0","False","False","False","False","False","False","False","manual_operador; manual_servico_oficina; catalogo_pecas","",""
"VALTRA","A950C","0","False","False","False","False","False","False","False","manual_operador; manual_servico_oficina; catalogo_pecas","",""
"VALTRA","A950R","0","False","False","False","False","False","False","False","manual_operador; manual_servico_oficina; catalogo_pecas","",""
"VALTRA","A990","0","False","False","False","False","False","False","False","manual_operador; manual_servico_oficina; catalogo_pecas","",""
"VALTRA","A990C","0","False","False","False","False","False","False","False","manual_operador; manual_servico_oficina; catalogo_pecas","",""
"VALTRA","A990R","0","False","False","False","False","False","False","False","manual_operador; manual_servico_oficina; catalogo_pecas","",""
"VALTRA","BM115","0","False","False","False","False","False","False","False","manual_operador; manual_servico_oficina; catalogo_pecas","",""
"VALTRA","BM115C","0","False","False","False","False","False","False","False","manual_operador; manual_servico_oficina; catalogo_pecas","",""
"VALTRA","BM135","0","False","False","False","False","False","False","False","manual_operador; manual_servico_oficina; catalogo_pecas","",""
"VALTRA","BM135C","0","False","False","False","False","False","False","False","manual_operador; manual_servico_oficina; catalogo_pecas","",""
"VALTRA","BT170","0","False","False","False","False","False","False","False","manual_operador; manual_servico_oficina; catalogo_pecas","",""
"VALTRA","BT190","0","False","False","False","False","False","False","False","manual_operador; manual_servico_oficina; catalogo_pecas","",""
"VALTRA","BT210","0","False","False","False","False","False","False","False","manual_operador; manual_servico_oficina; catalogo_pecas","",""
