"marca","modelo_solicitado","status","modelo_appmaq_correspondente","quantidade_manuais_appmaq","candidatos_parecidos","observacao"
"NEW HOLLAND","T9.470 - COM LEVANTE","JA_APARECE_COM_MANUAL_NO_APPMAQ","T9.470 - COM LEVANTE","5","","Encontrado por marca e modelo normalizados."
"NEW HOLLAND","T9.470 - PIVOT","JA_APARECE_COM_MANUAL_NO_APPMAQ","T9.470 - PIVOT","5","","Encontrado por marca e modelo normalizados."
"NEW HOLLAND","T9.480","JA_APARECE_COM_MANUAL_NO_APPMAQ","T9.480","5","","Encontrado por marca e modelo normalizados."
"NEW HOLLAND","T9.520 - COM LEVANTE","JA_APARECE_COM_MANUAL_NO_APPMAQ","T9.520 - COM LEVANTE","5","","Encontrado por marca e modelo normalizados."
"NEW HOLLAND","T9.520 - PIVOT","JA_APARECE_COM_MANUAL_NO_APPMAQ","T9.520  - PIVOT","5","","Encontrado por marca e modelo normalizados."
"NEW HOLLAND","T9.565","JA_APARECE_COM_MANUAL_NO_APPMAQ","T9.565","5","","Encontrado por marca e modelo normalizados."
"NEW HOLLAND","T9.580 - COM LEVANTE","JA_APARECE_COM_MANUAL_NO_APPMAQ","T9.580 - COM LEVANTE","5","","Encontrado por marca e modelo normalizados."
"NEW HOLLAND","T9.580 - PIVOT","JA_APARECE_COM_MANUAL_NO_APPMAQ","T9.580 - PIVOT","5","","Encontrado por marca e modelo normalizados."
"NEW HOLLAND","T9.615 - COM LEVANTE","JA_APARECE_COM_MANUAL_NO_APPMAQ","T9.615 - COM LEVANTE","6","","Encontrado por marca e modelo normalizados."
"NEW HOLLAND","T9.615 - PIVOT","JA_APARECE_COM_MANUAL_NO_APPMAQ","T9.615 - PIVOT","6","","Encontrado por marca e modelo normalizados."
"NEW HOLLAND","T9.700 - PIVOT","JA_APARECE_COM_MANUAL_NO_APPMAQ","T9.700 - PIVOT","8","","Encontrado por marca e modelo normalizados."
"NEW HOLLAND","TL100","JA_APARECE_COM_MANUAL_NO_APPMAQ","TL100","5","","Encontrado por marca e modelo normalizados."
"NEW HOLLAND","TL5.100","JA_APARECE_COM_MANUAL_NO_APPMAQ","TL5.100","7","","Encontrado por marca e modelo normalizados."
"NEW HOLLAND","TL5.80","JA_APARECE_COM_MANUAL_NO_APPMAQ","TL5.80","7","","Encontrado por marca e modelo normalizados."
"NEW HOLLAND","TL5.90","JA_APARECE_COM_MANUAL_NO_APPMAQ","TL5.90","7","","Encontrado por marca e modelo normalizados."
"NEW HOLLAND","TL60E","JA_APARECE_COM_MANUAL_NO_APPMAQ","TL60E","8","","Encontrado por marca e modelo normalizados."
"NEW HOLLAND","TL65","JA_APARECE_COM_MANUAL_NO_APPMAQ","TL65","6","","Encontrado por marca e modelo normalizados."
"NEW HOLLAND","TL70","JA_APARECE_COM_MANUAL_NO_APPMAQ","TL70","5","","Encontrado por marca e modelo normalizados."
"NEW HOLLAND","TL75","JA_APARECE_COM_MANUAL_NO_APPMAQ","TL75","7","","Encontrado por marca e modelo normalizados."
"NEW HOLLAND","TL75E","JA_APARECE_COM_MANUAL_NO_APPMAQ","TL75E","7","","Encontrado por marca e modelo normalizados."
"NEW HOLLAND","TL80","JA_APARECE_COM_MANUAL_NO_APPMAQ","TL80","5","","Encontrado por marca e modelo normalizados."
"NEW HOLLAND","TL85","JA_APARECE_COM_MANUAL_NO_APPMAQ","TL85","7","","Encontrado por marca e modelo normalizados."
"NEW HOLLAND","TL85E","JA_APARECE_COM_MANUAL_NO_APPMAQ","TL85E","7","","Encontrado por marca e modelo normalizados."
"NEW HOLLAND","TL90","JA_APARECE_COM_MANUAL_NO_APPMAQ","TL90","6","","Encontrado por marca e modelo normalizados."
"NEW HOLLAND","TL95","JA_APARECE_COM_MANUAL_NO_APPMAQ","TL95","6","","Encontrado por marca e modelo normalizados."
"NEW HOLLAND","TL95E","JA_APARECE_COM_MANUAL_NO_APPMAQ","TL95E","7","","Encontrado por marca e modelo normalizados."
"NEW HOLLAND","TK4.80N","NAO_APARECE_COM_MANUAL_NA_CONSULTA_PUBLICA","","0","TK4.80","Ha modelo parecido na Appmaq; validar sufixo/versao antes de considerar cadastrado."
"NEW HOLLAND","TM120","JA_APARECE_COM_MANUAL_NO_APPMAQ","TM120","3","","Encontrado por marca e modelo normalizados."
"NEW HOLLAND","TM135","JA_APARECE_COM_MANUAL_NO_APPMAQ","TM135","4","","Encontrado por marca e modelo normalizados."
"NEW HOLLAND","TM140","JA_APARECE_COM_MANUAL_NO_APPMAQ","TM140","3","","Encontrado por marca e modelo normalizados."
"NEW HOLLAND","TM150","JA_APARECE_COM_MANUAL_NO_APPMAQ","TM150","4","","Encontrado por marca e modelo normalizados."
"NEW HOLLAND","TM165","JA_APARECE_COM_MANUAL_NO_APPMAQ","TM165","4","","Encontrado por marca e modelo normalizados."
"NEW HOLLAND","TM7010","JA_APARECE_COM_MANUAL_NO_APPMAQ","TM7010","5","","Encontrado por marca e modelo normalizados."
"NEW HOLLAND","TM.7020","JA_APARECE_COM_MANUAL_NO_APPMAQ","TM.7020","5","","Encontrado por marca e modelo normalizados."
"NEW HOLLAND","TM.7040","JA_APARECE_COM_MANUAL_NO_APPMAQ","TM.7040","5","","Encontrado por marca e modelo normalizados."
"NEW HOLLAND","TS100","JA_APARECE_COM_MANUAL_NO_APPMAQ","TS100","4","","Encontrado por marca e modelo normalizados."
"NEW HOLLAND","TS110","JA_APARECE_COM_MANUAL_NO_APPMAQ","TS110","4","","Encontrado por marca e modelo normalizados."
"NEW HOLLAND","TS120","JA_APARECE_COM_MANUAL_NO_APPMAQ","TS120","4","","Encontrado por marca e modelo normalizados."
"NEW HOLLAND","TS6020","JA_APARECE_COM_MANUAL_NO_APPMAQ","TS6020","3","","Encontrado por marca e modelo normalizados."
"NEW HOLLAND","TS6040","JA_APARECE_COM_MANUAL_NO_APPMAQ","TS6040","3","","Encontrado por marca e modelo normalizados."
"NEW HOLLAND","TT3.50","JA_APARECE_COM_MANUAL_NO_APPMAQ","TT3.50","4","","Encontrado por marca e modelo normalizados."
"NEW HOLLAND","TT3840","JA_APARECE_COM_MANUAL_NO_APPMAQ","TT3840","5","","Encontrado por marca e modelo normalizados."
"NEW HOLLAND","TT3880","JA_APARECE_COM_MANUAL_NO_APPMAQ","TT3880","5","","Encontrado por marca e modelo normalizados."
"NEW HOLLAND","TT3880F","JA_APARECE_COM_MANUAL_NO_APPMAQ","TT3880F","5","","Encontrado por marca e modelo normalizados."
"NEW HOLLAND","TT4030","JA_APARECE_COM_MANUAL_NO_APPMAQ","TT4030","5","","Encontrado por marca e modelo normalizados."
"NEW HOLLAND","TT4.75","JA_APARECE_COM_MANUAL_NO_APPMAQ","TT4.75","6","","Encontrado por marca e modelo normalizados."
"NEW HOLLAND","TT4.90","JA_APARECE_COM_MANUAL_NO_APPMAQ","TT4.90","5","","Encontrado por marca e modelo normalizados."
"NEW HOLLAND","TT55","NAO_APARECE_COM_MANUAL_NA_CONSULTA_PUBLICA","","0","TT55F","Ha modelo parecido na Appmaq; validar sufixo/versao antes de considerar cadastrado."
"NEW HOLLAND","TT65F","JA_APARECE_COM_MANUAL_NO_APPMAQ","TT65F","5","","Encontrado por marca e modelo normalizados."
"NEW HOLLAND","TT75","NAO_APARECE_COM_MANUAL_NA_CONSULTA_PUBLICA","","0","TT75F","Ha modelo parecido na Appmaq; validar sufixo/versao antes de considerar cadastrado."
"MASSEY FERGUSON","8S.205","JA_APARECE_COM_MANUAL_NO_APPMAQ","8S.205","6","","Encontrado por marca e modelo normalizados."
"MASSEY FERGUSON","8S.225","JA_APARECE_COM_MANUAL_NO_APPMAQ","8S.225","6","","Encontrado por marca e modelo normalizados."
"MASSEY FERGUSON","8S.245","JA_APARECE_COM_MANUAL_NO_APPMAQ","8S.245","6","","Encontrado por marca e modelo normalizados."
"MASSEY FERGUSON","8S.265","JA_APARECE_COM_MANUAL_NO_APPMAQ","8S.265","6","","Encontrado por marca e modelo normalizados."
"MASSEY FERGUSON","8S.285","JA_APARECE_COM_MANUAL_NO_APPMAQ","8S.285","6","","Encontrado por marca e modelo normalizados."
"MASSEY FERGUSON","8S.305","JA_APARECE_COM_MANUAL_NO_APPMAQ","8S.305","4","","Encontrado por marca e modelo normalizados."
"MASSEY FERGUSON","MF235","JA_APARECE_COM_MANUAL_NO_APPMAQ","MF235","5","","Encontrado por marca e modelo normalizados."
"MASSEY FERGUSON","MF250","JA_APARECE_COM_MANUAL_NO_APPMAQ","MF250","5","","Encontrado por marca e modelo normalizados."
"MASSEY FERGUSON","MF255","JA_APARECE_COM_MANUAL_NO_APPMAQ","MF255","5","","Encontrado por marca e modelo normalizados."
"MASSEY FERGUSON","MF255 ADVANCED","JA_APARECE_COM_MANUAL_NO_APPMAQ","MF255 ADVANCED","4","","Encontrado por marca e modelo normalizados."
"MASSEY FERGUSON","MF265","JA_APARECE_COM_MANUAL_NO_APPMAQ","MF265","4","","Encontrado por marca e modelo normalizados."
"MASSEY FERGUSON","MF275","JA_APARECE_COM_MANUAL_NO_APPMAQ","MF275","4","","Encontrado por marca e modelo normalizados."
"MASSEY FERGUSON","MF283","JA_APARECE_COM_MANUAL_NO_APPMAQ","MF283","4","","Encontrado por marca e modelo normalizados."
"MASSEY FERGUSON","MF290","JA_APARECE_COM_MANUAL_NO_APPMAQ","MF290","10","","Encontrado por marca e modelo normalizados."
"MASSEY FERGUSON","MF291","JA_APARECE_COM_MANUAL_NO_APPMAQ","MF291","4","","Encontrado por marca e modelo normalizados."
"MASSEY FERGUSON","MF292","JA_APARECE_COM_MANUAL_NO_APPMAQ","MF292","5","","Encontrado por marca e modelo normalizados."
"MASSEY FERGUSON","MF296","JA_APARECE_COM_MANUAL_NO_APPMAQ","MF296","4","","Encontrado por marca e modelo normalizados."
"MASSEY FERGUSON","MF297","JA_APARECE_COM_MANUAL_NO_APPMAQ","MF297","4","","Encontrado por marca e modelo normalizados."
"MASSEY FERGUSON","MF299","JA_APARECE_COM_MANUAL_NO_APPMAQ","MF299","5","","Encontrado por marca e modelo normalizados."
"MASSEY FERGUSON","MF3306","JA_APARECE_COM_MANUAL_NO_APPMAQ","MF3306","4","","Encontrado por marca e modelo normalizados."
"MASSEY FERGUSON","MF3307","JA_APARECE_COM_MANUAL_NO_APPMAQ","MF3307","4","","Encontrado por marca e modelo normalizados."
"MASSEY FERGUSON","MF3308","JA_APARECE_COM_MANUAL_NO_APPMAQ","MF3308","4","","Encontrado por marca e modelo normalizados."
"MASSEY FERGUSON","MF4265","JA_APARECE_COM_MANUAL_NO_APPMAQ","MF4265","7","","Encontrado por marca e modelo normalizados."
"MASSEY FERGUSON","MF4275","JA_APARECE_COM_MANUAL_NO_APPMAQ","MF4275","8","","Encontrado por marca e modelo normalizados."
"MASSEY FERGUSON","MF4280","JA_APARECE_COM_MANUAL_NO_APPMAQ","MF4280","5","","Encontrado por marca e modelo normalizados."
"MASSEY FERGUSON","MF4283","JA_APARECE_COM_MANUAL_NO_APPMAQ","MF4283","6","","Encontrado por marca e modelo normalizados."
"MASSEY FERGUSON","MF4290","JA_APARECE_COM_MANUAL_NO_APPMAQ","MF4290","1","","Encontrado por marca e modelo normalizados."
"MASSEY FERGUSON","MF4292","JA_APARECE_COM_MANUAL_NO_APPMAQ","MF4292","6","","Encontrado por marca e modelo normalizados."
"MASSEY FERGUSON","MF4297","JA_APARECE_COM_MANUAL_NO_APPMAQ","MF4297","6","","Encontrado por marca e modelo normalizados."
"MASSEY FERGUSON","MF4299","JA_APARECE_COM_MANUAL_NO_APPMAQ","MF4299","6","","Encontrado por marca e modelo normalizados."
"MASSEY FERGUSON","MF4305","JA_APARECE_COM_MANUAL_NO_APPMAQ","MF4305","3","","Encontrado por marca e modelo normalizados."
"MASSEY FERGUSON","MF4307","JA_APARECE_COM_MANUAL_NO_APPMAQ","MF4307","6","","Encontrado por marca e modelo normalizados."
"MASSEY FERGUSON","MF4408","JA_APARECE_COM_MANUAL_NO_APPMAQ","MF4408","5","","Encontrado por marca e modelo normalizados."
"MASSEY FERGUSON","MF4409","JA_APARECE_COM_MANUAL_NO_APPMAQ","MF4409","5","","Encontrado por marca e modelo normalizados."
"MASSEY FERGUSON","MF4410","JA_APARECE_COM_MANUAL_NO_APPMAQ","MF4410","10","","Encontrado por marca e modelo normalizados."
"MASSEY FERGUSON","MF4707","NAO_APARECE_COM_MANUAL_NA_CONSULTA_PUBLICA","","0","","Nao apareceu na consulta publica de manuais."
"MASSEY FERGUSON","MF4708","JA_APARECE_COM_MANUAL_NO_APPMAQ","MF4708","5","","Encontrado por marca e modelo normalizados."
"MASSEY FERGUSON","MF4709","JA_APARECE_COM_MANUAL_NO_APPMAQ","MF4709","5","","Encontrado por marca e modelo normalizados."
"MASSEY FERGUSON","MF50","JA_APARECE_COM_MANUAL_NO_APPMAQ","MF50","3","","Encontrado por marca e modelo normalizados."
"VALTRA","800","JA_APARECE_COM_MANUAL_NO_APPMAQ","800","4","","Encontrado por marca e modelo normalizados."
"VALTRA","885","JA_APARECE_COM_MANUAL_NO_APPMAQ","885","4","","Encontrado por marca e modelo normalizados."
"VALTRA","985","JA_APARECE_COM_MANUAL_NO_APPMAQ","985","4","","Encontrado por marca e modelo normalizados."
"VALTRA","1280","JA_APARECE_COM_MANUAL_NO_APPMAQ","1280","4","","Encontrado por marca e modelo normalizados."
"VALTRA","1780","JA_APARECE_COM_MANUAL_NO_APPMAQ","1780","4","","Encontrado por marca e modelo normalizados."
"VALTRA","1380 S","JA_APARECE_COM_MANUAL_NO_APPMAQ","1380 S","4","","Encontrado por marca e modelo normalizados."
"VALTRA","585","JA_APARECE_COM_MANUAL_NO_APPMAQ","585","5","","Encontrado por marca e modelo normalizados."
"VALTRA","685","JA_APARECE_COM_MANUAL_NO_APPMAQ","685","5","","Encontrado por marca e modelo normalizados."
"VALTRA","785","JA_APARECE_COM_MANUAL_NO_APPMAQ","785","5","","Encontrado por marca e modelo normalizados."
"VALTRA","T120","JA_APARECE_COM_MANUAL_NO_APPMAQ","T120","4","","Encontrado por marca e modelo normalizados."
"VALTRA","BF75","JA_APARECE_COM_MANUAL_NO_APPMAQ","BF75","5","","Encontrado por marca e modelo normalizados."
"VALTRA","BL77","JA_APARECE_COM_MANUAL_NO_APPMAQ","BL77","4","","Encontrado por marca e modelo normalizados."
"VALTRA","BL88","JA_APARECE_COM_MANUAL_NO_APPMAQ","BL88","4","","Encontrado por marca e modelo normalizados."
"VALTRA","BM85","JA_APARECE_COM_MANUAL_NO_APPMAQ","BM85","5","","Encontrado por marca e modelo normalizados."
"VALTRA","BM100","JA_APARECE_COM_MANUAL_NO_APPMAQ","BM100","5","","Encontrado por marca e modelo normalizados."
"VALTRA","BM110","JA_APARECE_COM_MANUAL_NO_APPMAQ","BM110","6","","Encontrado por marca e modelo normalizados."
"VALTRA","BM120","JA_APARECE_COM_MANUAL_NO_APPMAQ","BM120","5","","Encontrado por marca e modelo normalizados."
"VALTRA","BM125","JA_APARECE_COM_MANUAL_NO_APPMAQ","BM125","5","","Encontrado por marca e modelo normalizados."
"VALTRA","BH140","JA_APARECE_COM_MANUAL_NO_APPMAQ","BH140","5","","Encontrado por marca e modelo normalizados."
"VALTRA","BH160","JA_APARECE_COM_MANUAL_NO_APPMAQ","BH160","6","","Encontrado por marca e modelo normalizados."
"VALTRA","BH180","JA_APARECE_COM_MANUAL_NO_APPMAQ","BH180","7","","Encontrado por marca e modelo normalizados."
"VALTRA","BH145","JA_APARECE_COM_MANUAL_NO_APPMAQ","BH145","6","","Encontrado por marca e modelo normalizados."
"VALTRA","BH165","JA_APARECE_COM_MANUAL_NO_APPMAQ","BH165","7","","Encontrado por marca e modelo normalizados."
"VALTRA","BH185i","JA_APARECE_COM_MANUAL_NO_APPMAQ","BH185i","8","","Encontrado por marca e modelo normalizados."
"VALTRA","BH205i","JA_APARECE_COM_MANUAL_NO_APPMAQ","BH205i","6","","Encontrado por marca e modelo normalizados."
"VALTRA","A52s","JA_APARECE_COM_MANUAL_NO_APPMAQ","A52s","5","","Encontrado por marca e modelo normalizados."
"VALTRA","A62s","JA_APARECE_COM_MANUAL_NO_APPMAQ","A62s","5","","Encontrado por marca e modelo normalizados."
"VALTRA","A63F","JA_APARECE_COM_MANUAL_NO_APPMAQ","A63F","6","","Encontrado por marca e modelo normalizados."
"VALTRA","A73F","JA_APARECE_COM_MANUAL_NO_APPMAQ","A73F","5","","Encontrado por marca e modelo normalizados."
"VALTRA","A74","JA_APARECE_COM_MANUAL_NO_APPMAQ","A74","4","","Encontrado por marca e modelo normalizados."
"VALTRA","A74s","JA_APARECE_COM_MANUAL_NO_APPMAQ","A74s","7","","Encontrado por marca e modelo normalizados."
"VALTRA","A74SC","JA_APARECE_COM_MANUAL_NO_APPMAQ","A74SC","3","","Encontrado por marca e modelo normalizados."
"VALTRA","A83F","JA_APARECE_COM_MANUAL_NO_APPMAQ","A83F","6","","Encontrado por marca e modelo normalizados."
"VALTRA","A84","JA_APARECE_COM_MANUAL_NO_APPMAQ","A84","4","","Encontrado por marca e modelo normalizados."
"VALTRA","A84s","JA_APARECE_COM_MANUAL_NO_APPMAQ","A84s","7","","Encontrado por marca e modelo normalizados."
"VALTRA","A93F","JA_APARECE_COM_MANUAL_NO_APPMAQ","A93F","6","","Encontrado por marca e modelo normalizados."
"VALTRA","A94","JA_APARECE_COM_MANUAL_NO_APPMAQ","A94","7","","Encontrado por marca e modelo normalizados."
"VALTRA","A94S","JA_APARECE_COM_MANUAL_NO_APPMAQ","A94S","7","","Encontrado por marca e modelo normalizados."
"VALTRA","A104","JA_APARECE_COM_MANUAL_NO_APPMAQ","A104","7","","Encontrado por marca e modelo normalizados."
"VALTRA","A114","JA_APARECE_COM_MANUAL_NO_APPMAQ","A114","7","","Encontrado por marca e modelo normalizados."
"VALTRA","A114LP","JA_APARECE_COM_MANUAL_NO_APPMAQ","A114LP","4","","Encontrado por marca e modelo normalizados."
"VALTRA","A124","JA_APARECE_COM_MANUAL_NO_APPMAQ","A124","7","","Encontrado por marca e modelo normalizados."
"VALTRA","A124H","JA_APARECE_COM_MANUAL_NO_APPMAQ","A124H","5","","Encontrado por marca e modelo normalizados."
"VALTRA","A124LC","JA_APARECE_COM_MANUAL_NO_APPMAQ","A124LC","4","","Encontrado por marca e modelo normalizados."
"VALTRA","A124LP","JA_APARECE_COM_MANUAL_NO_APPMAQ","A124LP","4","","Encontrado por marca e modelo normalizados."
"VALTRA","A134","JA_APARECE_COM_MANUAL_NO_APPMAQ","A134","7","","Encontrado por marca e modelo normalizados."
"VALTRA","A134H","JA_APARECE_COM_MANUAL_NO_APPMAQ","A134H","5","","Encontrado por marca e modelo normalizados."
"VALTRA","A144","JA_APARECE_COM_MANUAL_NO_APPMAQ","A144","5","","Encontrado por marca e modelo normalizados."
"VALTRA","A144H","JA_APARECE_COM_MANUAL_NO_APPMAQ","A144H","5","","Encontrado por marca e modelo normalizados."
"VALTRA","A144L","JA_APARECE_COM_MANUAL_NO_APPMAQ","A144L","4","","Encontrado por marca e modelo normalizados."
"VALTRA","A144LC","JA_APARECE_COM_MANUAL_NO_APPMAQ","A144LC","4","","Encontrado por marca e modelo normalizados."
"VALTRA","A550","JA_APARECE_COM_MANUAL_NO_APPMAQ","A550","4","","Encontrado por marca e modelo normalizados."
"VALTRA","A750","JA_APARECE_COM_MANUAL_NO_APPMAQ","A750","8","","Encontrado por marca e modelo normalizados."
"VALTRA","A800C","NAO_APARECE_COM_MANUAL_NA_CONSULTA_PUBLICA","","0","","Nao apareceu na consulta publica de manuais."
"VALTRA","A800P","NAO_APARECE_COM_MANUAL_NA_CONSULTA_PUBLICA","","0","","Nao apareceu na consulta publica de manuais."
"VALTRA","A800R","NAO_APARECE_COM_MANUAL_NA_CONSULTA_PUBLICA","","0","","Nao apareceu na consulta publica de manuais."
"VALTRA","A850","NAO_APARECE_COM_MANUAL_NA_CONSULTA_PUBLICA","","0","A850F","Ha modelo parecido na Appmaq; validar sufixo/versao antes de considerar cadastrado."
"VALTRA","A850C","NAO_APARECE_COM_MANUAL_NA_CONSULTA_PUBLICA","","0","","Nao apareceu na consulta publica de manuais."
"VALTRA","A850F","JA_APARECE_COM_MANUAL_NO_APPMAQ","A850F","5","","Encontrado por marca e modelo normalizados."
"VALTRA","A850R","NAO_APARECE_COM_MANUAL_NA_CONSULTA_PUBLICA","","0","","Nao apareceu na consulta publica de manuais."
"VALTRA","A950","NAO_APARECE_COM_MANUAL_NA_CONSULTA_PUBLICA","","0","","Nao apareceu na consulta publica de manuais."
"VALTRA","A950C","NAO_APARECE_COM_MANUAL_NA_CONSULTA_PUBLICA","","0","","Nao apareceu na consulta publica de manuais."
"VALTRA","A950R","NAO_APARECE_COM_MANUAL_NA_CONSULTA_PUBLICA","","0","","Nao apareceu na consulta publica de manuais."
"VALTRA","A990","NAO_APARECE_COM_MANUAL_NA_CONSULTA_PUBLICA","","0","","Nao apareceu na consulta publica de manuais."
"VALTRA","A990C","NAO_APARECE_COM_MANUAL_NA_CONSULTA_PUBLICA","","0","","Nao apareceu na consulta publica de manuais."
"VALTRA","A990R","NAO_APARECE_COM_MANUAL_NA_CONSULTA_PUBLICA","","0","","Nao apareceu na consulta publica de manuais."
"VALTRA","BM115","NAO_APARECE_COM_MANUAL_NA_CONSULTA_PUBLICA","","0","","Nao apareceu na consulta publica de manuais."
"VALTRA","BM115C","NAO_APARECE_COM_MANUAL_NA_CONSULTA_PUBLICA","","0","","Nao apareceu na consulta publica de manuais."
"VALTRA","BM135","NAO_APARECE_COM_MANUAL_NA_CONSULTA_PUBLICA","","0","","Nao apareceu na consulta publica de manuais."
"VALTRA","BM135C","NAO_APARECE_COM_MANUAL_NA_CONSULTA_PUBLICA","","0","","Nao apareceu na consulta publica de manuais."
"VALTRA","BT170","NAO_APARECE_COM_MANUAL_NA_CONSULTA_PUBLICA","","0","","Nao apareceu na consulta publica de manuais."
"VALTRA","BT190","NAO_APARECE_COM_MANUAL_NA_CONSULTA_PUBLICA","","0","","Nao apareceu na consulta publica de manuais."
"VALTRA","BT210","NAO_APARECE_COM_MANUAL_NA_CONSULTA_PUBLICA","","0","","Nao apareceu na consulta publica de manuais."
