"modelo","arquivo","origem"
"Q265","E:\MANUAIS_APPMAQ\Trator Agricola\VALTRA 4\Q265\CATALOGO DE PEÇAS DOS TRATORES VALTRA-VALMET.pdf","E:\MANUAIS_APPMAQ\_GENERICOS\VALTRA\CATALOGO DE PEÇAS DOS TRATORES VALTRA-VALMET.pdf"
"Q265","E:\MANUAIS_APPMAQ\Trator Agricola\VALTRA 4\Q265\FOLHETO COM  INFORMAÇÕES SOBRE ECONOMIA DE COMBUSTÍVEL, CONFORTO, VERSATILIDADE E TECNOLOGIA AVANÇADA DE TODOS TRATORES VALTRA..pdf","E:\MANUAIS_APPMAQ\_GENERICOS\VALTRA\FOLHETO COM  INFORMAÇÕES SOBRE ECONOMIA DE COMBUSTÍVEL, CONFORTO, VERSATILIDADE E TECNOLOGIA AVANÇADA DE TODOS TRATORES VALTRA..pdf"
"Q265","E:\MANUAIS_APPMAQ\Trator Agricola\VALTRA 4\Q265\MANUAL COM INSTRUÇÕES PARA TRATORES VALTRA.pdf","E:\MANUAIS_APPMAQ\_GENERICOS\VALTRA\MANUAL COM INSTRUÇÕES PARA TRATORES VALTRA.pdf"
"Q265","E:\MANUAIS_APPMAQ\Trator Agricola\VALTRA 4\Q265\MANUAL COM INSTRUÇÕES SOBRE OPERAÇÃO, MANUTENÇÃO E SEGURANÇA PARA TRATORES VALTRA.pdf","E:\MANUAIS_APPMAQ\_GENERICOS\VALTRA\MANUAL COM INSTRUÇÕES SOBRE OPERAÇÃO, MANUTENÇÃO E SEGURANÇA PARA TRATORES VALTRA.pdf"
"Q285","E:\MANUAIS_APPMAQ\Trator Agricola\VALTRA 4\Q285\CATALOGO DE PEÇAS DOS TRATORES VALTRA-VALMET.pdf","E:\MANUAIS_APPMAQ\_GENERICOS\VALTRA\CATALOGO DE PEÇAS DOS TRATORES VALTRA-VALMET.pdf"
"Q285","E:\MANUAIS_APPMAQ\Trator Agricola\VALTRA 4\Q285\FOLHETO COM  INFORMAÇÕES SOBRE ECONOMIA DE COMBUSTÍVEL, CONFORTO, VERSATILIDADE E TECNOLOGIA AVANÇADA DE TODOS TRATORES VALTRA..pdf","E:\MANUAIS_APPMAQ\_GENERICOS\VALTRA\FOLHETO COM  INFORMAÇÕES SOBRE ECONOMIA DE COMBUSTÍVEL, CONFORTO, VERSATILIDADE E TECNOLOGIA AVANÇADA DE TODOS TRATORES VALTRA..pdf"
"Q285","E:\MANUAIS_APPMAQ\Trator Agricola\VALTRA 4\Q285\MANUAL COM INSTRUÇÕES PARA TRATORES VALTRA.pdf","E:\MANUAIS_APPMAQ\_GENERICOS\VALTRA\MANUAL COM INSTRUÇÕES PARA TRATORES VALTRA.pdf"
"Q285","E:\MANUAIS_APPMAQ\Trator Agricola\VALTRA 4\Q285\MANUAL COM INSTRUÇÕES SOBRE OPERAÇÃO, MANUTENÇÃO E SEGURANÇA PARA TRATORES VALTRA.pdf","E:\MANUAIS_APPMAQ\_GENERICOS\VALTRA\MANUAL COM INSTRUÇÕES SOBRE OPERAÇÃO, MANUTENÇÃO E SEGURANÇA PARA TRATORES VALTRA.pdf"
"Q305","E:\MANUAIS_APPMAQ\Trator Agricola\VALTRA 4\Q305\CATALOGO DE PEÇAS DOS TRATORES VALTRA-VALMET.pdf","E:\MANUAIS_APPMAQ\_GENERICOS\VALTRA\CATALOGO DE PEÇAS DOS TRATORES VALTRA-VALMET.pdf"
"Q305","E:\MANUAIS_APPMAQ\Trator Agricola\VALTRA 4\Q305\FOLHETO COM  INFORMAÇÕES SOBRE ECONOMIA DE COMBUSTÍVEL, CONFORTO, VERSATILIDADE E TECNOLOGIA AVANÇADA DE TODOS TRATORES VALTRA..pdf","E:\MANUAIS_APPMAQ\_GENERICOS\VALTRA\FOLHETO COM  INFORMAÇÕES SOBRE ECONOMIA DE COMBUSTÍVEL, CONFORTO, VERSATILIDADE E TECNOLOGIA AVANÇADA DE TODOS TRATORES VALTRA..pdf"
"Q305","E:\MANUAIS_APPMAQ\Trator Agricola\VALTRA 4\Q305\MANUAL COM INSTRUÇÕES PARA TRATORES VALTRA.pdf","E:\MANUAIS_APPMAQ\_GENERICOS\VALTRA\MANUAL COM INSTRUÇÕES PARA TRATORES VALTRA.pdf"
"Q305","E:\MANUAIS_APPMAQ\Trator Agricola\VALTRA 4\Q305\MANUAL COM INSTRUÇÕES SOBRE OPERAÇÃO, MANUTENÇÃO E SEGURANÇA PARA TRATORES VALTRA.pdf","E:\MANUAIS_APPMAQ\_GENERICOS\VALTRA\MANUAL COM INSTRUÇÕES SOBRE OPERAÇÃO, MANUTENÇÃO E SEGURANÇA PARA TRATORES VALTRA.pdf"
"S263","E:\MANUAIS_APPMAQ\Trator Agricola\VALTRA 4\S263\CATALOGO DE PEÇAS DOS TRATORES VALTRA-VALMET.pdf","E:\MANUAIS_APPMAQ\_GENERICOS\VALTRA\CATALOGO DE PEÇAS DOS TRATORES VALTRA-VALMET.pdf"
"S263","E:\MANUAIS_APPMAQ\Trator Agricola\VALTRA 4\S263\FOLHETO COM  INFORMAÇÕES SOBRE ECONOMIA DE COMBUSTÍVEL, CONFORTO, VERSATILIDADE E TECNOLOGIA AVANÇADA DE TODOS TRATORES VALTRA..pdf","E:\MANUAIS_APPMAQ\_GENERICOS\VALTRA\FOLHETO COM  INFORMAÇÕES SOBRE ECONOMIA DE COMBUSTÍVEL, CONFORTO, VERSATILIDADE E TECNOLOGIA AVANÇADA DE TODOS TRATORES VALTRA..pdf"
"S263","E:\MANUAIS_APPMAQ\Trator Agricola\VALTRA 4\S263\MANUAL COM INSTRUÇÕES PARA TRATORES VALTRA.pdf","E:\MANUAIS_APPMAQ\_GENERICOS\VALTRA\MANUAL COM INSTRUÇÕES PARA TRATORES VALTRA.pdf"
"S263","E:\MANUAIS_APPMAQ\Trator Agricola\VALTRA 4\S263\MANUAL COM INSTRUÇÕES SOBRE OPERAÇÃO, MANUTENÇÃO E SEGURANÇA PARA TRATORES VALTRA.pdf","E:\MANUAIS_APPMAQ\_GENERICOS\VALTRA\MANUAL COM INSTRUÇÕES SOBRE OPERAÇÃO, MANUTENÇÃO E SEGURANÇA PARA TRATORES VALTRA.pdf"
"S274","E:\MANUAIS_APPMAQ\Trator Agricola\VALTRA 4\S274\CATALOGO DE PEÇAS DOS TRATORES VALTRA-VALMET.pdf","E:\MANUAIS_APPMAQ\_GENERICOS\VALTRA\CATALOGO DE PEÇAS DOS TRATORES VALTRA-VALMET.pdf"
"S274","E:\MANUAIS_APPMAQ\Trator Agricola\VALTRA 4\S274\FOLHETO COM  INFORMAÇÕES SOBRE ECONOMIA DE COMBUSTÍVEL, CONFORTO, VERSATILIDADE E TECNOLOGIA AVANÇADA DE TODOS TRATORES VALTRA..pdf","E:\MANUAIS_APPMAQ\_GENERICOS\VALTRA\FOLHETO COM  INFORMAÇÕES SOBRE ECONOMIA DE COMBUSTÍVEL, CONFORTO, VERSATILIDADE E TECNOLOGIA AVANÇADA DE TODOS TRATORES VALTRA..pdf"
"S274","E:\MANUAIS_APPMAQ\Trator Agricola\VALTRA 4\S274\MANUAL COM INSTRUÇÕES PARA TRATORES VALTRA.pdf","E:\MANUAIS_APPMAQ\_GENERICOS\VALTRA\MANUAL COM INSTRUÇÕES PARA TRATORES VALTRA.pdf"
"S274","E:\MANUAIS_APPMAQ\Trator Agricola\VALTRA 4\S274\MANUAL COM INSTRUÇÕES SOBRE OPERAÇÃO, MANUTENÇÃO E SEGURANÇA PARA TRATORES VALTRA.pdf","E:\MANUAIS_APPMAQ\_GENERICOS\VALTRA\MANUAL COM INSTRUÇÕES SOBRE OPERAÇÃO, MANUTENÇÃO E SEGURANÇA PARA TRATORES VALTRA.pdf"
"S324","E:\MANUAIS_APPMAQ\Trator Agricola\VALTRA 4\S324\CATALOGO DE PEÇAS DOS TRATORES VALTRA-VALMET.pdf","E:\MANUAIS_APPMAQ\_GENERICOS\VALTRA\CATALOGO DE PEÇAS DOS TRATORES VALTRA-VALMET.pdf"
"S324","E:\MANUAIS_APPMAQ\Trator Agricola\VALTRA 4\S324\FOLHETO COM  INFORMAÇÕES SOBRE ECONOMIA DE COMBUSTÍVEL, CONFORTO, VERSATILIDADE E TECNOLOGIA AVANÇADA DE TODOS TRATORES VALTRA..pdf","E:\MANUAIS_APPMAQ\_GENERICOS\VALTRA\FOLHETO COM  INFORMAÇÕES SOBRE ECONOMIA DE COMBUSTÍVEL, CONFORTO, VERSATILIDADE E TECNOLOGIA AVANÇADA DE TODOS TRATORES VALTRA..pdf"
"S324","E:\MANUAIS_APPMAQ\Trator Agricola\VALTRA 4\S324\MANUAL COM INSTRUÇÕES PARA TRATORES VALTRA.pdf","E:\MANUAIS_APPMAQ\_GENERICOS\VALTRA\MANUAL COM INSTRUÇÕES PARA TRATORES VALTRA.pdf"
"S324","E:\MANUAIS_APPMAQ\Trator Agricola\VALTRA 4\S324\MANUAL COM INSTRUÇÕES SOBRE OPERAÇÃO, MANUTENÇÃO E SEGURANÇA PARA TRATORES VALTRA.pdf","E:\MANUAIS_APPMAQ\_GENERICOS\VALTRA\MANUAL COM INSTRUÇÕES SOBRE OPERAÇÃO, MANUTENÇÃO E SEGURANÇA PARA TRATORES VALTRA.pdf"
"S346","E:\MANUAIS_APPMAQ\Trator Agricola\VALTRA 4\S346\CATALOGO DE PEÇAS DOS TRATORES VALTRA-VALMET.pdf","E:\MANUAIS_APPMAQ\_GENERICOS\VALTRA\CATALOGO DE PEÇAS DOS TRATORES VALTRA-VALMET.pdf"
"S346","E:\MANUAIS_APPMAQ\Trator Agricola\VALTRA 4\S346\FOLHETO COM  INFORMAÇÕES SOBRE ECONOMIA DE COMBUSTÍVEL, CONFORTO, VERSATILIDADE E TECNOLOGIA AVANÇADA DE TODOS TRATORES VALTRA..pdf","E:\MANUAIS_APPMAQ\_GENERICOS\VALTRA\FOLHETO COM  INFORMAÇÕES SOBRE ECONOMIA DE COMBUSTÍVEL, CONFORTO, VERSATILIDADE E TECNOLOGIA AVANÇADA DE TODOS TRATORES VALTRA..pdf"
"S346","E:\MANUAIS_APPMAQ\Trator Agricola\VALTRA 4\S346\MANUAL COM INSTRUÇÕES PARA TRATORES VALTRA.pdf","E:\MANUAIS_APPMAQ\_GENERICOS\VALTRA\MANUAL COM INSTRUÇÕES PARA TRATORES VALTRA.pdf"
"S346","E:\MANUAIS_APPMAQ\Trator Agricola\VALTRA 4\S346\MANUAL COM INSTRUÇÕES SOBRE OPERAÇÃO, MANUTENÇÃO E SEGURANÇA PARA TRATORES VALTRA.pdf","E:\MANUAIS_APPMAQ\_GENERICOS\VALTRA\MANUAL COM INSTRUÇÕES SOBRE OPERAÇÃO, MANUTENÇÃO E SEGURANÇA PARA TRATORES VALTRA.pdf"
"S353","E:\MANUAIS_APPMAQ\Trator Agricola\VALTRA 4\S353\CATALOGO DE PEÇAS DOS TRATORES VALTRA-VALMET.pdf","E:\MANUAIS_APPMAQ\_GENERICOS\VALTRA\CATALOGO DE PEÇAS DOS TRATORES VALTRA-VALMET.pdf"
"S353","E:\MANUAIS_APPMAQ\Trator Agricola\VALTRA 4\S353\FOLHETO COM  INFORMAÇÕES SOBRE ECONOMIA DE COMBUSTÍVEL, CONFORTO, VERSATILIDADE E TECNOLOGIA AVANÇADA DE TODOS TRATORES VALTRA..pdf","E:\MANUAIS_APPMAQ\_GENERICOS\VALTRA\FOLHETO COM  INFORMAÇÕES SOBRE ECONOMIA DE COMBUSTÍVEL, CONFORTO, VERSATILIDADE E TECNOLOGIA AVANÇADA DE TODOS TRATORES VALTRA..pdf"
"S353","E:\MANUAIS_APPMAQ\Trator Agricola\VALTRA 4\S353\MANUAL COM INSTRUÇÕES PARA TRATORES VALTRA.pdf","E:\MANUAIS_APPMAQ\_GENERICOS\VALTRA\MANUAL COM INSTRUÇÕES PARA TRATORES VALTRA.pdf"
"S353","E:\MANUAIS_APPMAQ\Trator Agricola\VALTRA 4\S353\MANUAL COM INSTRUÇÕES SOBRE OPERAÇÃO, MANUTENÇÃO E SEGURANÇA PARA TRATORES VALTRA.pdf","E:\MANUAIS_APPMAQ\_GENERICOS\VALTRA\MANUAL COM INSTRUÇÕES SOBRE OPERAÇÃO, MANUTENÇÃO E SEGURANÇA PARA TRATORES VALTRA.pdf"
"S374","E:\MANUAIS_APPMAQ\Trator Agricola\VALTRA 4\S374\CATALOGO DE PEÇAS DOS TRATORES VALTRA-VALMET.pdf","E:\MANUAIS_APPMAQ\_GENERICOS\VALTRA\CATALOGO DE PEÇAS DOS TRATORES VALTRA-VALMET.pdf"
"S374","E:\MANUAIS_APPMAQ\Trator Agricola\VALTRA 4\S374\FOLHETO COM  INFORMAÇÕES SOBRE ECONOMIA DE COMBUSTÍVEL, CONFORTO, VERSATILIDADE E TECNOLOGIA AVANÇADA DE TODOS TRATORES VALTRA..pdf","E:\MANUAIS_APPMAQ\_GENERICOS\VALTRA\FOLHETO COM  INFORMAÇÕES SOBRE ECONOMIA DE COMBUSTÍVEL, CONFORTO, VERSATILIDADE E TECNOLOGIA AVANÇADA DE TODOS TRATORES VALTRA..pdf"
"S374","E:\MANUAIS_APPMAQ\Trator Agricola\VALTRA 4\S374\MANUAL COM INSTRUÇÕES PARA TRATORES VALTRA.pdf","E:\MANUAIS_APPMAQ\_GENERICOS\VALTRA\MANUAL COM INSTRUÇÕES PARA TRATORES VALTRA.pdf"
"S374","E:\MANUAIS_APPMAQ\Trator Agricola\VALTRA 4\S374\MANUAL COM INSTRUÇÕES SOBRE OPERAÇÃO, MANUTENÇÃO E SEGURANÇA PARA TRATORES VALTRA.pdf","E:\MANUAIS_APPMAQ\_GENERICOS\VALTRA\MANUAL COM INSTRUÇÕES SOBRE OPERAÇÃO, MANUTENÇÃO E SEGURANÇA PARA TRATORES VALTRA.pdf"
"S376","E:\MANUAIS_APPMAQ\Trator Agricola\VALTRA 4\S376\CATALOGO DE PEÇAS DOS TRATORES VALTRA-VALMET.pdf","E:\MANUAIS_APPMAQ\_GENERICOS\VALTRA\CATALOGO DE PEÇAS DOS TRATORES VALTRA-VALMET.pdf"
"S376","E:\MANUAIS_APPMAQ\Trator Agricola\VALTRA 4\S376\FOLHETO COM  INFORMAÇÕES SOBRE ECONOMIA DE COMBUSTÍVEL, CONFORTO, VERSATILIDADE E TECNOLOGIA AVANÇADA DE TODOS TRATORES VALTRA..pdf","E:\MANUAIS_APPMAQ\_GENERICOS\VALTRA\FOLHETO COM  INFORMAÇÕES SOBRE ECONOMIA DE COMBUSTÍVEL, CONFORTO, VERSATILIDADE E TECNOLOGIA AVANÇADA DE TODOS TRATORES VALTRA..pdf"
"S376","E:\MANUAIS_APPMAQ\Trator Agricola\VALTRA 4\S376\MANUAL COM INSTRUÇÕES PARA TRATORES VALTRA.pdf","E:\MANUAIS_APPMAQ\_GENERICOS\VALTRA\MANUAL COM INSTRUÇÕES PARA TRATORES VALTRA.pdf"
"S376","E:\MANUAIS_APPMAQ\Trator Agricola\VALTRA 4\S376\MANUAL COM INSTRUÇÕES SOBRE OPERAÇÃO, MANUTENÇÃO E SEGURANÇA PARA TRATORES VALTRA.pdf","E:\MANUAIS_APPMAQ\_GENERICOS\VALTRA\MANUAL COM INSTRUÇÕES SOBRE OPERAÇÃO, MANUTENÇÃO E SEGURANÇA PARA TRATORES VALTRA.pdf"
"S394","E:\MANUAIS_APPMAQ\Trator Agricola\VALTRA 4\S394\CATALOGO DE PEÇAS DOS TRATORES VALTRA-VALMET.pdf","E:\MANUAIS_APPMAQ\_GENERICOS\VALTRA\CATALOGO DE PEÇAS DOS TRATORES VALTRA-VALMET.pdf"
"S394","E:\MANUAIS_APPMAQ\Trator Agricola\VALTRA 4\S394\FOLHETO COM  INFORMAÇÕES SOBRE ECONOMIA DE COMBUSTÍVEL, CONFORTO, VERSATILIDADE E TECNOLOGIA AVANÇADA DE TODOS TRATORES VALTRA..pdf","E:\MANUAIS_APPMAQ\_GENERICOS\VALTRA\FOLHETO COM  INFORMAÇÕES SOBRE ECONOMIA DE COMBUSTÍVEL, CONFORTO, VERSATILIDADE E TECNOLOGIA AVANÇADA DE TODOS TRATORES VALTRA..pdf"
"S394","E:\MANUAIS_APPMAQ\Trator Agricola\VALTRA 4\S394\MANUAL COM INSTRUÇÕES PARA TRATORES VALTRA.pdf","E:\MANUAIS_APPMAQ\_GENERICOS\VALTRA\MANUAL COM INSTRUÇÕES PARA TRATORES VALTRA.pdf"
"S394","E:\MANUAIS_APPMAQ\Trator Agricola\VALTRA 4\S394\MANUAL COM INSTRUÇÕES SOBRE OPERAÇÃO, MANUTENÇÃO E SEGURANÇA PARA TRATORES VALTRA.pdf","E:\MANUAIS_APPMAQ\_GENERICOS\VALTRA\MANUAL COM INSTRUÇÕES SOBRE OPERAÇÃO, MANUTENÇÃO E SEGURANÇA PARA TRATORES VALTRA.pdf"
"S396","E:\MANUAIS_APPMAQ\Trator Agricola\VALTRA 4\S396\CATALOGO DE PEÇAS DOS TRATORES VALTRA-VALMET.pdf","E:\MANUAIS_APPMAQ\_GENERICOS\VALTRA\CATALOGO DE PEÇAS DOS TRATORES VALTRA-VALMET.pdf"
"S396","E:\MANUAIS_APPMAQ\Trator Agricola\VALTRA 4\S396\FOLHETO COM  INFORMAÇÕES SOBRE ECONOMIA DE COMBUSTÍVEL, CONFORTO, VERSATILIDADE E TECNOLOGIA AVANÇADA DE TODOS TRATORES VALTRA..pdf","E:\MANUAIS_APPMAQ\_GENERICOS\VALTRA\FOLHETO COM  INFORMAÇÕES SOBRE ECONOMIA DE COMBUSTÍVEL, CONFORTO, VERSATILIDADE E TECNOLOGIA AVANÇADA DE TODOS TRATORES VALTRA..pdf"
"S396","E:\MANUAIS_APPMAQ\Trator Agricola\VALTRA 4\S396\MANUAL COM INSTRUÇÕES PARA TRATORES VALTRA.pdf","E:\MANUAIS_APPMAQ\_GENERICOS\VALTRA\MANUAL COM INSTRUÇÕES PARA TRATORES VALTRA.pdf"
"S396","E:\MANUAIS_APPMAQ\Trator Agricola\VALTRA 4\S396\MANUAL COM INSTRUÇÕES SOBRE OPERAÇÃO, MANUTENÇÃO E SEGURANÇA PARA TRATORES VALTRA.pdf","E:\MANUAIS_APPMAQ\_GENERICOS\VALTRA\MANUAL COM INSTRUÇÕES SOBRE OPERAÇÃO, MANUTENÇÃO E SEGURANÇA PARA TRATORES VALTRA.pdf"
"S416","E:\MANUAIS_APPMAQ\Trator Agricola\VALTRA 4\S416\CATALOGO DE PEÇAS DOS TRATORES VALTRA-VALMET.pdf","E:\MANUAIS_APPMAQ\_GENERICOS\VALTRA\CATALOGO DE PEÇAS DOS TRATORES VALTRA-VALMET.pdf"
"S416","E:\MANUAIS_APPMAQ\Trator Agricola\VALTRA 4\S416\FOLHETO COM  INFORMAÇÕES SOBRE ECONOMIA DE COMBUSTÍVEL, CONFORTO, VERSATILIDADE E TECNOLOGIA AVANÇADA DE TODOS TRATORES VALTRA..pdf","E:\MANUAIS_APPMAQ\_GENERICOS\VALTRA\FOLHETO COM  INFORMAÇÕES SOBRE ECONOMIA DE COMBUSTÍVEL, CONFORTO, VERSATILIDADE E TECNOLOGIA AVANÇADA DE TODOS TRATORES VALTRA..pdf"
"S416","E:\MANUAIS_APPMAQ\Trator Agricola\VALTRA 4\S416\MANUAL COM INSTRUÇÕES PARA TRATORES VALTRA.pdf","E:\MANUAIS_APPMAQ\_GENERICOS\VALTRA\MANUAL COM INSTRUÇÕES PARA TRATORES VALTRA.pdf"
"S416","E:\MANUAIS_APPMAQ\Trator Agricola\VALTRA 4\S416\MANUAL COM INSTRUÇÕES SOBRE OPERAÇÃO, MANUTENÇÃO E SEGURANÇA PARA TRATORES VALTRA.pdf","E:\MANUAIS_APPMAQ\_GENERICOS\VALTRA\MANUAL COM INSTRUÇÕES SOBRE OPERAÇÃO, MANUTENÇÃO E SEGURANÇA PARA TRATORES VALTRA.pdf"
"T195 CVT","E:\MANUAIS_APPMAQ\Trator Agricola\VALTRA 4\T195 CVT\CATALOGO DE PEÇAS DOS TRATORES VALTRA-VALMET.pdf","E:\MANUAIS_APPMAQ\_GENERICOS\VALTRA\CATALOGO DE PEÇAS DOS TRATORES VALTRA-VALMET.pdf"
"T195 CVT","E:\MANUAIS_APPMAQ\Trator Agricola\VALTRA 4\T195 CVT\FOLHETO COM  INFORMAÇÕES SOBRE ECONOMIA DE COMBUSTÍVEL, CONFORTO, VERSATILIDADE E TECNOLOGIA AVANÇADA DE TODOS TRATORES VALTRA..pdf","E:\MANUAIS_APPMAQ\_GENERICOS\VALTRA\FOLHETO COM  INFORMAÇÕES SOBRE ECONOMIA DE COMBUSTÍVEL, CONFORTO, VERSATILIDADE E TECNOLOGIA AVANÇADA DE TODOS TRATORES VALTRA..pdf"
"T195 CVT","E:\MANUAIS_APPMAQ\Trator Agricola\VALTRA 4\T195 CVT\MANUAL COM INSTRUÇÕES PARA TRATORES VALTRA.pdf","E:\MANUAIS_APPMAQ\_GENERICOS\VALTRA\MANUAL COM INSTRUÇÕES PARA TRATORES VALTRA.pdf"
"T195 CVT","E:\MANUAIS_APPMAQ\Trator Agricola\VALTRA 4\T195 CVT\MANUAL COM INSTRUÇÕES SOBRE OPERAÇÃO, MANUTENÇÃO E SEGURANÇA PARA TRATORES VALTRA.pdf","E:\MANUAIS_APPMAQ\_GENERICOS\VALTRA\MANUAL COM INSTRUÇÕES SOBRE OPERAÇÃO, MANUTENÇÃO E SEGURANÇA PARA TRATORES VALTRA.pdf"
"T210 CVT","E:\MANUAIS_APPMAQ\Trator Agricola\VALTRA 4\T210 CVT\CATALOGO DE PEÇAS DOS TRATORES VALTRA-VALMET.pdf","E:\MANUAIS_APPMAQ\_GENERICOS\VALTRA\CATALOGO DE PEÇAS DOS TRATORES VALTRA-VALMET.pdf"
"T210 CVT","E:\MANUAIS_APPMAQ\Trator Agricola\VALTRA 4\T210 CVT\FOLHETO COM  INFORMAÇÕES SOBRE ECONOMIA DE COMBUSTÍVEL, CONFORTO, VERSATILIDADE E TECNOLOGIA AVANÇADA DE TODOS TRATORES VALTRA..pdf","E:\MANUAIS_APPMAQ\_GENERICOS\VALTRA\FOLHETO COM  INFORMAÇÕES SOBRE ECONOMIA DE COMBUSTÍVEL, CONFORTO, VERSATILIDADE E TECNOLOGIA AVANÇADA DE TODOS TRATORES VALTRA..pdf"
"T210 CVT","E:\MANUAIS_APPMAQ\Trator Agricola\VALTRA 4\T210 CVT\MANUAL COM INSTRUÇÕES PARA TRATORES VALTRA.pdf","E:\MANUAIS_APPMAQ\_GENERICOS\VALTRA\MANUAL COM INSTRUÇÕES PARA TRATORES VALTRA.pdf"
"T210 CVT","E:\MANUAIS_APPMAQ\Trator Agricola\VALTRA 4\T210 CVT\MANUAL COM INSTRUÇÕES SOBRE OPERAÇÃO, MANUTENÇÃO E SEGURANÇA PARA TRATORES VALTRA.pdf","E:\MANUAIS_APPMAQ\_GENERICOS\VALTRA\MANUAL COM INSTRUÇÕES SOBRE OPERAÇÃO, MANUTENÇÃO E SEGURANÇA PARA TRATORES VALTRA.pdf"
"T230 CVT","E:\MANUAIS_APPMAQ\Trator Agricola\VALTRA 4\T230 CVT\CATALOGO DE PEÇAS DOS TRATORES VALTRA-VALMET.pdf","E:\MANUAIS_APPMAQ\_GENERICOS\VALTRA\CATALOGO DE PEÇAS DOS TRATORES VALTRA-VALMET.pdf"
"T230 CVT","E:\MANUAIS_APPMAQ\Trator Agricola\VALTRA 4\T230 CVT\FOLHETO COM  INFORMAÇÕES SOBRE ECONOMIA DE COMBUSTÍVEL, CONFORTO, VERSATILIDADE E TECNOLOGIA AVANÇADA DE TODOS TRATORES VALTRA..pdf","E:\MANUAIS_APPMAQ\_GENERICOS\VALTRA\FOLHETO COM  INFORMAÇÕES SOBRE ECONOMIA DE COMBUSTÍVEL, CONFORTO, VERSATILIDADE E TECNOLOGIA AVANÇADA DE TODOS TRATORES VALTRA..pdf"
"T230 CVT","E:\MANUAIS_APPMAQ\Trator Agricola\VALTRA 4\T230 CVT\MANUAL COM INSTRUÇÕES PARA TRATORES VALTRA.pdf","E:\MANUAIS_APPMAQ\_GENERICOS\VALTRA\MANUAL COM INSTRUÇÕES PARA TRATORES VALTRA.pdf"
"T230 CVT","E:\MANUAIS_APPMAQ\Trator Agricola\VALTRA 4\T230 CVT\MANUAL COM INSTRUÇÕES SOBRE OPERAÇÃO, MANUTENÇÃO E SEGURANÇA PARA TRATORES VALTRA.pdf","E:\MANUAIS_APPMAQ\_GENERICOS\VALTRA\MANUAL COM INSTRUÇÕES SOBRE OPERAÇÃO, MANUTENÇÃO E SEGURANÇA PARA TRATORES VALTRA.pdf"
"T250 CVT","E:\MANUAIS_APPMAQ\Trator Agricola\VALTRA 4\T250 CVT\CATALOGO DE PEÇAS DOS TRATORES VALTRA-VALMET.pdf","E:\MANUAIS_APPMAQ\_GENERICOS\VALTRA\CATALOGO DE PEÇAS DOS TRATORES VALTRA-VALMET.pdf"
"T250 CVT","E:\MANUAIS_APPMAQ\Trator Agricola\VALTRA 4\T250 CVT\FOLHETO COM  INFORMAÇÕES SOBRE ECONOMIA DE COMBUSTÍVEL, CONFORTO, VERSATILIDADE E TECNOLOGIA AVANÇADA DE TODOS TRATORES VALTRA..pdf","E:\MANUAIS_APPMAQ\_GENERICOS\VALTRA\FOLHETO COM  INFORMAÇÕES SOBRE ECONOMIA DE COMBUSTÍVEL, CONFORTO, VERSATILIDADE E TECNOLOGIA AVANÇADA DE TODOS TRATORES VALTRA..pdf"
"T250 CVT","E:\MANUAIS_APPMAQ\Trator Agricola\VALTRA 4\T250 CVT\MANUAL COM INSTRUÇÕES PARA TRATORES VALTRA.pdf","E:\MANUAIS_APPMAQ\_GENERICOS\VALTRA\MANUAL COM INSTRUÇÕES PARA TRATORES VALTRA.pdf"
"T250 CVT","E:\MANUAIS_APPMAQ\Trator Agricola\VALTRA 4\T250 CVT\MANUAL COM INSTRUÇÕES SOBRE OPERAÇÃO, MANUTENÇÃO E SEGURANÇA PARA TRATORES VALTRA.pdf","E:\MANUAIS_APPMAQ\_GENERICOS\VALTRA\MANUAL COM INSTRUÇÕES SOBRE OPERAÇÃO, MANUTENÇÃO E SEGURANÇA PARA TRATORES VALTRA.pdf"
