"modelo","tipo","arquivo"
"A800C","generico","E:\MANUAIS_APPMAQ\Trator Agricola\VALTRA 3\A800C\CATALOGO DE PEÇAS DOS TRATORES VALTRA-VALMET.pdf"
"A800C","generico","E:\MANUAIS_APPMAQ\Trator Agricola\VALTRA 3\A800C\FOLHETO COM  INFORMAÇÕES SOBRE ECONOMIA DE COMBUSTÍVEL, CONFORTO, VERSATILIDADE E TECNOLOGIA AVANÇADA DE TODOS TRATORES VALTRA..pdf"
"A800C","generico","E:\MANUAIS_APPMAQ\Trator Agricola\VALTRA 3\A800C\MANUAL COM INSTRUÇÕES PARA TRATORES VALTRA.pdf"
"A800C","generico","E:\MANUAIS_APPMAQ\Trator Agricola\VALTRA 3\A800C\MANUAL COM INSTRUÇÕES SOBRE OPERAÇÃO, MANUTENÇÃO E SEGURANÇA PARA TRATORES VALTRA.pdf"
"A800P","generico","E:\MANUAIS_APPMAQ\Trator Agricola\VALTRA 3\A800P\CATALOGO DE PEÇAS DOS TRATORES VALTRA-VALMET.pdf"
"A800P","generico","E:\MANUAIS_APPMAQ\Trator Agricola\VALTRA 3\A800P\FOLHETO COM  INFORMAÇÕES SOBRE ECONOMIA DE COMBUSTÍVEL, CONFORTO, VERSATILIDADE E TECNOLOGIA AVANÇADA DE TODOS TRATORES VALTRA..pdf"
"A800P","generico","E:\MANUAIS_APPMAQ\Trator Agricola\VALTRA 3\A800P\MANUAL COM INSTRUÇÕES PARA TRATORES VALTRA.pdf"
"A800P","generico","E:\MANUAIS_APPMAQ\Trator Agricola\VALTRA 3\A800P\MANUAL COM INSTRUÇÕES SOBRE OPERAÇÃO, MANUTENÇÃO E SEGURANÇA PARA TRATORES VALTRA.pdf"
"A800R","generico","E:\MANUAIS_APPMAQ\Trator Agricola\VALTRA 3\A800R\CATALOGO DE PEÇAS DOS TRATORES VALTRA-VALMET.pdf"
"A800R","generico","E:\MANUAIS_APPMAQ\Trator Agricola\VALTRA 3\A800R\FOLHETO COM  INFORMAÇÕES SOBRE ECONOMIA DE COMBUSTÍVEL, CONFORTO, VERSATILIDADE E TECNOLOGIA AVANÇADA DE TODOS TRATORES VALTRA..pdf"
"A800R","generico","E:\MANUAIS_APPMAQ\Trator Agricola\VALTRA 3\A800R\MANUAL COM INSTRUÇÕES PARA TRATORES VALTRA.pdf"
"A800R","generico","E:\MANUAIS_APPMAQ\Trator Agricola\VALTRA 3\A800R\MANUAL COM INSTRUÇÕES SOBRE OPERAÇÃO, MANUTENÇÃO E SEGURANÇA PARA TRATORES VALTRA.pdf"
"A800R","especifico_reaproveitado_valtra2","E:\MANUAIS_APPMAQ\Trator Agricola\VALTRA 3\A800R\FOLHETO DOS TRATORES AGRICOLAS A2R.pdf"
"A800R","especifico_reaproveitado_valtra2","E:\MANUAIS_APPMAQ\Trator Agricola\VALTRA 3\A800R\MANUAL DE SERVIÇO DOS TRATORES VALTRA A800R A850R A950R A990R.pdf"
"A850","generico","E:\MANUAIS_APPMAQ\Trator Agricola\VALTRA 3\A850\CATALOGO DE PEÇAS DOS TRATORES VALTRA-VALMET.pdf"
"A850","generico","E:\MANUAIS_APPMAQ\Trator Agricola\VALTRA 3\A850\FOLHETO COM  INFORMAÇÕES SOBRE ECONOMIA DE COMBUSTÍVEL, CONFORTO, VERSATILIDADE E TECNOLOGIA AVANÇADA DE TODOS TRATORES VALTRA..pdf"
"A850","generico","E:\MANUAIS_APPMAQ\Trator Agricola\VALTRA 3\A850\MANUAL COM INSTRUÇÕES PARA TRATORES VALTRA.pdf"
"A850","generico","E:\MANUAIS_APPMAQ\Trator Agricola\VALTRA 3\A850\MANUAL COM INSTRUÇÕES SOBRE OPERAÇÃO, MANUTENÇÃO E SEGURANÇA PARA TRATORES VALTRA.pdf"
"A850C","generico","E:\MANUAIS_APPMAQ\Trator Agricola\VALTRA 3\A850C\CATALOGO DE PEÇAS DOS TRATORES VALTRA-VALMET.pdf"
"A850C","generico","E:\MANUAIS_APPMAQ\Trator Agricola\VALTRA 3\A850C\FOLHETO COM  INFORMAÇÕES SOBRE ECONOMIA DE COMBUSTÍVEL, CONFORTO, VERSATILIDADE E TECNOLOGIA AVANÇADA DE TODOS TRATORES VALTRA..pdf"
"A850C","generico","E:\MANUAIS_APPMAQ\Trator Agricola\VALTRA 3\A850C\MANUAL COM INSTRUÇÕES PARA TRATORES VALTRA.pdf"
"A850C","generico","E:\MANUAIS_APPMAQ\Trator Agricola\VALTRA 3\A850C\MANUAL COM INSTRUÇÕES SOBRE OPERAÇÃO, MANUTENÇÃO E SEGURANÇA PARA TRATORES VALTRA.pdf"
"A850F","generico","E:\MANUAIS_APPMAQ\Trator Agricola\VALTRA 3\A850F\CATALOGO DE PEÇAS DOS TRATORES VALTRA-VALMET.pdf"
"A850F","generico","E:\MANUAIS_APPMAQ\Trator Agricola\VALTRA 3\A850F\FOLHETO COM  INFORMAÇÕES SOBRE ECONOMIA DE COMBUSTÍVEL, CONFORTO, VERSATILIDADE E TECNOLOGIA AVANÇADA DE TODOS TRATORES VALTRA..pdf"
"A850F","generico","E:\MANUAIS_APPMAQ\Trator Agricola\VALTRA 3\A850F\MANUAL COM INSTRUÇÕES PARA TRATORES VALTRA.pdf"
"A850F","generico","E:\MANUAIS_APPMAQ\Trator Agricola\VALTRA 3\A850F\MANUAL COM INSTRUÇÕES SOBRE OPERAÇÃO, MANUTENÇÃO E SEGURANÇA PARA TRATORES VALTRA.pdf"
"A850F","especifico_reaproveitado_valtra2","E:\MANUAIS_APPMAQ\Trator Agricola\VALTRA 3\A850F\ESPECIFICAÇÕES DO TRATOR VALTRA A850F.pdf"
"A850R","generico","E:\MANUAIS_APPMAQ\Trator Agricola\VALTRA 3\A850R\CATALOGO DE PEÇAS DOS TRATORES VALTRA-VALMET.pdf"
"A850R","generico","E:\MANUAIS_APPMAQ\Trator Agricola\VALTRA 3\A850R\FOLHETO COM  INFORMAÇÕES SOBRE ECONOMIA DE COMBUSTÍVEL, CONFORTO, VERSATILIDADE E TECNOLOGIA AVANÇADA DE TODOS TRATORES VALTRA..pdf"
"A850R","generico","E:\MANUAIS_APPMAQ\Trator Agricola\VALTRA 3\A850R\MANUAL COM INSTRUÇÕES PARA TRATORES VALTRA.pdf"
"A850R","generico","E:\MANUAIS_APPMAQ\Trator Agricola\VALTRA 3\A850R\MANUAL COM INSTRUÇÕES SOBRE OPERAÇÃO, MANUTENÇÃO E SEGURANÇA PARA TRATORES VALTRA.pdf"
"A850R","especifico_reaproveitado_valtra2","E:\MANUAIS_APPMAQ\Trator Agricola\VALTRA 3\A850R\FOLHETO DOS TRATORES AGRICOLAS A2R.pdf"
"A850R","especifico_reaproveitado_valtra2","E:\MANUAIS_APPMAQ\Trator Agricola\VALTRA 3\A850R\MANUAL DE SERVIÇO DOS TRATORES VALTRA A800R A850R A950R A990R.pdf"
"A950","generico","E:\MANUAIS_APPMAQ\Trator Agricola\VALTRA 3\A950\CATALOGO DE PEÇAS DOS TRATORES VALTRA-VALMET.pdf"
"A950","generico","E:\MANUAIS_APPMAQ\Trator Agricola\VALTRA 3\A950\FOLHETO COM  INFORMAÇÕES SOBRE ECONOMIA DE COMBUSTÍVEL, CONFORTO, VERSATILIDADE E TECNOLOGIA AVANÇADA DE TODOS TRATORES VALTRA..pdf"
"A950","generico","E:\MANUAIS_APPMAQ\Trator Agricola\VALTRA 3\A950\MANUAL COM INSTRUÇÕES PARA TRATORES VALTRA.pdf"
"A950","generico","E:\MANUAIS_APPMAQ\Trator Agricola\VALTRA 3\A950\MANUAL COM INSTRUÇÕES SOBRE OPERAÇÃO, MANUTENÇÃO E SEGURANÇA PARA TRATORES VALTRA.pdf"
"A950C","generico","E:\MANUAIS_APPMAQ\Trator Agricola\VALTRA 3\A950C\CATALOGO DE PEÇAS DOS TRATORES VALTRA-VALMET.pdf"
"A950C","generico","E:\MANUAIS_APPMAQ\Trator Agricola\VALTRA 3\A950C\FOLHETO COM  INFORMAÇÕES SOBRE ECONOMIA DE COMBUSTÍVEL, CONFORTO, VERSATILIDADE E TECNOLOGIA AVANÇADA DE TODOS TRATORES VALTRA..pdf"
"A950C","generico","E:\MANUAIS_APPMAQ\Trator Agricola\VALTRA 3\A950C\MANUAL COM INSTRUÇÕES PARA TRATORES VALTRA.pdf"
"A950C","generico","E:\MANUAIS_APPMAQ\Trator Agricola\VALTRA 3\A950C\MANUAL COM INSTRUÇÕES SOBRE OPERAÇÃO, MANUTENÇÃO E SEGURANÇA PARA TRATORES VALTRA.pdf"
"A950R","generico","E:\MANUAIS_APPMAQ\Trator Agricola\VALTRA 3\A950R\CATALOGO DE PEÇAS DOS TRATORES VALTRA-VALMET.pdf"
"A950R","generico","E:\MANUAIS_APPMAQ\Trator Agricola\VALTRA 3\A950R\FOLHETO COM  INFORMAÇÕES SOBRE ECONOMIA DE COMBUSTÍVEL, CONFORTO, VERSATILIDADE E TECNOLOGIA AVANÇADA DE TODOS TRATORES VALTRA..pdf"
"A950R","generico","E:\MANUAIS_APPMAQ\Trator Agricola\VALTRA 3\A950R\MANUAL COM INSTRUÇÕES PARA TRATORES VALTRA.pdf"
"A950R","generico","E:\MANUAIS_APPMAQ\Trator Agricola\VALTRA 3\A950R\MANUAL COM INSTRUÇÕES SOBRE OPERAÇÃO, MANUTENÇÃO E SEGURANÇA PARA TRATORES VALTRA.pdf"
"A950R","especifico_reaproveitado_valtra2","E:\MANUAIS_APPMAQ\Trator Agricola\VALTRA 3\A950R\FOLHETO DOS TRATORES AGRICOLAS A2R.pdf"
"A950R","especifico_reaproveitado_valtra2","E:\MANUAIS_APPMAQ\Trator Agricola\VALTRA 3\A950R\MANUAL DE SERVIÇO DOS TRATORES VALTRA A800R A850R A950R A990R.pdf"
"A990","generico","E:\MANUAIS_APPMAQ\Trator Agricola\VALTRA 3\A990\CATALOGO DE PEÇAS DOS TRATORES VALTRA-VALMET.pdf"
"A990","generico","E:\MANUAIS_APPMAQ\Trator Agricola\VALTRA 3\A990\FOLHETO COM  INFORMAÇÕES SOBRE ECONOMIA DE COMBUSTÍVEL, CONFORTO, VERSATILIDADE E TECNOLOGIA AVANÇADA DE TODOS TRATORES VALTRA..pdf"
"A990","generico","E:\MANUAIS_APPMAQ\Trator Agricola\VALTRA 3\A990\MANUAL COM INSTRUÇÕES PARA TRATORES VALTRA.pdf"
"A990","generico","E:\MANUAIS_APPMAQ\Trator Agricola\VALTRA 3\A990\MANUAL COM INSTRUÇÕES SOBRE OPERAÇÃO, MANUTENÇÃO E SEGURANÇA PARA TRATORES VALTRA.pdf"
"A990C","generico","E:\MANUAIS_APPMAQ\Trator Agricola\VALTRA 3\A990C\CATALOGO DE PEÇAS DOS TRATORES VALTRA-VALMET.pdf"
"A990C","generico","E:\MANUAIS_APPMAQ\Trator Agricola\VALTRA 3\A990C\FOLHETO COM  INFORMAÇÕES SOBRE ECONOMIA DE COMBUSTÍVEL, CONFORTO, VERSATILIDADE E TECNOLOGIA AVANÇADA DE TODOS TRATORES VALTRA..pdf"
"A990C","generico","E:\MANUAIS_APPMAQ\Trator Agricola\VALTRA 3\A990C\MANUAL COM INSTRUÇÕES PARA TRATORES VALTRA.pdf"
"A990C","generico","E:\MANUAIS_APPMAQ\Trator Agricola\VALTRA 3\A990C\MANUAL COM INSTRUÇÕES SOBRE OPERAÇÃO, MANUTENÇÃO E SEGURANÇA PARA TRATORES VALTRA.pdf"
"A990R","generico","E:\MANUAIS_APPMAQ\Trator Agricola\VALTRA 3\A990R\CATALOGO DE PEÇAS DOS TRATORES VALTRA-VALMET.pdf"
"A990R","generico","E:\MANUAIS_APPMAQ\Trator Agricola\VALTRA 3\A990R\FOLHETO COM  INFORMAÇÕES SOBRE ECONOMIA DE COMBUSTÍVEL, CONFORTO, VERSATILIDADE E TECNOLOGIA AVANÇADA DE TODOS TRATORES VALTRA..pdf"
"A990R","generico","E:\MANUAIS_APPMAQ\Trator Agricola\VALTRA 3\A990R\MANUAL COM INSTRUÇÕES PARA TRATORES VALTRA.pdf"
"A990R","generico","E:\MANUAIS_APPMAQ\Trator Agricola\VALTRA 3\A990R\MANUAL COM INSTRUÇÕES SOBRE OPERAÇÃO, MANUTENÇÃO E SEGURANÇA PARA TRATORES VALTRA.pdf"
"A990R","especifico_reaproveitado_valtra2","E:\MANUAIS_APPMAQ\Trator Agricola\VALTRA 3\A990R\FOLHETO DOS TRATORES AGRICOLAS A2R.pdf"
"A990R","especifico_reaproveitado_valtra2","E:\MANUAIS_APPMAQ\Trator Agricola\VALTRA 3\A990R\MANUAL DE SERVIÇO DOS TRATORES VALTRA A800R A850R A950R A990R.pdf"
"BM115","generico","E:\MANUAIS_APPMAQ\Trator Agricola\VALTRA 3\BM115\CATALOGO DE PEÇAS DOS TRATORES VALTRA-VALMET.pdf"
"BM115","generico","E:\MANUAIS_APPMAQ\Trator Agricola\VALTRA 3\BM115\FOLHETO COM  INFORMAÇÕES SOBRE ECONOMIA DE COMBUSTÍVEL, CONFORTO, VERSATILIDADE E TECNOLOGIA AVANÇADA DE TODOS TRATORES VALTRA..pdf"
"BM115","generico","E:\MANUAIS_APPMAQ\Trator Agricola\VALTRA 3\BM115\MANUAL COM INSTRUÇÕES PARA TRATORES VALTRA.pdf"
"BM115","generico","E:\MANUAIS_APPMAQ\Trator Agricola\VALTRA 3\BM115\MANUAL COM INSTRUÇÕES SOBRE OPERAÇÃO, MANUTENÇÃO E SEGURANÇA PARA TRATORES VALTRA.pdf"
"BM115C","generico","E:\MANUAIS_APPMAQ\Trator Agricola\VALTRA 3\BM115C\CATALOGO DE PEÇAS DOS TRATORES VALTRA-VALMET.pdf"
"BM115C","generico","E:\MANUAIS_APPMAQ\Trator Agricola\VALTRA 3\BM115C\FOLHETO COM  INFORMAÇÕES SOBRE ECONOMIA DE COMBUSTÍVEL, CONFORTO, VERSATILIDADE E TECNOLOGIA AVANÇADA DE TODOS TRATORES VALTRA..pdf"
"BM115C","generico","E:\MANUAIS_APPMAQ\Trator Agricola\VALTRA 3\BM115C\MANUAL COM INSTRUÇÕES PARA TRATORES VALTRA.pdf"
"BM115C","generico","E:\MANUAIS_APPMAQ\Trator Agricola\VALTRA 3\BM115C\MANUAL COM INSTRUÇÕES SOBRE OPERAÇÃO, MANUTENÇÃO E SEGURANÇA PARA TRATORES VALTRA.pdf"
"BM135","generico","E:\MANUAIS_APPMAQ\Trator Agricola\VALTRA 3\BM135\CATALOGO DE PEÇAS DOS TRATORES VALTRA-VALMET.pdf"
"BM135","generico","E:\MANUAIS_APPMAQ\Trator Agricola\VALTRA 3\BM135\FOLHETO COM  INFORMAÇÕES SOBRE ECONOMIA DE COMBUSTÍVEL, CONFORTO, VERSATILIDADE E TECNOLOGIA AVANÇADA DE TODOS TRATORES VALTRA..pdf"
"BM135","generico","E:\MANUAIS_APPMAQ\Trator Agricola\VALTRA 3\BM135\MANUAL COM INSTRUÇÕES PARA TRATORES VALTRA.pdf"
"BM135","generico","E:\MANUAIS_APPMAQ\Trator Agricola\VALTRA 3\BM135\MANUAL COM INSTRUÇÕES SOBRE OPERAÇÃO, MANUTENÇÃO E SEGURANÇA PARA TRATORES VALTRA.pdf"
"BM135C","generico","E:\MANUAIS_APPMAQ\Trator Agricola\VALTRA 3\BM135C\CATALOGO DE PEÇAS DOS TRATORES VALTRA-VALMET.pdf"
"BM135C","generico","E:\MANUAIS_APPMAQ\Trator Agricola\VALTRA 3\BM135C\FOLHETO COM  INFORMAÇÕES SOBRE ECONOMIA DE COMBUSTÍVEL, CONFORTO, VERSATILIDADE E TECNOLOGIA AVANÇADA DE TODOS TRATORES VALTRA..pdf"
"BM135C","generico","E:\MANUAIS_APPMAQ\Trator Agricola\VALTRA 3\BM135C\MANUAL COM INSTRUÇÕES PARA TRATORES VALTRA.pdf"
"BM135C","generico","E:\MANUAIS_APPMAQ\Trator Agricola\VALTRA 3\BM135C\MANUAL COM INSTRUÇÕES SOBRE OPERAÇÃO, MANUTENÇÃO E SEGURANÇA PARA TRATORES VALTRA.pdf"
"BT170","generico","E:\MANUAIS_APPMAQ\Trator Agricola\VALTRA 3\BT170\CATALOGO DE PEÇAS DOS TRATORES VALTRA-VALMET.pdf"
"BT170","generico","E:\MANUAIS_APPMAQ\Trator Agricola\VALTRA 3\BT170\FOLHETO COM  INFORMAÇÕES SOBRE ECONOMIA DE COMBUSTÍVEL, CONFORTO, VERSATILIDADE E TECNOLOGIA AVANÇADA DE TODOS TRATORES VALTRA..pdf"
"BT170","generico","E:\MANUAIS_APPMAQ\Trator Agricola\VALTRA 3\BT170\MANUAL COM INSTRUÇÕES PARA TRATORES VALTRA.pdf"
"BT170","generico","E:\MANUAIS_APPMAQ\Trator Agricola\VALTRA 3\BT170\MANUAL COM INSTRUÇÕES SOBRE OPERAÇÃO, MANUTENÇÃO E SEGURANÇA PARA TRATORES VALTRA.pdf"
"BT170","especifico_reaproveitado_valtra2","E:\MANUAIS_APPMAQ\Trator Agricola\VALTRA 3\BT170\MANUAL DO OPERADOR DOS TRATORES VALTRA BT150 BT170 BT190 BT210.pdf"
"BT190","generico","E:\MANUAIS_APPMAQ\Trator Agricola\VALTRA 3\BT190\CATALOGO DE PEÇAS DOS TRATORES VALTRA-VALMET.pdf"
"BT190","generico","E:\MANUAIS_APPMAQ\Trator Agricola\VALTRA 3\BT190\FOLHETO COM  INFORMAÇÕES SOBRE ECONOMIA DE COMBUSTÍVEL, CONFORTO, VERSATILIDADE E TECNOLOGIA AVANÇADA DE TODOS TRATORES VALTRA..pdf"
"BT190","generico","E:\MANUAIS_APPMAQ\Trator Agricola\VALTRA 3\BT190\MANUAL COM INSTRUÇÕES PARA TRATORES VALTRA.pdf"
"BT190","generico","E:\MANUAIS_APPMAQ\Trator Agricola\VALTRA 3\BT190\MANUAL COM INSTRUÇÕES SOBRE OPERAÇÃO, MANUTENÇÃO E SEGURANÇA PARA TRATORES VALTRA.pdf"
"BT190","especifico_reaproveitado_valtra2","E:\MANUAIS_APPMAQ\Trator Agricola\VALTRA 3\BT190\MANUAL DO OPERADOR DOS TRATORES VALTRA BT150 BT170 BT190 BT210.pdf"
"BT210","generico","E:\MANUAIS_APPMAQ\Trator Agricola\VALTRA 3\BT210\CATALOGO DE PEÇAS DOS TRATORES VALTRA-VALMET.pdf"
"BT210","generico","E:\MANUAIS_APPMAQ\Trator Agricola\VALTRA 3\BT210\FOLHETO COM  INFORMAÇÕES SOBRE ECONOMIA DE COMBUSTÍVEL, CONFORTO, VERSATILIDADE E TECNOLOGIA AVANÇADA DE TODOS TRATORES VALTRA..pdf"
"BT210","generico","E:\MANUAIS_APPMAQ\Trator Agricola\VALTRA 3\BT210\MANUAL COM INSTRUÇÕES PARA TRATORES VALTRA.pdf"
"BT210","generico","E:\MANUAIS_APPMAQ\Trator Agricola\VALTRA 3\BT210\MANUAL COM INSTRUÇÕES SOBRE OPERAÇÃO, MANUTENÇÃO E SEGURANÇA PARA TRATORES VALTRA.pdf"
"BT210","especifico_reaproveitado_valtra2","E:\MANUAIS_APPMAQ\Trator Agricola\VALTRA 3\BT210\CATÁLOGO DE PEÇAS DO SISTEMA ELÉTRICO DO TRATOR VALTRA BT210.pdf"
"BT210","especifico_reaproveitado_valtra2","E:\MANUAIS_APPMAQ\Trator Agricola\VALTRA 3\BT210\MANUAL DO OPERADOR DOS TRATORES VALTRA BT150 BT170 BT190 BT210.pdf"
